-- MySQL dump 10.13  Distrib 5.7.23, for macos10.13 (x86_64)
--
-- Host: 127.0.0.1    Database: immap_clone
-- ------------------------------------------------------
-- Server version	5.5.5-10.4.21-MariaDB

/*!40101 SET @OLD_CHARACTER_SET_CLIENT=@@CHARACTER_SET_CLIENT */;
/*!40101 SET @OLD_CHARACTER_SET_RESULTS=@@CHARACTER_SET_RESULTS */;
/*!40101 SET @OLD_COLLATION_CONNECTION=@@COLLATION_CONNECTION */;
/*!40101 SET NAMES utf8 */;
/*!40103 SET @OLD_TIME_ZONE=@@TIME_ZONE */;
/*!40103 SET TIME_ZONE='+00:00' */;
/*!40014 SET @OLD_UNIQUE_CHECKS=@@UNIQUE_CHECKS, UNIQUE_CHECKS=0 */;
/*!40014 SET @OLD_FOREIGN_KEY_CHECKS=@@FOREIGN_KEY_CHECKS, FOREIGN_KEY_CHECKS=0 */;
/*!40101 SET @OLD_SQL_MODE=@@SQL_MODE, SQL_MODE='NO_AUTO_VALUE_ON_ZERO' */;
/*!40111 SET @OLD_SQL_NOTES=@@SQL_NOTES, SQL_NOTES=0 */;

--
-- Table structure for table `attachments`
--

DROP TABLE IF EXISTS `attachments`;
/*!40101 SET @saved_cs_client     = @@character_set_client */;
/*!40101 SET character_set_client = utf8 */;
CREATE TABLE `attachments` (
  `id` int(10) unsigned NOT NULL AUTO_INCREMENT,
  `created_at` timestamp NULL DEFAULT NULL,
  `updated_at` timestamp NULL DEFAULT NULL,
  `uploader_id` int(10) unsigned DEFAULT NULL COMMENT 'User ID',
  `external` int(11) NOT NULL DEFAULT 0,
  PRIMARY KEY (`id`),
  KEY `attachments_uploader_id_foreign` (`uploader_id`),
  CONSTRAINT `attachments_uploader_id_foreign` FOREIGN KEY (`uploader_id`) REFERENCES `users` (`id`) ON DELETE CASCADE
) ENGINE=InnoDB AUTO_INCREMENT=4431 DEFAULT CHARSET=utf8mb4 COLLATE=utf8mb4_unicode_ci;
/*!40101 SET character_set_client = @saved_cs_client */;

--
-- Dumping data for table `attachments`
--

LOCK TABLES `attachments` WRITE;
/*!40000 ALTER TABLE `attachments` DISABLE KEYS */;
INSERT INTO `attachments` VALUES (4,'2019-03-03 04:42:57','2019-03-03 04:42:57',NULL,0),(5,'2019-03-03 05:00:56','2019-03-03 05:00:56',NULL,0),(6,'2019-03-03 12:51:36','2019-03-03 12:51:36',NULL,0),(7,'2019-03-03 12:55:04','2019-03-03 12:55:04',NULL,0),(8,'2019-03-03 13:13:02','2019-03-03 13:13:02',NULL,0),(9,'2019-03-03 13:27:32','2019-03-03 13:27:32',NULL,0),(10,'2019-03-03 13:56:28','2019-03-03 13:56:28',NULL,0),(20,'2019-03-13 02:49:39','2019-03-13 02:49:39',NULL,0),(31,'2019-03-26 03:04:48','2019-03-26 03:04:48',NULL,0),(32,'2019-03-26 03:15:00','2019-03-26 03:15:00',NULL,0),(33,'2019-03-26 03:16:08','2019-03-26 03:16:08',NULL,0),(34,'2019-03-26 03:17:01','2019-03-26 03:17:01',NULL,0),(35,'2019-04-01 13:18:35','2019-04-01 13:18:35',NULL,0),(37,'2019-04-01 13:18:35','2019-04-01 13:18:35',NULL,0),(39,'2019-04-01 13:57:25','2019-04-01 13:57:25',NULL,0),(40,'2019-04-10 18:28:57','2019-04-10 18:28:57',NULL,0),(41,'2019-04-11 04:36:34','2019-04-11 04:36:34',NULL,0),(42,'2019-04-11 04:43:00','2019-04-11 04:43:00',NULL,0),(45,'2019-04-11 14:23:20','2019-04-11 14:23:20',NULL,0),(46,'2019-04-11 14:25:28','2019-04-11 14:25:28',NULL,0),(51,'2019-04-11 14:31:25','2019-04-11 14:31:25',NULL,0),(52,'2019-04-11 14:31:26','2019-04-11 14:31:26',NULL,0),(53,'2019-04-11 14:31:26','2019-04-11 14:31:26',NULL,0),(57,'2019-04-14 11:55:57','2019-04-14 11:55:57',NULL,0),(60,'2019-04-14 14:34:18','2019-04-14 14:34:18',NULL,0),(61,'2019-04-14 14:35:31','2019-04-14 14:35:31',NULL,0),(62,'2019-04-14 14:37:05','2019-04-14 14:37:05',NULL,0),(63,'2019-04-14 14:51:42','2019-04-14 14:51:42',NULL,0),(64,'2019-04-14 14:53:47','2019-04-14 14:53:47',NULL,0),(65,'2019-04-14 14:53:47','2019-04-14 14:53:47',NULL,0),(66,'2019-04-14 14:53:47','2019-04-14 14:53:47',NULL,0),(73,'2019-08-01 00:26:35','2019-08-01 00:26:35',NULL,0),(74,'2019-08-01 00:26:35','2019-08-01 00:26:35',NULL,0),(75,'2019-08-01 00:26:53','2019-08-01 00:26:53',NULL,0),(89,'2019-10-03 00:31:57','2019-10-03 00:31:57',NULL,0),(90,'2019-10-03 00:32:41','2019-10-03 00:32:41',NULL,0),(94,'2019-11-13 03:01:14','2019-11-13 03:01:14',NULL,0),(116,'2019-12-03 03:09:28','2019-12-03 03:09:28',NULL,0),(119,'2019-12-03 03:19:47','2019-12-03 03:19:47',NULL,0),(126,'2019-12-08 04:21:14','2019-12-08 04:21:14',NULL,0),(134,'2019-12-09 06:44:17','2019-12-09 06:44:17',NULL,0),(141,'2019-12-10 02:16:00','2019-12-10 02:16:00',NULL,0),(142,'2019-12-10 02:20:29','2019-12-10 02:20:29',NULL,0),(144,'2019-12-10 02:20:52','2019-12-10 02:20:52',NULL,0),(145,'2019-12-10 03:35:58','2019-12-10 03:35:58',NULL,0),(148,'2019-12-10 03:55:28','2019-12-10 03:55:28',NULL,0),(157,'2019-12-11 03:12:32','2019-12-11 03:12:32',NULL,0),(158,'2019-12-11 03:12:34','2019-12-11 03:12:34',NULL,0),(159,'2019-12-11 03:12:34','2019-12-11 03:12:34',NULL,0),(166,'2019-12-11 22:25:59','2019-12-11 22:25:59',NULL,0),(171,'2019-12-11 22:48:28','2019-12-11 22:48:28',NULL,0),(185,'2019-12-11 23:32:28','2019-12-11 23:32:28',NULL,0),(186,'2019-12-11 23:50:52','2019-12-11 23:50:52',NULL,0),(194,'2019-12-12 00:17:49','2019-12-12 00:17:49',NULL,0),(201,'2019-12-12 00:29:15','2019-12-12 00:29:15',NULL,0),(202,'2019-12-12 00:31:46','2019-12-12 00:31:46',NULL,0),(204,'2019-12-12 00:32:16','2019-12-12 00:32:16',NULL,0),(205,'2019-12-12 01:15:34','2019-12-12 01:15:34',NULL,0),(209,'2019-12-12 01:30:10','2019-12-12 01:30:10',NULL,0),(212,'2019-12-12 01:40:35','2019-12-12 01:40:35',NULL,0),(216,'2019-12-12 01:49:34','2019-12-12 01:49:34',NULL,0),(219,'2019-12-12 01:52:35','2019-12-12 01:52:35',NULL,0),(221,'2019-12-12 01:58:24','2019-12-12 01:58:24',NULL,0),(222,'2019-12-12 02:00:29','2019-12-12 02:00:29',NULL,0),(223,'2019-12-12 02:01:27','2019-12-12 02:01:27',NULL,0),(224,'2019-12-12 02:12:07','2019-12-12 02:12:07',NULL,0),(225,'2019-12-12 02:12:11','2019-12-12 02:12:11',NULL,0),(227,'2019-12-12 02:38:50','2019-12-12 02:38:50',NULL,0),(228,'2019-12-12 02:48:31','2019-12-12 02:48:31',NULL,0),(236,'2019-12-12 04:13:52','2019-12-12 04:13:52',NULL,0),(241,'2019-12-12 12:52:49','2019-12-12 12:52:49',NULL,0),(251,'2019-12-12 14:15:08','2019-12-12 14:15:08',NULL,0),(262,'2019-12-14 12:33:10','2019-12-14 12:33:10',NULL,0),(279,'2019-12-14 20:38:11','2019-12-14 20:38:11',NULL,0),(301,'2019-12-14 22:55:29','2019-12-14 22:55:29',NULL,0),(303,'2019-12-14 23:06:27','2019-12-14 23:06:27',NULL,0),(305,'2019-12-14 23:12:42','2019-12-14 23:12:42',NULL,0),(307,'2019-12-14 23:18:47','2019-12-14 23:18:47',NULL,0),(309,'2019-12-14 23:25:43','2019-12-14 23:25:43',NULL,0),(310,'2019-12-14 23:25:50','2019-12-14 23:25:50',NULL,0),(314,'2019-12-14 23:35:42','2019-12-14 23:35:42',NULL,0),(315,'2019-12-14 23:44:59','2019-12-14 23:44:59',NULL,0),(316,'2019-12-14 23:45:00','2019-12-14 23:45:00',NULL,0),(318,'2019-12-14 23:50:05','2019-12-14 23:50:05',NULL,0),(320,'2019-12-14 23:50:14','2019-12-14 23:50:14',NULL,0),(321,'2019-12-14 23:50:15','2019-12-14 23:50:15',NULL,0),(326,'2019-12-15 00:09:45','2019-12-15 00:09:45',NULL,0),(333,'2019-12-15 00:21:38','2019-12-15 00:21:38',NULL,0),(335,'2019-12-15 00:21:42','2019-12-15 00:21:42',NULL,0),(337,'2019-12-15 00:25:20','2019-12-15 00:25:20',NULL,0),(339,'2019-12-15 00:27:47','2019-12-15 00:27:47',NULL,0),(340,'2019-12-15 00:27:48','2019-12-15 00:27:48',NULL,0),(342,'2019-12-15 00:27:59','2019-12-15 00:27:59',NULL,0),(356,'2019-12-15 01:53:41','2019-12-15 01:53:41',NULL,0),(357,'2019-12-15 01:53:42','2019-12-15 01:53:42',NULL,0),(358,'2019-12-15 01:53:43','2019-12-15 01:53:43',NULL,0),(361,'2019-12-15 01:57:25','2019-12-15 01:57:25',NULL,0),(362,'2019-12-15 01:57:26','2019-12-15 01:57:26',NULL,0),(363,'2019-12-15 01:57:34','2019-12-15 01:57:34',NULL,0),(364,'2019-12-15 01:57:36','2019-12-15 01:57:36',NULL,0),(365,'2019-12-15 01:57:43','2019-12-15 01:57:43',NULL,0),(366,'2019-12-15 01:57:48','2019-12-15 01:57:48',NULL,0),(367,'2019-12-15 01:57:49','2019-12-15 01:57:49',NULL,0),(368,'2019-12-15 01:57:50','2019-12-15 01:57:50',NULL,0),(369,'2019-12-15 01:57:52','2019-12-15 01:57:52',NULL,0),(370,'2019-12-15 01:59:31','2019-12-15 01:59:31',NULL,0),(371,'2019-12-15 01:59:42','2019-12-15 01:59:42',NULL,0),(382,'2019-12-15 02:38:51','2019-12-15 02:38:51',NULL,0),(383,'2019-12-15 03:29:27','2019-12-15 03:29:27',NULL,0),(384,'2019-12-15 03:29:28','2019-12-15 03:29:28',NULL,0),(385,'2019-12-15 03:29:28','2019-12-15 03:29:28',NULL,0),(409,'2019-12-16 02:37:30','2019-12-16 02:37:30',NULL,0),(410,'2019-12-16 02:37:55','2019-12-16 02:37:55',NULL,0),(411,'2019-12-16 02:45:31','2019-12-16 02:45:31',NULL,0),(412,'2019-12-16 02:47:50','2019-12-16 02:47:50',NULL,0),(415,'2019-12-16 03:16:49','2019-12-16 03:16:49',NULL,0),(417,'2019-12-16 03:25:10','2019-12-16 03:25:10',NULL,0),(459,'2019-12-21 10:51:19','2019-12-21 10:51:19',NULL,0),(460,'2019-12-21 10:55:13','2019-12-21 10:55:13',NULL,0),(461,'2019-12-21 10:55:14','2019-12-21 10:55:14',NULL,0),(492,'2019-12-24 03:31:55','2019-12-24 03:31:55',NULL,0),(500,'2019-12-30 08:15:28','2019-12-30 08:15:28',NULL,0),(501,'2019-12-30 08:20:51','2019-12-30 08:20:51',NULL,0),(517,'2020-01-11 02:34:37','2020-01-11 02:34:37',NULL,0),(524,'2020-01-13 10:28:25','2020-01-13 10:28:25',NULL,0),(525,'2020-01-13 10:28:26','2020-01-13 10:28:26',NULL,0),(532,'2020-01-14 07:15:41','2020-01-14 07:15:41',NULL,0),(553,'2020-01-14 23:52:36','2020-01-14 23:52:36',NULL,0),(577,'2020-01-15 01:26:44','2020-01-15 01:26:44',NULL,0),(587,'2020-01-15 02:09:42','2020-01-15 02:09:42',NULL,0),(591,'2020-01-15 02:34:44','2020-01-15 02:34:44',NULL,0),(602,'2020-01-15 03:51:28','2020-01-15 03:51:28',NULL,0),(604,'2020-01-15 03:54:11','2020-01-15 03:54:11',NULL,0),(611,'2020-01-15 06:28:26','2020-01-15 06:28:26',NULL,0),(626,'2020-01-15 14:37:58','2020-01-15 14:37:58',NULL,0),(627,'2020-01-15 14:43:08','2020-01-15 14:43:08',NULL,0),(628,'2020-01-15 14:44:17','2020-01-15 14:44:17',NULL,0),(629,'2020-01-15 14:44:19','2020-01-15 14:44:19',NULL,0),(630,'2020-01-15 14:44:20','2020-01-15 14:44:20',NULL,0),(631,'2020-01-15 14:44:55','2020-01-15 14:44:55',NULL,0),(632,'2020-01-15 14:45:51','2020-01-15 14:45:51',NULL,0),(633,'2020-01-15 14:46:05','2020-01-15 14:46:05',NULL,0),(634,'2020-01-15 14:46:25','2020-01-15 14:46:25',NULL,0),(635,'2020-01-15 14:46:32','2020-01-15 14:46:32',NULL,0),(636,'2020-01-15 14:47:25','2020-01-15 14:47:25',NULL,0),(637,'2020-01-15 14:47:43','2020-01-15 14:47:43',NULL,0),(638,'2020-01-15 14:47:46','2020-01-15 14:47:46',NULL,0),(639,'2020-01-15 14:47:58','2020-01-15 14:47:58',NULL,0),(640,'2020-01-15 14:49:12','2020-01-15 14:49:12',NULL,0),(641,'2020-01-15 14:49:35','2020-01-15 14:49:35',NULL,0),(642,'2020-01-15 14:49:52','2020-01-15 14:49:52',NULL,0),(643,'2020-01-15 14:50:21','2020-01-15 14:50:21',NULL,0),(644,'2020-01-15 14:50:44','2020-01-15 14:50:44',NULL,0),(645,'2020-01-15 14:51:37','2020-01-15 14:51:37',NULL,0),(646,'2020-01-15 14:51:50','2020-01-15 14:51:50',NULL,0),(647,'2020-01-15 14:51:57','2020-01-15 14:51:57',NULL,0),(648,'2020-01-15 14:52:45','2020-01-15 14:52:45',NULL,0),(649,'2020-01-15 14:52:46','2020-01-15 14:52:46',NULL,0),(650,'2020-01-15 14:53:25','2020-01-15 14:53:25',NULL,0),(651,'2020-01-15 14:54:00','2020-01-15 14:54:00',NULL,0),(652,'2020-01-15 14:54:33','2020-01-15 14:54:33',NULL,0),(653,'2020-01-15 14:54:38','2020-01-15 14:54:38',NULL,0),(654,'2020-01-15 14:55:20','2020-01-15 14:55:20',NULL,0),(655,'2020-01-15 14:55:52','2020-01-15 14:55:52',NULL,0),(656,'2020-01-15 14:56:17','2020-01-15 14:56:17',NULL,0),(657,'2020-01-15 14:56:21','2020-01-15 14:56:21',NULL,0),(658,'2020-01-15 14:56:46','2020-01-15 14:56:46',NULL,0),(659,'2020-01-15 14:56:48','2020-01-15 14:56:48',NULL,0),(660,'2020-01-15 14:57:27','2020-01-15 14:57:27',NULL,0),(661,'2020-01-15 14:58:01','2020-01-15 14:58:01',NULL,0),(662,'2020-01-15 14:58:35','2020-01-15 14:58:35',NULL,0),(663,'2020-01-15 14:59:14','2020-01-15 14:59:14',NULL,0),(664,'2020-01-15 14:59:23','2020-01-15 14:59:23',NULL,0),(665,'2020-01-15 14:59:44','2020-01-15 14:59:44',NULL,0),(666,'2020-01-15 14:59:52','2020-01-15 14:59:52',NULL,0),(667,'2020-01-15 15:00:13','2020-01-15 15:00:13',NULL,0),(668,'2020-01-15 15:00:37','2020-01-15 15:00:37',NULL,0),(669,'2020-01-15 15:01:11','2020-01-15 15:01:11',NULL,0),(670,'2020-01-15 15:01:26','2020-01-15 15:01:26',NULL,0),(671,'2020-01-15 15:01:42','2020-01-15 15:01:42',NULL,0),(672,'2020-01-15 15:02:10','2020-01-15 15:02:10',NULL,0),(673,'2020-01-15 15:02:19','2020-01-15 15:02:19',NULL,0),(674,'2020-01-15 15:02:32','2020-01-15 15:02:32',NULL,0),(675,'2020-01-15 15:03:13','2020-01-15 15:03:13',NULL,0),(676,'2020-01-15 15:03:49','2020-01-15 15:03:49',NULL,0),(677,'2020-01-15 15:04:18','2020-01-15 15:04:18',NULL,0),(678,'2020-01-15 15:04:32','2020-01-15 15:04:32',NULL,0),(679,'2020-01-15 15:05:10','2020-01-15 15:05:10',NULL,0),(680,'2020-01-15 15:05:55','2020-01-15 15:05:55',NULL,0),(681,'2020-01-15 15:06:06','2020-01-15 15:06:06',NULL,0),(682,'2020-01-15 15:06:06','2020-01-15 15:06:06',NULL,0),(683,'2020-01-15 15:06:09','2020-01-15 15:06:09',NULL,0),(684,'2020-01-15 15:07:23','2020-01-15 15:07:23',NULL,0),(685,'2020-01-15 15:07:26','2020-01-15 15:07:26',NULL,0),(686,'2020-01-15 15:07:38','2020-01-15 15:07:38',NULL,0),(687,'2020-01-15 15:08:02','2020-01-15 15:08:02',NULL,0),(688,'2020-01-15 15:08:27','2020-01-15 15:08:27',NULL,0),(689,'2020-01-15 15:09:27','2020-01-15 15:09:27',NULL,0),(690,'2020-01-15 15:09:39','2020-01-15 15:09:39',NULL,0),(691,'2020-01-15 15:09:48','2020-01-15 15:09:48',NULL,0),(692,'2020-01-15 15:10:22','2020-01-15 15:10:22',NULL,0),(693,'2020-01-15 15:10:31','2020-01-15 15:10:31',NULL,0),(694,'2020-01-15 15:10:35','2020-01-15 15:10:35',NULL,0),(695,'2020-01-15 15:11:45','2020-01-15 15:11:45',NULL,0),(696,'2020-01-15 15:12:27','2020-01-15 15:12:27',NULL,0),(697,'2020-01-15 15:12:31','2020-01-15 15:12:31',NULL,0),(698,'2020-01-15 15:12:32','2020-01-15 15:12:32',NULL,0),(699,'2020-01-15 15:12:35','2020-01-15 15:12:35',NULL,0),(700,'2020-01-15 15:12:45','2020-01-15 15:12:45',NULL,0),(701,'2020-01-15 15:12:53','2020-01-15 15:12:53',NULL,0),(702,'2020-01-15 15:13:21','2020-01-15 15:13:21',NULL,0),(703,'2020-01-15 15:15:32','2020-01-15 15:15:32',NULL,0),(704,'2020-01-15 15:18:31','2020-01-15 15:18:31',NULL,0),(705,'2020-01-15 15:18:32','2020-01-15 15:18:32',NULL,0),(706,'2020-01-15 15:18:32','2020-01-15 15:18:32',NULL,0),(707,'2020-01-15 15:18:34','2020-01-15 15:18:34',NULL,0),(708,'2020-01-15 15:18:34','2020-01-15 15:18:34',NULL,0),(711,'2020-01-15 15:18:51','2020-01-15 15:18:51',NULL,0),(712,'2020-01-15 15:18:56','2020-01-15 15:18:56',NULL,0),(714,'2020-01-15 15:19:01','2020-01-15 15:19:01',NULL,0),(715,'2020-01-15 15:19:04','2020-01-15 15:19:04',NULL,0),(716,'2020-01-15 15:19:06','2020-01-15 15:19:06',NULL,0),(717,'2020-01-15 15:19:07','2020-01-15 15:19:07',NULL,0),(718,'2020-01-15 15:19:09','2020-01-15 15:19:09',NULL,0),(719,'2020-01-15 15:19:17','2020-01-15 15:19:17',NULL,0),(720,'2020-01-15 15:19:17','2020-01-15 15:19:17',NULL,0),(721,'2020-01-15 15:19:21','2020-01-15 15:19:21',NULL,0),(722,'2020-01-15 15:19:22','2020-01-15 15:19:22',NULL,0),(723,'2020-01-15 15:19:23','2020-01-15 15:19:23',NULL,0),(724,'2020-01-15 15:19:23','2020-01-15 15:19:23',NULL,0),(725,'2020-01-15 15:19:27','2020-01-15 15:19:27',NULL,0),(726,'2020-01-15 15:19:28','2020-01-15 15:19:28',NULL,0),(727,'2020-01-15 15:19:32','2020-01-15 15:19:32',NULL,0),(728,'2020-01-15 20:42:03','2020-01-15 20:42:03',NULL,0),(738,'2020-01-16 05:11:31','2020-01-16 05:11:31',NULL,0),(753,'2020-01-17 01:47:29','2020-01-17 01:47:29',NULL,0),(773,'2020-01-20 01:59:50','2020-01-20 01:59:50',NULL,0),(785,'2020-01-20 10:03:40','2020-01-20 10:03:40',NULL,0),(803,'2020-01-22 08:57:13','2020-01-22 08:57:13',NULL,0),(804,'2020-01-22 09:00:38','2020-01-22 09:00:38',NULL,0),(805,'2020-01-22 09:00:44','2020-01-22 09:00:44',NULL,0),(807,'2020-01-22 09:03:00','2020-01-22 09:03:00',NULL,0),(809,'2020-01-22 09:11:21','2020-01-22 09:11:21',NULL,0),(810,'2020-01-22 09:11:22','2020-01-22 09:11:22',NULL,0),(812,'2020-01-22 09:14:59','2020-01-22 09:14:59',NULL,0),(813,'2020-01-22 09:15:10','2020-01-22 09:15:10',NULL,0),(814,'2020-01-22 09:15:19','2020-01-22 09:15:19',NULL,0),(823,'2020-01-24 07:07:35','2020-01-24 07:07:35',NULL,0),(824,'2020-01-24 07:16:30','2020-01-24 07:16:30',NULL,0),(825,'2020-01-24 07:16:47','2020-01-24 07:16:47',NULL,0),(846,'2020-01-26 16:23:15','2020-01-26 16:23:15',NULL,0),(861,'2020-01-27 02:48:54','2020-01-27 02:48:54',NULL,0),(862,'2020-01-27 02:50:46','2020-01-27 02:50:46',NULL,0),(901,'2020-02-03 07:29:03','2020-02-03 07:29:03',NULL,0),(905,'2020-02-03 10:37:18','2020-02-03 10:37:18',NULL,0),(907,'2020-02-03 10:44:28','2020-02-03 10:44:28',NULL,0),(909,'2020-02-03 10:48:29','2020-02-03 10:48:29',NULL,0),(914,'2020-02-04 10:13:34','2020-02-04 10:13:34',NULL,0),(916,'2020-02-09 22:02:15','2020-02-09 22:02:15',NULL,0),(917,'2020-02-09 22:02:36','2020-02-09 22:02:36',NULL,0),(918,'2020-02-09 22:02:49','2020-02-09 22:02:49',NULL,0),(919,'2020-02-09 22:02:58','2020-02-09 22:02:58',NULL,0),(922,'2020-02-11 03:37:16','2020-02-11 03:37:16',NULL,0),(923,'2020-02-11 03:37:41','2020-02-11 03:37:41',NULL,0),(924,'2020-02-11 03:41:46','2020-02-11 03:41:46',NULL,0),(929,'2020-02-11 04:20:24','2020-02-11 04:20:24',NULL,0),(930,'2020-02-11 04:20:29','2020-02-11 04:20:29',NULL,0),(934,'2020-02-11 04:28:14','2020-02-11 04:28:14',NULL,0),(935,'2020-02-11 04:28:17','2020-02-11 04:28:17',NULL,0),(942,'2020-02-11 04:38:43','2020-02-11 04:38:43',NULL,0),(943,'2020-02-11 04:38:50','2020-02-11 04:38:50',NULL,0),(945,'2020-02-11 04:39:30','2020-02-11 04:39:30',NULL,0),(951,'2020-02-11 04:58:35','2020-02-11 04:58:35',NULL,0),(980,'2020-02-11 08:44:41','2020-02-11 08:44:41',NULL,0),(982,'2020-02-11 08:54:18','2020-02-11 08:54:18',NULL,0),(1001,'2020-02-11 09:37:43','2020-02-11 09:37:43',NULL,0),(1007,'2020-02-11 11:30:43','2020-02-11 11:30:43',NULL,0),(1010,'2020-02-11 11:33:28','2020-02-11 11:33:28',NULL,0),(1011,'2020-02-11 11:34:22','2020-02-11 11:34:22',NULL,0),(1014,'2020-02-11 11:55:49','2020-02-11 11:55:49',NULL,0),(1016,'2020-02-11 12:06:56','2020-02-11 12:06:56',NULL,0),(1017,'2020-02-11 12:07:39','2020-02-11 12:07:39',NULL,0),(1020,'2020-02-11 13:13:22','2020-02-11 13:13:22',NULL,0),(1024,'2020-02-11 14:44:18','2020-02-11 14:44:18',NULL,0),(1025,'2020-02-11 14:44:20','2020-02-11 14:44:20',NULL,0),(1027,'2020-02-11 14:47:57','2020-02-11 14:47:57',NULL,0),(1029,'2020-02-11 14:51:22','2020-02-11 14:51:22',NULL,0),(1031,'2020-02-11 14:53:43','2020-02-11 14:53:43',NULL,0),(1047,'2020-02-11 23:51:20','2020-02-11 23:51:20',NULL,0),(1048,'2020-02-11 23:51:24','2020-02-11 23:51:24',NULL,0),(1058,'2020-02-12 00:36:50','2020-02-12 00:36:50',NULL,0),(1067,'2020-02-12 01:25:33','2020-02-12 01:25:33',NULL,0),(1079,'2020-02-12 02:29:21','2020-02-12 02:29:21',NULL,0),(1083,'2020-02-12 02:35:15','2020-02-12 02:35:15',NULL,0),(1088,'2020-02-12 02:46:51','2020-02-12 02:46:51',NULL,0),(1097,'2020-02-12 02:58:06','2020-02-12 02:58:06',NULL,0),(1098,'2020-02-12 03:00:31','2020-02-12 03:00:31',NULL,0),(1100,'2020-02-12 03:02:45','2020-02-12 03:02:45',NULL,0),(1101,'2020-02-12 03:02:46','2020-02-12 03:02:46',NULL,0),(1104,'2020-02-12 03:05:32','2020-02-12 03:05:32',NULL,0),(1107,'2020-02-12 03:16:45','2020-02-12 03:16:45',NULL,0),(1108,'2020-02-12 03:17:05','2020-02-12 03:17:05',NULL,0),(1123,'2020-02-12 04:20:00','2020-02-12 04:20:00',NULL,0),(1124,'2020-02-12 04:20:54','2020-02-12 04:20:54',NULL,0),(1140,'2020-02-12 05:25:17','2020-02-12 05:25:17',NULL,0),(1147,'2020-02-12 06:03:07','2020-02-12 06:03:07',NULL,0),(1161,'2020-02-12 06:52:46','2020-02-12 06:52:46',NULL,0),(1181,'2020-02-12 08:37:27','2020-02-12 08:37:27',NULL,0),(1182,'2020-02-12 08:49:53','2020-02-12 08:49:53',NULL,0),(1183,'2020-02-12 08:49:59','2020-02-12 08:49:59',NULL,0),(1185,'2020-02-12 08:52:20','2020-02-12 08:52:20',NULL,0),(1194,'2020-02-12 09:27:44','2020-02-12 09:27:44',NULL,0),(1195,'2020-02-12 09:27:58','2020-02-12 09:27:58',NULL,0),(1201,'2020-02-12 10:24:43','2020-02-12 10:24:43',NULL,0),(1205,'2020-02-12 10:34:11','2020-02-12 10:34:11',NULL,0),(1208,'2020-02-12 10:36:03','2020-02-12 10:36:03',NULL,0),(1209,'2020-02-12 10:36:57','2020-02-12 10:36:57',NULL,0),(1211,'2020-02-12 10:39:02','2020-02-12 10:39:02',NULL,0),(1213,'2020-02-12 10:41:01','2020-02-12 10:41:01',NULL,0),(1215,'2020-02-12 10:59:21','2020-02-12 10:59:21',NULL,0),(1218,'2020-02-12 11:16:27','2020-02-12 11:16:27',NULL,0),(1219,'2020-02-12 11:16:49','2020-02-12 11:16:49',NULL,0),(1234,'2020-02-12 12:27:35','2020-02-12 12:27:35',NULL,0),(1240,'2020-02-12 12:38:15','2020-02-12 12:38:15',NULL,0),(1250,'2020-02-12 13:27:37','2020-02-12 13:27:37',NULL,0),(1255,'2020-02-12 17:53:22','2020-02-12 17:53:22',NULL,0),(1256,'2020-02-12 17:57:00','2020-02-12 17:57:00',NULL,0),(1262,'2020-02-12 21:09:09','2020-02-12 21:09:09',NULL,0),(1278,'2020-02-13 00:26:58','2020-02-13 00:26:58',NULL,0),(1279,'2020-02-13 00:27:14','2020-02-13 00:27:14',NULL,0),(1280,'2020-02-13 00:28:30','2020-02-13 00:28:30',NULL,0),(1281,'2020-02-13 00:28:32','2020-02-13 00:28:32',NULL,0),(1282,'2020-02-13 00:35:31','2020-02-13 00:35:31',NULL,0),(1294,'2020-02-13 01:56:30','2020-02-13 01:56:30',NULL,0),(1299,'2020-02-13 02:33:30','2020-02-13 02:33:30',NULL,0),(1301,'2020-02-13 03:08:56','2020-02-13 03:08:56',NULL,0),(1313,'2020-02-13 04:57:33','2020-02-13 04:57:33',NULL,0),(1315,'2020-02-13 05:05:04','2020-02-13 05:05:04',NULL,0),(1319,'2020-02-13 05:13:11','2020-02-13 05:13:11',NULL,0),(1324,'2020-02-13 05:26:44','2020-02-13 05:26:44',NULL,0),(1327,'2020-02-13 05:39:04','2020-02-13 05:39:04',NULL,0),(1328,'2020-02-13 06:09:25','2020-02-13 06:09:25',NULL,0),(1335,'2020-02-13 07:32:28','2020-02-13 07:32:28',NULL,0),(1336,'2020-02-13 07:32:28','2020-02-13 07:32:28',NULL,0),(1340,'2020-02-13 07:41:02','2020-02-13 07:41:02',NULL,0),(1342,'2020-02-13 07:42:51','2020-02-13 07:42:51',NULL,0),(1350,'2020-02-13 09:51:49','2020-02-13 09:51:49',NULL,0),(1351,'2020-02-13 09:54:58','2020-02-13 09:54:58',NULL,0),(1352,'2020-02-13 09:56:45','2020-02-13 09:56:45',NULL,0),(1353,'2020-02-13 09:57:48','2020-02-13 09:57:48',NULL,0),(1357,'2020-02-13 11:16:06','2020-02-13 11:16:06',NULL,0),(1358,'2020-02-13 11:16:45','2020-02-13 11:16:45',NULL,0),(1359,'2020-02-13 11:18:00','2020-02-13 11:18:00',NULL,0),(1360,'2020-02-13 11:18:46','2020-02-13 11:18:46',NULL,0),(1361,'2020-02-13 11:19:01','2020-02-13 11:19:01',NULL,0),(1362,'2020-02-13 11:19:18','2020-02-13 11:19:18',NULL,0),(1363,'2020-02-13 11:19:19','2020-02-13 11:19:19',NULL,0),(1364,'2020-02-13 11:21:04','2020-02-13 11:21:04',NULL,0),(1365,'2020-02-13 11:21:05','2020-02-13 11:21:05',NULL,0),(1367,'2020-02-13 11:34:18','2020-02-13 11:34:18',NULL,0),(1368,'2020-02-13 11:38:34','2020-02-13 11:38:34',NULL,0),(1369,'2020-02-13 11:46:51','2020-02-13 11:46:51',NULL,0),(1370,'2020-02-13 11:46:53','2020-02-13 11:46:53',NULL,0),(1372,'2020-02-13 11:53:56','2020-02-13 11:53:56',NULL,0),(1379,'2020-02-13 12:21:10','2020-02-13 12:21:10',NULL,0),(1382,'2020-02-13 12:26:20','2020-02-13 12:26:20',NULL,0),(1383,'2020-02-13 12:31:08','2020-02-13 12:31:08',NULL,0),(1396,'2020-02-13 18:09:09','2020-02-13 18:09:09',NULL,0),(1397,'2020-02-13 18:09:09','2020-02-13 18:09:09',NULL,0),(1400,'2020-02-13 18:19:07','2020-02-13 18:19:07',NULL,0),(1418,'2020-02-14 01:32:26','2020-02-14 01:32:26',NULL,0),(1436,'2020-02-14 02:47:00','2020-02-14 02:47:00',NULL,0),(1437,'2020-02-14 02:47:01','2020-02-14 02:47:01',NULL,0),(1442,'2020-02-14 03:49:31','2020-02-14 03:49:31',NULL,0),(1451,'2020-02-14 07:31:20','2020-02-14 07:31:20',NULL,0),(1458,'2020-02-14 13:46:51','2020-02-14 13:46:51',NULL,0),(1463,'2020-02-14 14:28:19','2020-02-14 14:28:19',NULL,0),(1467,'2020-02-14 16:07:10','2020-02-14 16:07:10',NULL,0),(1478,'2020-02-15 01:38:19','2020-02-15 01:38:19',NULL,0),(1491,'2020-02-15 03:15:34','2020-02-15 03:15:34',NULL,0),(1492,'2020-02-15 03:16:43','2020-02-15 03:16:43',NULL,0),(1493,'2020-02-15 03:23:20','2020-02-15 03:23:20',NULL,0),(1494,'2020-02-15 03:23:20','2020-02-15 03:23:20',NULL,0),(1501,'2020-02-15 05:41:49','2020-02-15 05:41:49',NULL,0),(1509,'2020-02-15 08:50:08','2020-02-15 08:50:08',NULL,0),(1512,'2020-02-15 08:55:52','2020-02-15 08:55:52',NULL,0),(1515,'2020-02-15 09:02:21','2020-02-15 09:02:21',NULL,0),(1518,'2020-02-15 11:35:20','2020-02-15 11:35:20',NULL,0),(1520,'2020-02-15 11:58:41','2020-02-15 11:58:41',NULL,0),(1543,'2020-02-16 05:44:01','2020-02-16 05:44:01',NULL,0),(1546,'2020-02-16 06:12:05','2020-02-16 06:12:05',NULL,0),(1548,'2020-02-16 06:18:10','2020-02-16 06:18:10',NULL,0),(1549,'2020-02-16 06:20:02','2020-02-16 06:20:02',NULL,0),(1550,'2020-02-16 06:22:45','2020-02-16 06:22:45',NULL,0),(1551,'2020-02-16 06:26:40','2020-02-16 06:26:40',NULL,0),(1563,'2020-02-16 13:17:59','2020-02-16 13:17:59',NULL,0),(1564,'2020-02-16 13:18:01','2020-02-16 13:18:01',NULL,0),(1565,'2020-02-16 13:22:51','2020-02-16 13:22:51',NULL,0),(1570,'2020-02-16 14:27:34','2020-02-16 14:27:34',NULL,0),(1571,'2020-02-16 15:10:38','2020-02-16 15:10:38',NULL,0),(1572,'2020-02-16 15:10:47','2020-02-16 15:10:47',NULL,0),(1573,'2020-02-16 15:10:54','2020-02-16 15:10:54',NULL,0),(1574,'2020-02-16 15:10:55','2020-02-16 15:10:55',NULL,0),(1575,'2020-02-16 15:11:05','2020-02-16 15:11:05',NULL,0),(1576,'2020-02-16 16:09:52','2020-02-16 16:09:52',NULL,0),(1577,'2020-02-16 16:19:22','2020-02-16 16:19:22',NULL,0),(1580,'2020-02-16 17:09:22','2020-02-16 17:09:22',NULL,0),(1581,'2020-02-16 17:15:12','2020-02-16 17:15:12',NULL,0),(1589,'2020-02-16 22:56:02','2020-02-16 22:56:02',NULL,0),(1592,'2020-02-16 23:08:38','2020-02-16 23:08:38',NULL,0),(1594,'2020-02-16 23:14:51','2020-02-16 23:14:51',NULL,0),(1602,'2020-02-17 00:18:01','2020-02-17 00:18:01',NULL,0),(1619,'2020-02-17 01:01:49','2020-02-17 01:01:49',NULL,0),(1621,'2020-02-17 01:04:30','2020-02-17 01:04:30',NULL,0),(1623,'2020-02-17 01:11:05','2020-02-17 01:11:05',NULL,0),(1625,'2020-02-17 01:21:04','2020-02-17 01:21:04',NULL,0),(1642,'2020-02-17 04:17:34','2020-02-17 04:17:34',NULL,0),(1643,'2020-02-17 04:25:18','2020-02-17 04:25:18',NULL,0),(1644,'2020-02-17 04:28:23','2020-02-17 04:28:23',NULL,0),(1645,'2020-02-17 04:29:05','2020-02-17 04:29:05',NULL,0),(1648,'2020-02-17 04:44:11','2020-02-17 04:44:11',NULL,0),(1649,'2020-02-17 04:44:16','2020-02-17 04:44:16',NULL,0),(1650,'2020-02-17 04:47:34','2020-02-17 04:47:34',NULL,0),(1655,'2020-02-17 06:12:47','2020-02-17 06:12:47',NULL,0),(1656,'2020-02-17 06:12:53','2020-02-17 06:12:53',NULL,0),(1666,'2020-02-17 07:00:20','2020-02-17 07:00:20',NULL,0),(1679,'2020-02-17 08:21:09','2020-02-17 08:21:09',NULL,0),(1680,'2020-02-17 08:21:21','2020-02-17 08:21:21',NULL,0),(1681,'2020-02-17 08:21:45','2020-02-17 08:21:45',NULL,0),(1682,'2020-02-17 08:21:55','2020-02-17 08:21:55',NULL,0),(1684,'2020-02-17 08:22:19','2020-02-17 08:22:19',NULL,0),(1685,'2020-02-17 08:24:33','2020-02-17 08:24:33',NULL,0),(1687,'2020-02-17 08:24:43','2020-02-17 08:24:43',NULL,0),(1688,'2020-02-17 08:24:54','2020-02-17 08:24:54',NULL,0),(1689,'2020-02-17 08:25:42','2020-02-17 08:25:42',NULL,0),(1690,'2020-02-17 08:25:45','2020-02-17 08:25:45',NULL,0),(1710,'2020-02-17 09:38:54','2020-02-17 09:38:54',NULL,0),(1711,'2020-02-17 09:41:40','2020-02-17 09:41:40',NULL,0),(1720,'2020-02-17 13:15:28','2020-02-17 13:15:28',NULL,0),(1723,'2020-02-17 14:00:27','2020-02-17 14:00:27',NULL,0),(1724,'2020-02-17 14:00:29','2020-02-17 14:00:29',NULL,0),(1727,'2020-02-17 15:13:59','2020-02-17 15:13:59',NULL,0),(1735,'2020-02-18 00:20:08','2020-02-18 00:20:08',NULL,0),(1737,'2020-02-18 00:26:30','2020-02-18 00:26:30',NULL,0),(1740,'2020-02-18 00:30:41','2020-02-18 00:30:41',NULL,0),(1745,'2020-02-18 03:12:52','2020-02-18 03:12:52',NULL,0),(1747,'2020-02-18 03:58:20','2020-02-18 03:58:20',NULL,0),(1749,'2020-02-18 04:36:51','2020-02-18 04:36:51',NULL,0),(1750,'2020-02-18 04:37:02','2020-02-18 04:37:02',NULL,0),(1751,'2020-02-18 04:37:07','2020-02-18 04:37:07',NULL,0),(1753,'2020-02-18 04:37:43','2020-02-18 04:37:43',NULL,0),(1754,'2020-02-18 04:42:24','2020-02-18 04:42:24',NULL,0),(1757,'2020-02-18 04:51:33','2020-02-18 04:51:33',NULL,0),(1758,'2020-02-18 04:51:33','2020-02-18 04:51:33',NULL,0),(1775,'2020-02-18 11:31:26','2020-02-18 11:31:26',NULL,0),(1776,'2020-02-18 11:36:52','2020-02-18 11:36:52',NULL,0),(1777,'2020-02-18 12:19:32','2020-02-18 12:19:32',NULL,0),(1778,'2020-02-18 12:19:39','2020-02-18 12:19:39',NULL,0),(1779,'2020-02-18 12:19:51','2020-02-18 12:19:51',NULL,0),(1781,'2020-02-18 12:27:08','2020-02-18 12:27:08',NULL,0),(1782,'2020-02-18 12:27:40','2020-02-18 12:27:40',NULL,0),(1783,'2020-02-18 12:32:44','2020-02-18 12:32:44',NULL,0),(1784,'2020-02-18 12:33:04','2020-02-18 12:33:04',NULL,0),(1785,'2020-02-18 12:33:11','2020-02-18 12:33:11',NULL,0),(1786,'2020-02-18 12:41:21','2020-02-18 12:41:21',NULL,0),(1792,'2020-02-18 20:08:49','2020-02-18 20:08:49',NULL,0),(1797,'2020-02-18 20:14:29','2020-02-18 20:14:29',NULL,0),(1803,'2020-02-19 00:57:50','2020-02-19 00:57:50',NULL,0),(1805,'2020-02-19 04:11:56','2020-02-19 04:11:56',NULL,0),(1806,'2020-02-19 04:14:11','2020-02-19 04:14:11',NULL,0),(1807,'2020-02-19 04:17:23','2020-02-19 04:17:23',NULL,0),(1808,'2020-02-19 04:17:33','2020-02-19 04:17:33',NULL,0),(1810,'2020-02-19 04:40:03','2020-02-19 04:40:03',NULL,0),(1812,'2020-02-19 05:13:07','2020-02-19 05:13:07',NULL,0),(1827,'2020-02-19 07:19:24','2020-02-19 07:19:24',NULL,0),(1828,'2020-02-19 07:19:31','2020-02-19 07:19:31',NULL,0),(1832,'2020-02-19 07:37:58','2020-02-19 07:37:58',NULL,0),(1833,'2020-02-19 07:42:13','2020-02-19 07:42:13',NULL,0),(1834,'2020-02-19 07:42:21','2020-02-19 07:42:21',NULL,0),(1837,'2020-02-19 07:47:18','2020-02-19 07:47:18',NULL,0),(1839,'2020-02-19 07:47:40','2020-02-19 07:47:40',NULL,0),(1842,'2020-02-19 07:53:38','2020-02-19 07:53:38',NULL,0),(1843,'2020-02-19 07:53:55','2020-02-19 07:53:55',NULL,0),(1846,'2020-02-19 08:09:36','2020-02-19 08:09:36',NULL,0),(1848,'2020-02-19 08:14:19','2020-02-19 08:14:19',NULL,0),(1864,'2020-02-19 10:07:09','2020-02-19 10:07:09',NULL,0),(1865,'2020-02-19 10:09:01','2020-02-19 10:09:01',NULL,0),(1866,'2020-02-19 10:44:47','2020-02-19 10:44:47',NULL,0),(1877,'2020-02-19 13:51:15','2020-02-19 13:51:15',NULL,0),(1890,'2020-02-19 23:59:07','2020-02-19 23:59:07',NULL,0),(1892,'2020-02-20 00:03:17','2020-02-20 00:03:17',NULL,0),(1893,'2020-02-20 00:04:14','2020-02-20 00:04:14',NULL,0),(1894,'2020-02-20 00:04:20','2020-02-20 00:04:20',NULL,0),(1895,'2020-02-20 00:06:11','2020-02-20 00:06:11',NULL,0),(1896,'2020-02-20 00:13:12','2020-02-20 00:13:12',NULL,0),(1897,'2020-02-20 00:14:40','2020-02-20 00:14:40',NULL,0),(1898,'2020-02-20 00:15:48','2020-02-20 00:15:48',NULL,0),(1899,'2020-02-20 00:22:51','2020-02-20 00:22:51',NULL,0),(1904,'2020-02-20 01:30:58','2020-02-20 01:30:58',NULL,0),(1905,'2020-02-20 01:34:57','2020-02-20 01:34:57',NULL,0),(1906,'2020-02-20 01:35:05','2020-02-20 01:35:05',NULL,0),(1912,'2020-02-20 02:52:40','2020-02-20 02:52:40',NULL,0),(1913,'2020-02-20 03:34:36','2020-02-20 03:34:36',NULL,0),(1922,'2020-02-20 04:43:53','2020-02-20 04:43:53',NULL,0),(1923,'2020-02-20 04:43:55','2020-02-20 04:43:55',NULL,0),(1942,'2020-02-20 05:29:14','2020-02-20 05:29:14',NULL,0),(1946,'2020-02-20 06:21:08','2020-02-20 06:21:08',NULL,0),(1949,'2020-02-20 06:43:59','2020-02-20 06:43:59',NULL,0),(1952,'2020-02-20 06:51:07','2020-02-20 06:51:07',NULL,0),(1964,'2020-02-20 08:45:10','2020-02-20 08:45:10',NULL,0),(1968,'2020-02-20 10:53:03','2020-02-20 10:53:03',NULL,0),(1970,'2020-02-20 11:01:48','2020-02-20 11:01:48',NULL,0),(1971,'2020-02-20 11:04:23','2020-02-20 11:04:23',NULL,0),(1974,'2020-02-20 12:43:49','2020-02-20 12:43:49',NULL,0),(1976,'2020-02-20 12:45:08','2020-02-20 12:45:08',NULL,0),(1978,'2020-02-20 14:03:45','2020-02-20 14:03:45',NULL,0),(1980,'2020-02-20 14:03:51','2020-02-20 14:03:51',NULL,0),(1986,'2020-02-21 01:34:18','2020-02-21 01:34:18',NULL,0),(1993,'2020-02-21 02:18:36','2020-02-21 02:18:36',NULL,0),(1994,'2020-02-21 02:21:22','2020-02-21 02:21:22',NULL,0),(1995,'2020-02-21 02:24:48','2020-02-21 02:24:48',NULL,0),(1996,'2020-02-21 02:26:36','2020-02-21 02:26:36',NULL,0),(1997,'2020-02-21 03:18:56','2020-02-21 03:18:56',NULL,0),(1998,'2020-02-21 03:20:54','2020-02-21 03:20:54',NULL,0),(1999,'2020-02-21 03:27:28','2020-02-21 03:27:28',NULL,0),(2000,'2020-02-21 03:29:41','2020-02-21 03:29:41',NULL,0),(2001,'2020-02-21 03:32:36','2020-02-21 03:32:36',NULL,0),(2002,'2020-02-21 03:34:17','2020-02-21 03:34:17',NULL,0),(2003,'2020-02-21 03:34:54','2020-02-21 03:34:54',NULL,0),(2020,'2020-02-21 07:20:30','2020-02-21 07:20:30',NULL,0),(2022,'2020-02-21 07:21:29','2020-02-21 07:21:29',NULL,0),(2023,'2020-02-21 07:33:51','2020-02-21 07:33:51',NULL,0),(2024,'2020-02-21 07:35:24','2020-02-21 07:35:24',NULL,0),(2025,'2020-02-21 07:42:33','2020-02-21 07:42:33',NULL,0),(2026,'2020-02-21 07:43:42','2020-02-21 07:43:42',NULL,0),(2027,'2020-02-21 07:45:19','2020-02-21 07:45:19',NULL,0),(2028,'2020-02-21 07:46:33','2020-02-21 07:46:33',NULL,0),(2030,'2020-02-21 08:19:34','2020-02-21 08:19:34',NULL,0),(2032,'2020-02-21 08:20:13','2020-02-21 08:20:13',NULL,0),(2033,'2020-02-21 08:20:14','2020-02-21 08:20:14',NULL,0),(2067,'2020-02-22 05:02:40','2020-02-22 05:02:40',NULL,0),(2075,'2020-02-22 06:36:40','2020-02-22 06:36:40',NULL,0),(2077,'2020-02-22 11:29:53','2020-02-22 11:29:53',NULL,0),(2081,'2020-02-22 14:13:13','2020-02-22 14:13:13',NULL,0),(2090,'2020-02-22 23:20:13','2020-02-22 23:20:13',NULL,0),(2091,'2020-02-22 23:20:14','2020-02-22 23:20:14',NULL,0),(2093,'2020-02-22 23:20:22','2020-02-22 23:20:22',NULL,0),(2103,'2020-02-23 15:18:04','2020-02-23 15:18:04',NULL,0),(2109,'2020-02-23 16:55:14','2020-02-23 16:55:14',NULL,0),(2110,'2020-02-23 16:55:39','2020-02-23 16:55:39',NULL,0),(2120,'2020-02-24 02:23:30','2020-02-24 02:23:30',NULL,0),(2136,'2020-02-24 11:00:03','2020-02-24 11:00:03',NULL,0),(2139,'2020-02-24 22:06:45','2020-02-24 22:06:45',NULL,0),(2141,'2020-02-24 22:31:49','2020-02-24 22:31:49',NULL,0),(2145,'2020-02-24 22:36:00','2020-02-24 22:36:00',NULL,0),(2154,'2020-02-25 03:01:44','2020-02-25 03:01:44',NULL,0),(2183,'2020-02-25 08:45:50','2020-02-25 08:45:50',NULL,0),(2184,'2020-02-25 08:46:03','2020-02-25 08:46:03',NULL,0),(2186,'2020-02-25 08:46:05','2020-02-25 08:46:05',NULL,0),(2196,'2020-02-25 09:34:53','2020-02-25 09:34:53',NULL,0),(2197,'2020-02-25 09:34:55','2020-02-25 09:34:55',NULL,0),(2198,'2020-02-25 09:34:58','2020-02-25 09:34:58',NULL,0),(2200,'2020-02-25 09:35:35','2020-02-25 09:35:35',NULL,0),(2206,'2020-02-25 13:24:51','2020-02-25 13:24:51',NULL,0),(2211,'2020-02-25 15:41:06','2020-02-25 15:41:06',NULL,0),(2239,'2020-02-26 03:27:38','2020-02-26 03:27:38',NULL,0),(2242,'2020-02-26 04:59:00','2020-02-26 04:59:00',NULL,0),(2243,'2020-02-26 04:59:09','2020-02-26 04:59:09',NULL,0),(2259,'2020-02-26 15:22:58','2020-02-26 15:22:58',NULL,0),(2260,'2020-02-26 15:22:58','2020-02-26 15:22:58',NULL,0),(2262,'2020-02-26 15:31:31','2020-02-26 15:31:31',NULL,0),(2264,'2020-02-26 15:35:21','2020-02-26 15:35:21',NULL,0),(2275,'2020-02-26 19:53:21','2020-02-26 19:53:21',NULL,0),(2276,'2020-02-26 22:29:22','2020-02-26 22:29:22',NULL,0),(2283,'2020-02-27 02:16:32','2020-02-27 02:16:32',NULL,0),(2285,'2020-02-27 02:20:17','2020-02-27 02:20:17',NULL,0),(2286,'2020-02-27 02:20:20','2020-02-27 02:20:20',NULL,0),(2287,'2020-02-27 02:20:21','2020-02-27 02:20:21',NULL,0),(2294,'2020-02-27 02:46:12','2020-02-27 02:46:12',NULL,0),(2296,'2020-02-27 02:46:48','2020-02-27 02:46:48',NULL,0),(2297,'2020-02-27 02:47:33','2020-02-27 02:47:33',NULL,0),(2338,'2020-02-27 06:42:47','2020-02-27 06:42:47',NULL,0),(2350,'2020-02-27 07:08:56','2020-02-27 07:08:56',NULL,0),(2361,'2020-02-27 07:54:22','2020-02-27 07:54:22',NULL,0),(2363,'2020-02-27 07:54:45','2020-02-27 07:54:45',NULL,0),(2382,'2020-02-28 01:24:35','2020-02-28 01:24:35',NULL,0),(2383,'2020-02-28 01:24:37','2020-02-28 01:24:37',NULL,0),(2389,'2020-02-28 03:36:41','2020-02-28 03:36:41',NULL,0),(2394,'2020-02-28 07:49:11','2020-02-28 07:49:11',NULL,0),(2406,'2020-02-28 16:19:41','2020-02-28 16:19:41',NULL,0),(2407,'2020-02-28 16:19:51','2020-02-28 16:19:51',NULL,0),(2408,'2020-02-28 16:19:54','2020-02-28 16:19:54',NULL,0),(2418,'2020-02-29 01:28:24','2020-02-29 01:28:24',NULL,0),(2419,'2020-02-29 02:44:01','2020-02-29 02:44:01',NULL,0),(2420,'2020-02-29 02:44:09','2020-02-29 02:44:09',NULL,0),(2426,'2020-02-29 03:21:03','2020-02-29 03:21:03',NULL,0),(2428,'2020-02-29 03:23:54','2020-02-29 03:23:54',NULL,0),(2430,'2020-02-29 03:35:36','2020-02-29 03:35:36',NULL,0),(2431,'2020-02-29 03:36:48','2020-02-29 03:36:48',NULL,0),(2435,'2020-02-29 05:40:11','2020-02-29 05:40:11',NULL,0),(2437,'2020-02-29 05:42:02','2020-02-29 05:42:02',NULL,0),(2438,'2020-02-29 05:42:03','2020-02-29 05:42:03',NULL,0),(2439,'2020-02-29 05:42:07','2020-02-29 05:42:07',NULL,0),(2440,'2020-02-29 05:46:54','2020-02-29 05:46:54',NULL,0),(2442,'2020-02-29 06:41:44','2020-02-29 06:41:44',NULL,0),(2451,'2020-02-29 10:53:31','2020-02-29 10:53:31',NULL,0),(2463,'2020-02-29 18:19:18','2020-02-29 18:19:18',NULL,0),(2488,'2020-03-01 13:25:34','2020-03-01 13:25:34',NULL,0),(2489,'2020-03-01 13:26:22','2020-03-01 13:26:22',NULL,0),(2490,'2020-03-01 13:26:50','2020-03-01 13:26:50',NULL,0),(2491,'2020-03-01 13:27:00','2020-03-01 13:27:00',NULL,0),(2493,'2020-03-01 13:32:23','2020-03-01 13:32:23',NULL,0),(2494,'2020-03-01 13:34:39','2020-03-01 13:34:39',NULL,0),(2503,'2020-03-01 22:15:32','2020-03-01 22:15:32',NULL,0),(2504,'2020-03-01 22:20:03','2020-03-01 22:20:03',NULL,0),(2508,'2020-03-01 23:29:29','2020-03-01 23:29:29',NULL,0),(2509,'2020-03-01 23:37:43','2020-03-01 23:37:43',NULL,0),(2511,'2020-03-01 23:46:35','2020-03-01 23:46:35',NULL,0),(2512,'2020-03-01 23:47:58','2020-03-01 23:47:58',NULL,0),(2514,'2020-03-02 01:25:11','2020-03-02 01:25:11',NULL,0),(2515,'2020-03-02 01:25:12','2020-03-02 01:25:12',NULL,0),(2519,'2020-03-02 01:49:05','2020-03-02 01:49:05',NULL,0),(2520,'2020-03-02 01:49:45','2020-03-02 01:49:45',NULL,0),(2526,'2020-03-02 03:31:52','2020-03-02 03:31:52',NULL,0),(2529,'2020-03-02 05:59:33','2020-03-02 05:59:33',NULL,0),(2535,'2020-03-02 06:22:47','2020-03-02 06:22:47',NULL,0),(2544,'2020-03-02 08:37:06','2020-03-02 08:37:06',NULL,0),(2545,'2020-03-02 08:39:21','2020-03-02 08:39:21',NULL,0),(2559,'2020-03-02 13:12:59','2020-03-02 13:12:59',NULL,0),(2579,'2020-03-03 01:42:43','2020-03-03 01:42:43',NULL,0),(2593,'2020-03-03 04:31:48','2020-03-03 04:31:48',NULL,0),(2596,'2020-03-03 04:35:33','2020-03-03 04:35:33',NULL,0),(2601,'2020-03-03 04:42:11','2020-03-03 04:42:11',NULL,0),(2609,'2020-03-03 04:48:55','2020-03-03 04:48:55',NULL,0),(2614,'2020-03-03 04:54:12','2020-03-03 04:54:12',NULL,0),(2615,'2020-03-03 04:54:15','2020-03-03 04:54:15',NULL,0),(2616,'2020-03-03 04:54:26','2020-03-03 04:54:26',NULL,0),(2617,'2020-03-03 04:55:07','2020-03-03 04:55:07',NULL,0),(2618,'2020-03-03 04:55:39','2020-03-03 04:55:39',NULL,0),(2619,'2020-03-03 04:55:40','2020-03-03 04:55:40',NULL,0),(2622,'2020-03-03 04:58:52','2020-03-03 04:58:52',NULL,0),(2624,'2020-03-03 05:01:12','2020-03-03 05:01:12',NULL,0),(2636,'2020-03-03 05:25:27','2020-03-03 05:25:27',NULL,0),(2645,'2020-03-03 05:56:59','2020-03-03 05:56:59',NULL,0),(2651,'2020-03-03 06:12:25','2020-03-03 06:12:25',NULL,0),(2652,'2020-03-03 06:12:37','2020-03-03 06:12:37',NULL,0),(2653,'2020-03-03 06:14:13','2020-03-03 06:14:13',NULL,0),(2654,'2020-03-03 06:14:15','2020-03-03 06:14:15',NULL,0),(2655,'2020-03-03 06:14:57','2020-03-03 06:14:57',NULL,0),(2656,'2020-03-03 06:14:58','2020-03-03 06:14:58',NULL,0),(2657,'2020-03-03 06:15:49','2020-03-03 06:15:49',NULL,0),(2658,'2020-03-03 06:15:55','2020-03-03 06:15:55',NULL,0),(2659,'2020-03-03 06:17:05','2020-03-03 06:17:05',NULL,0),(2660,'2020-03-03 06:17:53','2020-03-03 06:17:53',NULL,0),(2661,'2020-03-03 06:18:23','2020-03-03 06:18:23',NULL,0),(2664,'2020-03-03 06:18:35','2020-03-03 06:18:35',NULL,0),(2666,'2020-03-03 06:18:50','2020-03-03 06:18:50',NULL,0),(2667,'2020-03-03 06:18:50','2020-03-03 06:18:50',NULL,0),(2670,'2020-03-03 06:23:04','2020-03-03 06:23:04',NULL,0),(2671,'2020-03-03 06:25:30','2020-03-03 06:25:30',NULL,0),(2677,'2020-03-03 06:44:09','2020-03-03 06:44:09',NULL,0),(2678,'2020-03-03 06:44:29','2020-03-03 06:44:29',NULL,0),(2679,'2020-03-03 06:44:32','2020-03-03 06:44:32',NULL,0),(2680,'2020-03-03 06:44:38','2020-03-03 06:44:38',NULL,0),(2681,'2020-03-03 06:44:51','2020-03-03 06:44:51',NULL,0),(2688,'2020-03-03 06:55:55','2020-03-03 06:55:55',NULL,0),(2696,'2020-03-03 08:13:54','2020-03-03 08:13:54',NULL,0),(2698,'2020-03-03 08:15:07','2020-03-03 08:15:07',NULL,0),(2699,'2020-03-03 08:15:32','2020-03-03 08:15:32',NULL,0),(2700,'2020-03-03 08:16:16','2020-03-03 08:16:16',NULL,0),(2701,'2020-03-03 08:16:18','2020-03-03 08:16:18',NULL,0),(2702,'2020-03-03 08:16:25','2020-03-03 08:16:25',NULL,0),(2703,'2020-03-03 08:16:48','2020-03-03 08:16:48',NULL,0),(2704,'2020-03-03 08:17:27','2020-03-03 08:17:27',NULL,0),(2705,'2020-03-03 08:17:56','2020-03-03 08:17:56',NULL,0),(2706,'2020-03-03 08:17:59','2020-03-03 08:17:59',NULL,0),(2707,'2020-03-03 08:18:02','2020-03-03 08:18:02',NULL,0),(2711,'2020-03-03 08:28:36','2020-03-03 08:28:36',NULL,0),(2713,'2020-03-03 08:29:57','2020-03-03 08:29:57',NULL,0),(2723,'2020-03-03 08:52:40','2020-03-03 08:52:40',NULL,0),(2724,'2020-03-03 08:52:59','2020-03-03 08:52:59',NULL,0),(2729,'2020-03-03 08:57:54','2020-03-03 08:57:54',NULL,0),(2733,'2020-03-03 10:48:32','2020-03-03 10:48:32',NULL,0),(2734,'2020-03-03 10:50:29','2020-03-03 10:50:29',NULL,0),(2735,'2020-03-03 10:50:29','2020-03-03 10:50:29',NULL,0),(2738,'2020-03-03 12:28:22','2020-03-03 12:28:22',NULL,0),(2739,'2020-03-03 13:36:51','2020-03-03 13:36:51',NULL,0),(2741,'2020-03-03 13:37:11','2020-03-03 13:37:11',NULL,0),(2755,'2020-03-03 14:31:46','2020-03-03 14:31:46',NULL,0),(2773,'2020-03-04 04:09:52','2020-03-04 04:09:52',NULL,0),(2774,'2020-03-04 04:13:36','2020-03-04 04:13:36',NULL,0),(2775,'2020-03-04 04:17:05','2020-03-04 04:17:05',NULL,0),(2779,'2020-03-04 04:55:45','2020-03-04 04:55:45',NULL,0),(2787,'2020-03-04 07:42:23','2020-03-04 07:42:23',NULL,0),(2800,'2020-03-04 09:31:39','2020-03-04 09:31:39',NULL,0),(2801,'2020-03-04 09:31:43','2020-03-04 09:31:43',NULL,0),(2802,'2020-03-04 09:31:56','2020-03-04 09:31:56',NULL,0),(2804,'2020-03-04 09:37:46','2020-03-04 09:37:46',NULL,0),(2810,'2020-03-04 09:57:48','2020-03-04 09:57:48',NULL,0),(2812,'2020-03-04 10:04:17','2020-03-04 10:04:17',NULL,0),(2842,'2020-03-05 04:53:36','2020-03-05 04:53:36',NULL,0),(2856,'2020-03-05 09:33:27','2020-03-05 09:33:27',NULL,0),(2869,'2020-03-05 14:58:58','2020-03-05 14:58:58',NULL,0),(2870,'2020-03-05 15:02:41','2020-03-05 15:02:41',NULL,0),(2871,'2020-03-05 15:05:07','2020-03-05 15:05:07',NULL,0),(2872,'2020-03-05 15:06:58','2020-03-05 15:06:58',NULL,0),(2874,'2020-03-05 20:03:29','2020-03-05 20:03:29',NULL,0),(2882,'2020-03-06 15:43:34','2020-03-06 15:43:34',NULL,0),(2883,'2020-03-06 15:43:47','2020-03-06 15:43:47',NULL,0),(2884,'2020-03-06 15:44:04','2020-03-06 15:44:04',NULL,0),(2885,'2020-03-06 15:44:14','2020-03-06 15:44:14',NULL,0),(2889,'2020-03-07 00:34:41','2020-03-07 00:34:41',NULL,0),(2901,'2020-03-07 04:30:21','2020-03-07 04:30:21',NULL,0),(2909,'2020-03-07 11:41:38','2020-03-07 11:41:38',NULL,0),(2911,'2020-03-07 11:43:55','2020-03-07 11:43:55',NULL,0),(2913,'2020-03-07 16:12:20','2020-03-07 16:12:20',NULL,0),(2924,'2020-03-08 08:01:29','2020-03-08 08:01:29',NULL,0),(2936,'2020-03-08 14:13:27','2020-03-08 14:13:27',NULL,0),(2939,'2020-03-08 14:23:11','2020-03-08 14:23:11',NULL,0),(2945,'2020-03-09 02:23:23','2020-03-09 02:23:23',NULL,0),(2946,'2020-03-09 02:23:46','2020-03-09 02:23:46',NULL,0),(2958,'2020-03-09 10:47:38','2020-03-09 10:47:38',NULL,0),(2959,'2020-03-09 10:47:39','2020-03-09 10:47:39',NULL,0),(2960,'2020-03-09 10:47:41','2020-03-09 10:47:41',NULL,0),(2961,'2020-03-09 10:47:42','2020-03-09 10:47:42',NULL,0),(2962,'2020-03-09 10:47:43','2020-03-09 10:47:43',NULL,0),(2963,'2020-03-09 10:47:43','2020-03-09 10:47:43',NULL,0),(2964,'2020-03-09 10:47:44','2020-03-09 10:47:44',NULL,0),(2965,'2020-03-09 10:47:45','2020-03-09 10:47:45',NULL,0),(2968,'2020-03-09 11:00:14','2020-03-09 11:00:14',NULL,0),(2970,'2020-03-09 11:07:05','2020-03-09 11:07:05',NULL,0),(2971,'2020-03-09 11:12:11','2020-03-09 11:12:11',NULL,0),(2983,'2020-03-09 14:54:03','2020-03-09 14:54:03',NULL,0),(2997,'2020-03-10 01:14:23','2020-03-10 01:14:23',NULL,0),(2999,'2020-03-10 01:18:40','2020-03-10 01:18:40',NULL,0),(3000,'2020-03-10 01:18:44','2020-03-10 01:18:44',NULL,0),(3003,'2020-03-10 02:13:24','2020-03-10 02:13:24',NULL,0),(3011,'2020-03-10 03:00:33','2020-03-10 03:00:33',NULL,0),(3013,'2020-03-10 03:00:47','2020-03-10 03:00:47',NULL,0),(3015,'2020-03-10 03:00:48','2020-03-10 03:00:48',NULL,0),(3020,'2020-03-10 03:00:53','2020-03-10 03:00:53',NULL,0),(3023,'2020-03-10 03:01:14','2020-03-10 03:01:14',NULL,0),(3033,'2020-03-10 05:08:55','2020-03-10 05:08:55',NULL,0),(3036,'2020-03-10 05:16:47','2020-03-10 05:16:47',NULL,0),(3059,'2020-03-10 14:50:27','2020-03-10 14:50:27',NULL,0),(3060,'2020-03-10 14:50:28','2020-03-10 14:50:28',NULL,0),(3061,'2020-03-10 14:50:29','2020-03-10 14:50:29',NULL,0),(3063,'2020-03-10 15:11:20','2020-03-10 15:11:20',NULL,0),(3064,'2020-03-10 15:11:21','2020-03-10 15:11:21',NULL,0),(3072,'2020-03-10 16:05:27','2020-03-10 16:05:27',NULL,0),(3079,'2020-03-10 16:53:01','2020-03-10 16:53:01',NULL,0),(3081,'2020-03-10 19:48:23','2020-03-10 19:48:23',NULL,0),(3083,'2020-03-10 20:14:23','2020-03-10 20:14:23',NULL,0),(3092,'2020-03-11 01:30:18','2020-03-11 01:30:18',NULL,0),(3094,'2020-03-11 01:41:04','2020-03-11 01:41:04',NULL,0),(3095,'2020-03-11 01:44:53','2020-03-11 01:44:53',NULL,0),(3096,'2020-03-11 01:58:40','2020-03-11 01:58:40',NULL,0),(3100,'2020-03-11 02:57:40','2020-03-11 02:57:40',NULL,0),(3110,'2020-03-11 03:06:41','2020-03-11 03:06:41',NULL,0),(3111,'2020-03-11 03:06:48','2020-03-11 03:06:48',NULL,0),(3136,'2020-03-11 09:38:54','2020-03-11 09:38:54',NULL,0),(3138,'2020-03-11 09:39:03','2020-03-11 09:39:03',NULL,0),(3146,'2020-03-11 12:46:15','2020-03-11 12:46:15',NULL,0),(3154,'2020-03-11 15:59:20','2020-03-11 15:59:20',NULL,0),(3159,'2020-03-12 03:42:31','2020-03-12 03:42:31',NULL,0),(3166,'2020-03-12 05:10:43','2020-03-12 05:10:43',NULL,0),(3185,'2020-03-13 00:21:13','2020-03-13 00:21:13',NULL,0),(3187,'2020-03-13 00:22:54','2020-03-13 00:22:54',NULL,0),(3191,'2020-03-13 01:33:43','2020-03-13 01:33:43',NULL,0),(3206,'2020-03-13 11:14:11','2020-03-13 11:14:11',NULL,0),(3208,'2020-03-13 17:41:48','2020-03-13 17:41:48',NULL,0),(3209,'2020-03-13 17:42:10','2020-03-13 17:42:10',NULL,0),(3216,'2020-03-14 09:58:28','2020-03-14 09:58:28',NULL,0),(3219,'2020-03-14 10:03:31','2020-03-14 10:03:31',NULL,0),(3220,'2020-03-14 10:05:06','2020-03-14 10:05:06',NULL,0),(3221,'2020-03-14 10:05:09','2020-03-14 10:05:09',NULL,0),(3223,'2020-03-14 10:09:48','2020-03-14 10:09:48',NULL,0),(3224,'2020-03-14 10:09:48','2020-03-14 10:09:48',NULL,0),(3226,'2020-03-14 10:12:48','2020-03-14 10:12:48',NULL,0),(3228,'2020-03-14 10:12:57','2020-03-14 10:12:57',NULL,0),(3233,'2020-03-14 10:16:31','2020-03-14 10:16:31',NULL,0),(3234,'2020-03-14 10:16:34','2020-03-14 10:16:34',NULL,0),(3235,'2020-03-14 10:18:55','2020-03-14 10:18:55',NULL,0),(3236,'2020-03-14 10:18:57','2020-03-14 10:18:57',NULL,0),(3238,'2020-03-14 10:19:05','2020-03-14 10:19:05',NULL,0),(3239,'2020-03-14 10:19:10','2020-03-14 10:19:10',NULL,0),(3240,'2020-03-14 10:19:14','2020-03-14 10:19:14',NULL,0),(3241,'2020-03-14 10:20:42','2020-03-14 10:20:42',NULL,0),(3260,'2020-03-16 02:38:57','2020-03-16 02:38:57',NULL,0),(3267,'2020-03-16 04:42:32','2020-03-16 04:42:32',NULL,0),(3270,'2020-03-16 04:51:49','2020-03-16 04:51:49',NULL,0),(3273,'2020-03-16 05:45:58','2020-03-16 05:45:58',NULL,0),(3275,'2020-03-16 05:46:26','2020-03-16 05:46:26',NULL,0),(3276,'2020-03-16 05:46:36','2020-03-16 05:46:36',NULL,0),(3281,'2020-03-16 14:48:55','2020-03-16 14:48:55',NULL,0),(3288,'2020-03-17 04:23:56','2020-03-17 04:23:56',NULL,0),(3289,'2020-03-17 04:25:53','2020-03-17 04:25:53',NULL,0),(3299,'2020-03-17 16:47:15','2020-03-17 16:47:15',NULL,0),(3300,'2020-03-17 16:49:42','2020-03-17 16:49:42',NULL,0),(3303,'2020-03-18 03:46:20','2020-03-18 03:46:20',NULL,0),(3318,'2020-03-18 12:20:41','2020-03-18 12:20:41',NULL,0),(3322,'2020-03-20 06:56:49','2020-03-20 06:56:49',NULL,0),(3332,'2020-03-22 05:42:28','2020-03-22 05:42:28',NULL,0),(3333,'2020-03-22 05:42:46','2020-03-22 05:42:46',NULL,0),(3334,'2020-03-22 05:43:20','2020-03-22 05:43:20',NULL,0),(3357,'2020-03-25 08:00:26','2020-03-25 08:00:26',NULL,0),(3358,'2020-03-25 08:01:40','2020-03-25 08:01:40',NULL,0),(3359,'2020-03-25 08:04:37','2020-03-25 08:04:37',NULL,0),(3362,'2020-03-25 08:10:46','2020-03-25 08:10:46',NULL,0),(3370,'2020-03-25 09:27:23','2020-03-25 09:27:23',NULL,0),(3375,'2020-03-25 10:36:06','2020-03-25 10:36:06',NULL,0),(3376,'2020-03-25 10:36:17','2020-03-25 10:36:17',NULL,0),(3377,'2020-03-25 10:36:29','2020-03-25 10:36:29',NULL,0),(3392,'2020-03-26 05:16:05','2020-03-26 05:16:05',NULL,0),(3414,'2020-03-26 11:10:39','2020-03-26 11:10:39',NULL,0),(3415,'2020-03-26 11:11:56','2020-03-26 11:11:56',NULL,0),(3416,'2020-03-26 11:11:59','2020-03-26 11:11:59',NULL,0),(3439,'2020-03-26 13:39:55','2020-03-26 13:39:55',NULL,0),(3440,'2020-03-26 13:42:21','2020-03-26 13:42:21',NULL,0),(3444,'2020-03-26 16:15:01','2020-03-26 16:15:01',NULL,0),(3465,'2020-03-27 11:54:18','2020-03-27 11:54:18',NULL,0),(3498,'2020-03-29 05:01:13','2020-03-29 05:01:13',NULL,0),(3499,'2020-03-29 05:02:21','2020-03-29 05:02:21',NULL,0),(3500,'2020-03-29 05:29:37','2020-03-29 05:29:37',NULL,0),(3519,'2020-03-30 07:37:15','2020-03-30 07:37:15',NULL,0),(3539,'2020-03-31 04:55:24','2020-03-31 04:55:24',NULL,0),(3540,'2020-03-31 04:56:17','2020-03-31 04:56:17',NULL,0),(3542,'2020-03-31 05:20:39','2020-03-31 05:20:39',NULL,0),(3552,'2020-03-31 06:20:34','2020-03-31 06:20:34',NULL,0),(3553,'2020-03-31 06:21:50','2020-03-31 06:21:50',NULL,0),(3560,'2020-03-31 07:36:37','2020-03-31 07:36:37',NULL,0),(3583,'2020-03-31 11:47:58','2020-03-31 11:47:58',NULL,0),(3585,'2020-03-31 12:09:20','2020-03-31 12:09:20',NULL,0),(3586,'2020-03-31 12:14:20','2020-03-31 12:14:20',NULL,0),(3587,'2020-03-31 12:17:53','2020-03-31 12:17:53',NULL,0),(3588,'2020-03-31 12:22:04','2020-03-31 12:22:04',NULL,0),(3597,'2020-04-01 00:26:41','2020-04-01 00:26:41',NULL,0),(3598,'2020-04-01 00:29:18','2020-04-01 00:29:18',NULL,0),(3626,'2020-04-02 01:35:32','2020-04-02 01:35:32',NULL,0),(3643,'2020-04-02 06:19:29','2020-04-02 06:19:29',NULL,0),(3694,'2020-04-02 08:58:42','2020-04-02 08:58:42',NULL,0),(3695,'2020-04-02 08:59:21','2020-04-02 08:59:21',NULL,0),(3697,'2020-04-02 09:01:06','2020-04-02 09:01:06',NULL,0),(3698,'2020-04-02 09:04:33','2020-04-02 09:04:33',NULL,0),(3699,'2020-04-02 09:06:35','2020-04-02 09:06:35',NULL,0),(3701,'2020-04-02 09:09:40','2020-04-02 09:09:40',NULL,0),(3702,'2020-04-02 09:19:22','2020-04-02 09:19:22',NULL,0),(3704,'2020-04-02 09:24:38','2020-04-02 09:24:38',NULL,0),(3708,'2020-04-02 09:56:48','2020-04-02 09:56:48',NULL,0),(3709,'2020-04-02 09:59:32','2020-04-02 09:59:32',NULL,0),(3710,'2020-04-02 10:04:16','2020-04-02 10:04:16',NULL,0),(3711,'2020-04-02 10:17:24','2020-04-02 10:17:24',NULL,0),(3712,'2020-04-02 10:19:35','2020-04-02 10:19:35',NULL,0),(3713,'2020-04-02 10:40:30','2020-04-02 10:40:30',NULL,0),(3714,'2020-04-02 10:45:41','2020-04-02 10:45:41',NULL,0),(3715,'2020-04-02 10:47:54','2020-04-02 10:47:54',NULL,0),(3716,'2020-04-02 10:49:48','2020-04-02 10:49:48',NULL,0),(3717,'2020-04-02 10:57:49','2020-04-02 10:57:49',NULL,0),(3732,'2020-04-02 14:46:18','2020-04-02 14:46:18',NULL,0),(3733,'2020-04-02 14:49:19','2020-04-02 14:49:19',NULL,0),(3737,'2020-04-02 18:25:44','2020-04-02 18:25:44',NULL,0),(3739,'2020-04-02 20:33:54','2020-04-02 20:33:54',NULL,0),(3743,'2020-04-02 21:44:18','2020-04-02 21:44:18',NULL,0),(3749,'2020-04-03 01:45:27','2020-04-03 01:45:27',NULL,0),(3751,'2020-04-03 01:54:09','2020-04-03 01:54:09',NULL,0),(3765,'2020-04-03 03:40:21','2020-04-03 03:40:21',NULL,0),(3792,'2020-04-03 08:18:43','2020-04-03 08:18:43',NULL,0),(3799,'2020-04-03 08:33:24','2020-04-03 08:33:24',NULL,0),(3800,'2020-04-03 08:33:57','2020-04-03 08:33:57',NULL,0),(3816,'2020-04-04 00:58:26','2020-04-04 00:58:26',NULL,0),(3827,'2020-04-04 08:14:20','2020-04-04 08:14:20',NULL,0),(3873,'2020-04-05 16:50:51','2020-04-05 16:50:51',NULL,0),(3884,'2020-04-06 03:52:25','2020-04-06 03:52:25',NULL,0),(3885,'2020-04-06 03:53:19','2020-04-06 03:53:19',NULL,0),(3887,'2020-04-06 04:10:48','2020-04-06 04:10:48',NULL,0),(3918,'2020-04-06 11:45:38','2020-04-06 11:45:38',NULL,0),(3920,'2020-04-06 12:14:48','2020-04-06 12:14:48',NULL,0),(3921,'2020-04-06 12:19:44','2020-04-06 12:19:44',NULL,0),(3930,'2020-04-06 14:30:21','2020-04-06 14:30:21',NULL,0),(3935,'2020-04-07 01:44:52','2020-04-07 01:44:52',NULL,0),(3964,'2020-04-07 06:29:59','2020-04-07 06:29:59',NULL,0),(3965,'2020-04-07 06:34:23','2020-04-07 06:34:23',NULL,0),(3966,'2020-04-07 06:35:56','2020-04-07 06:35:56',NULL,0),(3978,'2020-04-07 11:18:31','2020-04-07 11:18:31',NULL,0),(3980,'2020-04-07 11:23:37','2020-04-07 11:23:37',NULL,0),(3992,'2020-04-07 17:08:00','2020-04-07 17:08:00',NULL,0),(4010,'2020-04-08 06:28:37','2020-04-08 06:28:37',NULL,0),(4033,'2020-04-09 04:41:36','2020-04-09 04:41:36',NULL,0),(4044,'2020-04-09 08:14:02','2020-04-09 08:14:02',NULL,0),(4045,'2020-04-09 08:14:30','2020-04-09 08:14:30',NULL,0),(4046,'2020-04-09 08:15:16','2020-04-09 08:15:16',NULL,0),(4054,'2020-04-09 11:02:49','2020-04-09 11:02:49',NULL,0),(4056,'2020-04-09 11:08:11','2020-04-09 11:08:11',NULL,0),(4078,'2020-04-10 01:28:08','2020-04-10 01:28:08',NULL,0),(4128,'2020-04-13 10:40:41','2020-04-13 10:40:41',NULL,0),(4138,'2020-04-14 06:03:20','2020-04-14 06:03:20',NULL,0),(4154,'2020-04-14 11:18:06','2020-04-14 11:18:06',NULL,0),(4160,'2020-04-14 14:00:14','2020-04-14 14:00:14',NULL,0),(4161,'2020-04-14 14:01:07','2020-04-14 14:01:07',NULL,0),(4162,'2020-04-14 14:03:06','2020-04-14 14:03:06',NULL,0),(4163,'2020-04-14 14:04:13','2020-04-14 14:04:13',NULL,0),(4164,'2020-04-14 14:05:17','2020-04-14 14:05:17',NULL,0),(4170,'2020-04-14 19:23:39','2020-04-14 19:23:39',NULL,0),(4171,'2020-04-14 19:23:47','2020-04-14 19:23:47',NULL,0),(4172,'2020-04-14 19:24:21','2020-04-14 19:24:21',NULL,0),(4173,'2020-04-14 19:24:46','2020-04-14 19:24:46',NULL,0),(4174,'2020-04-14 19:24:48','2020-04-14 19:24:48',NULL,0),(4175,'2020-04-14 19:25:03','2020-04-14 19:25:03',NULL,0),(4176,'2020-04-14 19:26:38','2020-04-14 19:26:38',NULL,0),(4194,'2020-04-15 02:43:24','2020-04-15 02:43:24',NULL,0),(4196,'2020-04-15 02:43:36','2020-04-15 02:43:36',NULL,0),(4197,'2020-04-15 02:43:37','2020-04-15 02:43:37',NULL,0),(4257,'2020-04-15 10:05:25','2020-04-15 10:05:25',NULL,0),(4259,'2020-04-15 10:07:41','2020-04-15 10:07:41',NULL,0),(4260,'2020-04-15 10:09:11','2020-04-15 10:09:11',NULL,0),(4263,'2020-04-15 11:25:16','2020-04-15 11:25:16',NULL,0),(4264,'2020-04-15 11:26:34','2020-04-15 11:26:34',NULL,0),(4278,'2020-04-15 23:09:28','2020-04-15 23:09:28',NULL,0),(4282,'2020-04-16 00:28:53','2020-04-16 00:28:53',NULL,0),(4305,'2020-04-16 08:53:45','2020-04-16 08:53:45',NULL,0),(4306,'2020-04-16 08:56:51','2020-04-16 08:56:51',NULL,0),(4313,'2020-04-16 13:38:55','2020-04-16 13:38:55',NULL,0),(4321,'2020-04-21 02:44:54','2020-04-21 02:44:54',NULL,0),(4323,'2020-04-21 23:56:41','2020-04-21 23:56:41',NULL,0),(4330,'2020-04-28 01:14:21','2020-04-28 01:14:21',NULL,0),(4331,'2020-04-28 01:14:37','2020-04-28 01:14:37',NULL,0),(4333,'2020-04-29 06:53:49','2020-04-29 06:53:49',NULL,0),(4334,'2020-04-29 06:54:13','2020-04-29 06:54:13',NULL,0),(4335,'2020-04-29 06:54:23','2020-04-29 06:54:23',NULL,0),(4337,'2020-04-29 20:58:22','2020-04-29 20:58:22',NULL,0),(4338,'2020-04-29 21:17:29','2020-04-29 21:17:29',NULL,0),(4339,'2020-04-30 01:06:16','2020-04-30 01:06:16',NULL,0),(4340,'2020-04-30 07:34:53','2020-04-30 07:34:53',NULL,0),(4341,'2020-04-30 07:35:07','2020-04-30 07:35:07',NULL,0),(4342,'2020-04-30 07:45:46','2020-04-30 07:45:46',NULL,0),(4343,'2020-04-30 07:47:04','2020-04-30 07:47:04',NULL,0),(4344,'2020-04-30 07:47:43','2020-04-30 07:47:43',NULL,0),(4345,'2020-04-30 07:47:43','2020-04-30 07:47:43',NULL,0),(4346,'2020-04-30 07:47:43','2020-04-30 07:47:43',NULL,0),(4347,'2020-04-30 07:47:44','2020-04-30 07:47:44',NULL,0),(4348,'2020-04-30 07:55:22','2020-04-30 07:55:22',NULL,0),(4349,'2020-04-30 07:55:23','2020-04-30 07:55:23',NULL,0),(4350,'2020-04-30 20:03:04','2020-04-30 20:03:04',NULL,0),(4351,'2020-04-30 21:11:27','2020-04-30 21:11:27',NULL,0),(4352,'2020-04-30 21:11:27','2020-04-30 21:11:27',NULL,0),(4353,'2020-04-30 21:13:21','2020-04-30 21:13:21',NULL,0),(4354,'2020-04-30 21:14:29','2020-04-30 21:14:29',NULL,0),(4355,'2020-04-30 21:14:44','2020-04-30 21:14:44',NULL,0),(4356,'2020-05-04 07:23:47','2020-05-04 07:23:47',NULL,0),(4357,'2020-05-04 07:23:47','2020-05-04 07:23:47',NULL,0),(4358,'2020-05-04 07:23:47','2020-05-04 07:23:47',NULL,0),(4359,'2020-05-04 07:23:47','2020-05-04 07:23:47',NULL,0),(4360,'2020-05-06 00:37:51','2020-05-06 00:37:51',NULL,0),(4361,'2020-05-06 00:38:19','2020-05-06 00:38:19',NULL,0),(4362,'2020-05-06 23:28:33','2020-05-06 23:28:33',NULL,0),(4363,'2020-05-07 21:34:33','2020-05-07 21:34:33',NULL,0),(4364,'2020-05-12 21:15:31','2020-05-12 21:15:31',NULL,0),(4365,'2020-05-18 21:46:49','2020-05-18 21:46:49',NULL,0),(4367,'2020-06-17 20:52:42','2020-06-17 20:52:42',NULL,0),(4368,'2020-06-24 02:57:06','2020-06-24 02:57:06',NULL,0),(4369,'2020-06-24 05:54:26','2020-06-24 05:54:26',NULL,0),(4371,'2020-07-08 05:24:50','2020-07-08 05:24:50',NULL,0),(4372,'2020-07-19 22:33:29','2020-07-19 22:33:29',NULL,0),(4373,'2020-07-23 00:21:14','2020-07-23 00:21:14',NULL,0),(4374,'2020-07-23 00:28:53','2020-07-23 00:28:53',NULL,0),(4375,'2020-07-23 01:33:33','2020-07-23 01:33:33',NULL,0),(4376,'2020-07-23 01:39:07','2020-07-23 01:39:07',NULL,0),(4377,'2020-07-23 01:39:57','2020-07-23 01:39:57',NULL,0),(4378,'2020-07-23 01:48:39','2020-07-23 01:48:39',NULL,0),(4379,'2020-07-23 01:48:41','2020-07-23 01:48:41',NULL,0),(4380,'2020-07-23 03:07:03','2020-07-23 03:07:03',NULL,0),(4381,'2020-07-28 21:30:09','2020-07-28 21:30:09',NULL,0),(4382,'2022-07-11 05:10:45','2022-07-11 05:10:45',2073,0),(4383,'2022-08-17 02:24:30','2022-08-17 02:24:30',2075,0),(4384,'2022-09-12 03:25:57','2022-09-12 03:25:57',NULL,0),(4385,'2022-09-12 03:34:47','2022-09-12 03:34:47',NULL,0),(4386,'2022-09-12 03:47:35','2022-09-12 03:47:35',NULL,0),(4387,'2022-09-12 03:50:48','2022-09-12 03:50:48',NULL,0),(4388,'2022-09-12 03:51:50','2022-09-12 03:51:50',NULL,0),(4389,'2022-09-12 06:08:27','2022-09-12 06:08:27',NULL,0),(4390,'2022-09-13 01:40:50','2022-09-13 01:40:50',NULL,0),(4391,'2022-09-13 06:07:50','2022-09-13 06:07:50',NULL,0),(4392,'2022-09-13 06:08:41','2022-09-13 06:08:41',NULL,0),(4393,'2022-09-13 18:04:36','2022-09-13 18:04:36',NULL,1),(4394,'2022-09-20 06:16:14','2022-09-20 06:16:14',NULL,1),(4395,'2022-09-20 07:21:10','2022-09-20 07:21:10',NULL,1),(4396,'2022-09-30 03:16:44','2022-09-30 03:16:44',NULL,1),(4397,'2022-10-04 06:19:01','2022-10-04 06:19:01',NULL,1),(4398,'2022-10-04 09:26:58','2022-10-04 09:26:58',NULL,1),(4399,'2022-10-04 09:28:38','2022-10-04 09:28:38',NULL,1),(4400,'2022-10-17 03:29:09','2022-10-17 03:29:09',NULL,1),(4401,'2022-10-17 03:30:18','2022-10-17 03:30:18',NULL,1),(4402,'2022-10-20 01:46:01','2022-10-20 01:46:01',NULL,1),(4403,'2022-10-20 01:47:07','2022-10-20 01:47:07',NULL,1),(4404,'2022-10-20 01:48:04','2022-10-20 01:48:04',NULL,1),(4405,'2022-10-20 01:50:49','2022-10-20 01:50:49',NULL,1),(4406,'2022-10-20 01:53:34','2022-10-20 01:53:34',NULL,1),(4407,'2022-10-20 04:10:56','2022-10-20 04:10:56',NULL,1),(4408,'2022-10-20 04:14:58','2022-10-20 04:14:58',NULL,1),(4409,'2022-10-20 04:17:38','2022-10-20 04:17:38',NULL,1),(4410,'2022-10-20 04:18:10','2022-10-20 04:18:10',NULL,1),(4411,'2022-10-20 04:18:34','2022-10-20 04:18:34',NULL,1),(4412,'2022-10-20 04:20:49','2022-10-20 04:20:49',NULL,1),(4413,'2022-10-20 04:22:08','2022-10-20 04:22:08',NULL,1),(4414,'2022-10-20 04:22:57','2022-10-20 04:22:57',NULL,1),(4415,'2022-10-20 04:29:15','2022-10-20 04:29:15',NULL,1),(4416,'2022-10-25 03:30:45','2022-10-25 03:30:45',NULL,1),(4417,'2022-10-25 03:32:01','2022-10-25 03:32:01',NULL,1),(4418,'2022-10-25 03:34:28','2022-10-25 03:34:28',NULL,1),(4419,'2022-10-25 03:35:15','2022-10-25 03:35:15',NULL,1),(4420,'2022-10-25 03:36:01','2022-10-25 03:36:01',NULL,1),(4421,'2022-10-25 04:15:11','2022-10-25 04:15:11',NULL,1),(4422,'2022-10-25 04:26:16','2022-10-25 04:26:16',NULL,1),(4423,'2022-10-25 04:29:03','2022-10-25 04:29:03',NULL,1),(4424,'2022-10-26 05:31:39','2022-10-26 05:31:39',NULL,1),(4425,'2022-10-26 05:33:37','2022-10-26 05:33:37',NULL,1),(4426,'2022-10-26 05:40:12','2022-10-26 05:40:12',NULL,1),(4427,'2022-10-26 05:52:31','2022-10-26 05:52:31',NULL,1),(4428,'2022-10-26 06:03:12','2022-10-26 06:03:12',NULL,1),(4429,'2022-10-26 06:05:03','2022-10-26 06:05:03',NULL,1),(4430,'2022-10-26 06:06:01','2022-10-26 06:06:01',NULL,1);
/*!40000 ALTER TABLE `attachments` ENABLE KEYS */;
UNLOCK TABLES;

--
-- Table structure for table `bank_information`
--

DROP TABLE IF EXISTS `bank_information`;
/*!40101 SET @saved_cs_client     = @@character_set_client */;
/*!40101 SET character_set_client = utf8 */;
CREATE TABLE `bank_information` (
  `id` bigint(20) unsigned NOT NULL AUTO_INCREMENT,
  `contact_id` bigint(20) unsigned NOT NULL,
  `if_account_in_us` longtext CHARACTER SET utf8mb4 COLLATE utf8mb4_bin DEFAULT NULL CHECK (json_valid(`if_account_in_us`)),
  `if_account_overseas` longtext CHARACTER SET utf8mb4 COLLATE utf8mb4_bin DEFAULT NULL CHECK (json_valid(`if_account_overseas`)),
  `if_foreign_currency_overseas` longtext CHARACTER SET utf8mb4 COLLATE utf8mb4_bin DEFAULT NULL CHECK (json_valid(`if_foreign_currency_overseas`)),
  `created_at` timestamp NULL DEFAULT NULL,
  `updated_at` timestamp NULL DEFAULT NULL,
  PRIMARY KEY (`id`),
  KEY `bank_information_contact_id_foreign` (`contact_id`),
  CONSTRAINT `bank_information_contact_id_foreign` FOREIGN KEY (`contact_id`) REFERENCES `contact_information` (`id`) ON DELETE CASCADE
) ENGINE=InnoDB DEFAULT CHARSET=utf8mb4 COLLATE=utf8mb4_unicode_ci;
/*!40101 SET character_set_client = @saved_cs_client */;

--
-- Dumping data for table `bank_information`
--

LOCK TABLES `bank_information` WRITE;
/*!40000 ALTER TABLE `bank_information` DISABLE KEYS */;
/*!40000 ALTER TABLE `bank_information` ENABLE KEYS */;
UNLOCK TABLES;

--
-- Table structure for table `category_question_reference`
--

DROP TABLE IF EXISTS `category_question_reference`;
/*!40101 SET @saved_cs_client     = @@character_set_client */;
/*!40101 SET character_set_client = utf8 */;
CREATE TABLE `category_question_reference` (
  `id` bigint(20) unsigned NOT NULL AUTO_INCREMENT,
  `name` varchar(100) COLLATE utf8mb4_unicode_ci NOT NULL,
  `is_default` tinyint(1) NOT NULL DEFAULT 0,
  `created_at` timestamp NULL DEFAULT NULL,
  `updated_at` timestamp NULL DEFAULT NULL,
  `title` varchar(100) COLLATE utf8mb4_unicode_ci DEFAULT NULL,
  PRIMARY KEY (`id`)
) ENGINE=InnoDB AUTO_INCREMENT=2 DEFAULT CHARSET=utf8mb4 COLLATE=utf8mb4_unicode_ci;
/*!40101 SET character_set_client = @saved_cs_client */;

--
-- Dumping data for table `category_question_reference`
--

LOCK TABLES `category_question_reference` WRITE;
/*!40000 ALTER TABLE `category_question_reference` DISABLE KEYS */;
INSERT INTO `category_question_reference` VALUES (1,'Reference Check v1',0,'2019-11-27 01:41:00','2019-11-27 01:41:00',NULL);
/*!40000 ALTER TABLE `category_question_reference` ENABLE KEYS */;
UNLOCK TABLES;

--
-- Table structure for table `contact_information`
--

DROP TABLE IF EXISTS `contact_information`;
/*!40101 SET @saved_cs_client     = @@character_set_client */;
/*!40101 SET character_set_client = utf8 */;
CREATE TABLE `contact_information` (
  `id` bigint(20) unsigned NOT NULL AUTO_INCREMENT,
  `first_name` varchar(255) COLLATE utf8mb4_unicode_ci NOT NULL,
  `last_name` varchar(255) COLLATE utf8mb4_unicode_ci DEFAULT NULL,
  `middle_initial` varchar(255) COLLATE utf8mb4_unicode_ci DEFAULT NULL,
  `mailing_address` varchar(255) COLLATE utf8mb4_unicode_ci NOT NULL,
  `phone` varchar(20) COLLATE utf8mb4_unicode_ci DEFAULT NULL,
  `mobile` varchar(20) COLLATE utf8mb4_unicode_ci NOT NULL,
  `fax` varchar(20) COLLATE utf8mb4_unicode_ci DEFAULT NULL,
  `other` varchar(255) COLLATE utf8mb4_unicode_ci DEFAULT NULL,
  `passport` varchar(255) COLLATE utf8mb4_unicode_ci DEFAULT NULL,
  `passport_expiration_date` date DEFAULT NULL,
  `issuing_location` varchar(255) COLLATE utf8mb4_unicode_ci DEFAULT NULL,
  `email` varchar(50) COLLATE utf8mb4_unicode_ci NOT NULL,
  `emergency_contact_information` longtext CHARACTER SET utf8mb4 COLLATE utf8mb4_bin DEFAULT NULL CHECK (json_valid(`emergency_contact_information`)),
  `beneficiary_contact_information` longtext CHARACTER SET utf8mb4 COLLATE utf8mb4_bin DEFAULT NULL CHECK (json_valid(`beneficiary_contact_information`)),
  `created_at` timestamp NULL DEFAULT NULL,
  `updated_at` timestamp NULL DEFAULT NULL,
  PRIMARY KEY (`id`)
) ENGINE=InnoDB DEFAULT CHARSET=utf8mb4 COLLATE=utf8mb4_unicode_ci;
/*!40101 SET character_set_client = @saved_cs_client */;

--
-- Dumping data for table `contact_information`
--

LOCK TABLES `contact_information` WRITE;
/*!40000 ALTER TABLE `contact_information` DISABLE KEYS */;
/*!40000 ALTER TABLE `contact_information` ENABLE KEYS */;
UNLOCK TABLES;

--
-- Table structure for table `contracts`
--

DROP TABLE IF EXISTS `contracts`;
/*!40101 SET @saved_cs_client     = @@character_set_client */;
/*!40101 SET character_set_client = utf8 */;
CREATE TABLE `contracts` (
  `id` bigint(20) unsigned NOT NULL AUTO_INCREMENT,
  `id_name` int(10) unsigned DEFAULT NULL,
  `date_start` date NOT NULL,
  `date_end` date NOT NULL,
  `date_ttd` date NOT NULL,
  `contract` text COLLATE utf8mb4_unicode_ci NOT NULL,
  `created_at` timestamp NULL DEFAULT NULL,
  `updated_at` timestamp NULL DEFAULT NULL,
  `name_of_ceo` varchar(70) COLLATE utf8mb4_unicode_ci NOT NULL,
  `position_of_ceo` varchar(70) COLLATE utf8mb4_unicode_ci NOT NULL,
  `signature` varchar(255) COLLATE utf8mb4_unicode_ci DEFAULT NULL,
  `position` varchar(100) COLLATE utf8mb4_unicode_ci NOT NULL,
  `title` varchar(150) COLLATE utf8mb4_unicode_ci NOT NULL,
  PRIMARY KEY (`id`)
) ENGINE=InnoDB AUTO_INCREMENT=4 DEFAULT CHARSET=utf8mb4 COLLATE=utf8mb4_unicode_ci;
/*!40101 SET character_set_client = @saved_cs_client */;

--
-- Dumping data for table `contracts`
--

LOCK TABLES `contracts` WRITE;
/*!40000 ALTER TABLE `contracts` DISABLE KEYS */;
INSERT INTO `contracts` VALUES (1,4,'2019-10-04','2020-04-04','2020-04-04','<p>Template of contract</p>','2019-10-04 00:30:22','2019-10-04 00:30:22','William Barron','Chief Executive Officer',NULL,'Full Stack Developer','iMMAP Website Developer'),(2,3,'2019-11-12','2020-05-12','2020-01-01','<p>Template of contract</p>','2019-11-11 20:36:45','2019-11-11 20:36:45','William Barron','Chief Executive Officer',NULL,'Full Stack Developer','iMMAP Website Developer'),(3,3,'2020-02-10','2020-08-10','2020-08-10','<p>Template of contract</p>','2020-02-09 22:08:29','2020-02-09 22:08:29','William Barron','Chief Executive Officer',NULL,'Full Stack Developer','iMMAP Website Developer');
/*!40000 ALTER TABLE `contracts` ENABLE KEYS */;
UNLOCK TABLES;

--
-- Table structure for table `countries`
--

DROP TABLE IF EXISTS `countries`;
/*!40101 SET @saved_cs_client     = @@character_set_client */;
/*!40101 SET character_set_client = utf8 */;
CREATE TABLE `countries` (
  `id` int(10) unsigned NOT NULL AUTO_INCREMENT,
  `name` varchar(255) COLLATE utf8mb4_unicode_ci NOT NULL,
  `slug` varchar(255) COLLATE utf8mb4_unicode_ci NOT NULL,
  `country_code` varchar(255) COLLATE utf8mb4_unicode_ci NOT NULL,
  `nationality` varchar(255) COLLATE utf8mb4_unicode_ci NOT NULL,
  `created_at` timestamp NULL DEFAULT NULL,
  `updated_at` timestamp NULL DEFAULT NULL,
  `phone_code` varchar(7) COLLATE utf8mb4_unicode_ci DEFAULT NULL,
  `flag` text COLLATE utf8mb4_unicode_ci DEFAULT NULL,
  `seen_in_p11` tinyint(1) NOT NULL DEFAULT 1,
  `seen_in_security_module` tinyint(1) NOT NULL DEFAULT 1,
  `is_high_risk` tinyint(1) NOT NULL DEFAULT 0,
  `vehicle_filled_by_immaper` varchar(255) COLLATE utf8mb4_unicode_ci NOT NULL DEFAULT 'yes' COMMENT 'Vehicle Details on Domestic Road Travel will be filled by iMMAPer (value: yes / no)',
  PRIMARY KEY (`id`),
  UNIQUE KEY `countries_slug_unique` (`slug`)
) ENGINE=InnoDB AUTO_INCREMENT=232 DEFAULT CHARSET=utf8mb4 COLLATE=utf8mb4_unicode_ci;
/*!40101 SET character_set_client = @saved_cs_client */;

--
-- Dumping data for table `countries`
--

LOCK TABLES `countries` WRITE;
/*!40000 ALTER TABLE `countries` DISABLE KEYS */;
INSERT INTO `countries` VALUES (1,'Indonesia','indonesia','id','Indonesian','2018-12-27 06:21:59','2019-03-14 17:33:40','+62','https://cdnjs.cloudflare.com/ajax/libs/flag-icon-css/3.2.1/flags/4x3/id.svg',1,1,0,'yes'),(2,'Malaysia','malaysia','my','Malaysian','2019-01-27 18:05:18','2019-09-30 02:31:37','+60','https://cdnjs.cloudflare.com/ajax/libs/flag-icon-css/3.2.1/flags/4x3/my.svg',1,1,0,'yes'),(4,'Afghanistan','afghanistan','af','Afghan','2019-01-27 18:06:12','2019-09-30 02:32:03','+93','https://cdnjs.cloudflare.com/ajax/libs/flag-icon-css/3.2.1/flags/4x3/af.svg',1,1,0,'yes'),(5,'Albania','albania','al','Albanian','2019-01-27 20:04:35','2019-09-30 02:32:22','+355','https://cdnjs.cloudflare.com/ajax/libs/flag-icon-css/3.2.1/flags/4x3/al.svg',1,1,0,'yes'),(6,'Algeria','algeria','dz','Algerian','2019-01-27 20:05:08','2019-09-30 02:40:51','+213','https://cdnjs.cloudflare.com/ajax/libs/flag-icon-css/3.2.1/flags/4x3/dz.svg',1,1,0,'yes'),(7,'Argentina','argentina','ar','Argentinian','2019-01-27 20:06:18','2019-09-30 03:03:53','+54','https://cdnjs.cloudflare.com/ajax/libs/flag-icon-css/3.2.1/flags/4x3/ar.svg',1,1,0,'yes'),(8,'Australia','australia','au','Australian','2019-01-27 20:06:45','2019-09-30 03:04:22','+61','https://cdnjs.cloudflare.com/ajax/libs/flag-icon-css/3.2.1/flags/4x3/au.svg',1,1,0,'yes'),(9,'Austria','austria','at','Austrian','2019-01-27 20:07:31','2019-09-30 03:21:38','+43','https://cdnjs.cloudflare.com/ajax/libs/flag-icon-css/3.2.1/flags/4x3/at.svg',1,1,0,'yes'),(10,'Bangladesh','bangladesh','bd','Bangladeshi','2019-01-27 20:08:24','2019-09-30 03:23:48','+880','https://cdnjs.cloudflare.com/ajax/libs/flag-icon-css/3.2.1/flags/4x3/bd.svg',1,1,0,'yes'),(11,'Belgium','belgium','be','Belgian','2019-01-27 20:09:01','2019-09-30 03:24:14','+32','https://cdnjs.cloudflare.com/ajax/libs/flag-icon-css/3.2.1/flags/4x3/be.svg',1,1,0,'yes'),(12,'Bolivia','bolivia','bo','Bolivian','2019-01-27 20:09:32','2019-09-30 03:24:31','+591','https://cdnjs.cloudflare.com/ajax/libs/flag-icon-css/3.2.1/flags/4x3/bo.svg',1,1,0,'yes'),(13,'Bostwana','bostwana','bw','Bostwanan','2019-01-27 20:10:10','2019-09-30 03:24:45','+267','https://cdnjs.cloudflare.com/ajax/libs/flag-icon-css/3.2.1/flags/4x3/bw.svg',1,1,0,'yes'),(14,'Brazil','brazil','br','Brazilian','2019-01-27 20:10:57','2019-09-30 03:24:59','+55','https://cdnjs.cloudflare.com/ajax/libs/flag-icon-css/3.2.1/flags/4x3/br.svg',1,1,0,'yes'),(15,'Bulgaria','bulgaria','bg','Bulgarian','2019-01-27 20:11:24','2019-09-30 03:25:33','+359','https://cdnjs.cloudflare.com/ajax/libs/flag-icon-css/3.2.1/flags/4x3/bg.svg',1,1,0,'yes'),(16,'Cambodia','cambodia','kh','Cambodian','2019-01-27 20:12:00','2019-09-30 03:25:48','+855','https://cdnjs.cloudflare.com/ajax/libs/flag-icon-css/3.2.1/flags/4x3/kh.svg',1,1,0,'yes'),(17,'Cameroon','cameroon','cm','Cameroonian','2019-01-27 20:12:28','2019-09-30 03:26:03','+237','https://cdnjs.cloudflare.com/ajax/libs/flag-icon-css/3.2.1/flags/4x3/cm.svg',1,1,0,'yes'),(18,'Canada','canada','ca','Canadian','2019-01-27 20:13:10','2019-09-30 03:26:21','+1','https://cdnjs.cloudflare.com/ajax/libs/flag-icon-css/3.2.1/flags/4x3/ca.svg',1,1,0,'yes'),(19,'Chile','chile','cl','Chilean','2019-01-27 20:13:37','2019-09-30 03:26:38','+56','https://cdnjs.cloudflare.com/ajax/libs/flag-icon-css/3.2.1/flags/4x3/cl.svg',1,1,0,'yes'),(20,'China','china','cn','Chinese','2019-01-27 20:14:14','2019-09-30 03:26:51','+86','https://cdnjs.cloudflare.com/ajax/libs/flag-icon-css/3.2.1/flags/4x3/cn.svg',1,1,0,'yes'),(21,'Colombia','colombia','co','Colombian','2019-01-27 20:14:35','2019-09-30 03:27:05','+57','https://cdnjs.cloudflare.com/ajax/libs/flag-icon-css/3.2.1/flags/4x3/co.svg',1,1,0,'yes'),(22,'Costa Rica','costa-rica','cr','Costa Rican','2019-01-27 20:15:04','2019-09-30 03:27:18','+506','https://cdnjs.cloudflare.com/ajax/libs/flag-icon-css/3.2.1/flags/4x3/cr.svg',1,1,0,'yes'),(23,'Croatia','croatia','hr','Croatian','2019-01-27 20:15:27','2019-09-30 03:27:32','+385','https://cdnjs.cloudflare.com/ajax/libs/flag-icon-css/3.2.1/flags/4x3/hr.svg',1,1,0,'yes'),(24,'Cuba','cuba','cu','Cuban','2019-01-27 20:15:45','2019-09-30 03:27:51','+53','https://cdnjs.cloudflare.com/ajax/libs/flag-icon-css/3.2.1/flags/4x3/cu.svg',1,1,0,'yes'),(25,'Czech Republic','czech-republic','cz','Czech','2019-01-27 20:16:21','2019-09-30 03:23:36','+420','https://cdnjs.cloudflare.com/ajax/libs/flag-icon-css/3.2.1/flags/4x3/cz.svg',1,1,0,'yes'),(26,'Denmark','denmark','dk','Danish','2019-01-27 20:16:44','2019-09-30 03:23:17','+45','https://cdnjs.cloudflare.com/ajax/libs/flag-icon-css/3.2.1/flags/4x3/dk.svg',1,1,0,'yes'),(27,'Dominica','dominica','dm','Dominican','2019-01-27 20:17:22','2019-09-30 03:23:00','+1767','https://cdnjs.cloudflare.com/ajax/libs/flag-icon-css/3.2.1/flags/4x3/dm.svg',1,1,0,'yes'),(28,'Ecuador','ecuador','ec','Ecuadorian','2019-01-27 20:18:10','2019-09-30 03:22:42','+593','https://cdnjs.cloudflare.com/ajax/libs/flag-icon-css/3.2.1/flags/4x3/ec.svg',1,1,0,'yes'),(29,'Egypt','egypt','eg','Egyptian','2019-01-27 20:18:39','2019-09-30 03:22:25','+20','https://cdnjs.cloudflare.com/ajax/libs/flag-icon-css/3.2.1/flags/4x3/eg.svg',1,1,0,'yes'),(30,'El Salvador','el-salvador','sv','Salvadorian','2019-01-27 20:19:17','2019-09-30 03:22:03','+503','https://cdnjs.cloudflare.com/ajax/libs/flag-icon-css/3.2.1/flags/4x3/sv.svg',1,1,0,'yes'),(31,'United Kingdom','united-kingdom','gb','British','2019-01-27 20:20:12','2019-09-30 03:20:57','+44','https://cdnjs.cloudflare.com/ajax/libs/flag-icon-css/3.2.1/flags/4x3/gb.svg',1,1,0,'yes'),(32,'Estonia','estonia','ee','Estonian','2019-01-27 20:21:26','2019-09-30 03:06:11','+372','https://cdnjs.cloudflare.com/ajax/libs/flag-icon-css/3.2.1/flags/4x3/ee.svg',1,1,0,'yes'),(33,'Ethiopia','ethiopia','et','Ethiopian','2019-01-28 11:34:41','2019-09-30 03:05:46','+251','https://cdnjs.cloudflare.com/ajax/libs/flag-icon-css/3.2.1/flags/4x3/et.svg',1,1,0,'yes'),(34,'Fiji','fiji','fj','Fijian','2019-01-28 11:35:07','2019-09-30 03:05:11','+679','https://cdnjs.cloudflare.com/ajax/libs/flag-icon-css/3.2.1/flags/4x3/fj.svg',1,1,0,'yes'),(35,'Finland','finland','fi','Finnish','2019-01-28 11:35:30','2019-09-30 03:04:44','+358','https://cdnjs.cloudflare.com/ajax/libs/flag-icon-css/3.2.1/flags/4x3/fi.svg',1,1,0,'yes'),(36,'France','france','fr','French','2019-01-28 11:36:00','2019-09-30 03:03:37','+33','https://cdnjs.cloudflare.com/ajax/libs/flag-icon-css/3.2.1/flags/4x3/fr.svg',1,1,0,'yes'),(37,'Germany','germany','de','German','2019-01-28 11:36:25','2019-09-30 03:03:18','+49','https://cdnjs.cloudflare.com/ajax/libs/flag-icon-css/3.2.1/flags/4x3/de.svg',1,1,0,'yes'),(38,'Ghana','ghana','gh','Ghanaian','2019-01-28 11:36:49','2019-09-30 03:03:00','+233','https://cdnjs.cloudflare.com/ajax/libs/flag-icon-css/3.2.1/flags/4x3/gh.svg',1,1,0,'yes'),(39,'Greece','greece','gr','Greek','2019-01-28 11:37:13','2019-09-30 03:02:38','+30','https://cdnjs.cloudflare.com/ajax/libs/flag-icon-css/3.2.1/flags/4x3/gr.svg',1,1,0,'yes'),(40,'Guatemala','guatemala','gt','Guatemalan','2019-01-28 11:37:39','2019-09-30 03:02:11','+502','https://cdnjs.cloudflare.com/ajax/libs/flag-icon-css/3.2.1/flags/4x3/gt.svg',1,1,0,'yes'),(41,'Haiti','haiti','ht','Haitian','2019-01-28 11:38:03','2019-09-30 03:01:18','+509','https://cdnjs.cloudflare.com/ajax/libs/flag-icon-css/3.2.1/flags/4x3/ht.svg',1,1,0,'yes'),(42,'Honduras','honduras','hn','Honduran','2019-01-28 11:38:32','2019-09-30 03:01:01','+504','https://cdnjs.cloudflare.com/ajax/libs/flag-icon-css/3.2.1/flags/4x3/hn.svg',1,1,0,'yes'),(43,'Hungary','hungary','hu','Hungarian','2019-01-28 11:38:53','2019-09-30 03:00:47','+36','https://cdnjs.cloudflare.com/ajax/libs/flag-icon-css/3.2.1/flags/4x3/hu.svg',1,1,0,'yes'),(44,'Iceland','iceland','is','Icelandic','2019-01-28 11:39:23','2019-09-30 03:00:27','+354','https://cdnjs.cloudflare.com/ajax/libs/flag-icon-css/3.2.1/flags/4x3/is.svg',1,1,0,'yes'),(45,'India','india','in','Indian','2019-01-28 11:39:46','2019-09-30 03:00:07','+91','https://cdnjs.cloudflare.com/ajax/libs/flag-icon-css/3.2.1/flags/4x3/in.svg',1,1,0,'yes'),(46,'Iran','iran','ir','Iranian','2019-01-28 11:40:19','2019-09-30 02:59:43','+98','https://cdnjs.cloudflare.com/ajax/libs/flag-icon-css/3.2.1/flags/4x3/ir.svg',1,1,0,'yes'),(47,'Iraq','iraq','iq','Iraqi','2019-01-28 11:40:43','2019-09-30 02:59:18','+964','https://cdnjs.cloudflare.com/ajax/libs/flag-icon-css/3.2.1/flags/4x3/iq.svg',1,1,0,'yes'),(48,'Ireland','ireland','ie','Irish','2019-01-28 11:41:42','2019-09-30 02:58:56','+353','https://cdnjs.cloudflare.com/ajax/libs/flag-icon-css/3.2.1/flags/4x3/ie.svg',1,1,0,'yes'),(49,'Israel','israel','il','Israeli','2019-01-28 11:43:33','2019-09-30 02:58:33','+972','https://cdnjs.cloudflare.com/ajax/libs/flag-icon-css/3.2.1/flags/4x3/il.svg',1,1,0,'yes'),(50,'Italy','italy','it','Italian','2019-01-28 11:44:25','2019-09-30 02:58:15','+39','https://cdnjs.cloudflare.com/ajax/libs/flag-icon-css/3.2.1/flags/4x3/it.svg',1,1,0,'yes'),(51,'Jamaica','jamaica','jm','Jamaican','2019-01-28 11:44:58','2019-09-30 02:57:59','+1876','https://cdnjs.cloudflare.com/ajax/libs/flag-icon-css/3.2.1/flags/4x3/jm.svg',1,1,0,'yes'),(52,'Japan','japan','jp','Japanese','2019-01-28 11:45:59','2019-09-30 02:57:36','+81','https://cdnjs.cloudflare.com/ajax/libs/flag-icon-css/3.2.1/flags/4x3/jp.svg',1,1,0,'yes'),(53,'Jordan','jordan','jo','Jordanian','2019-01-28 11:49:01','2019-09-30 02:57:13','+962','https://cdnjs.cloudflare.com/ajax/libs/flag-icon-css/3.2.1/flags/4x3/jo.svg',1,1,0,'yes'),(54,'Kenya','kenya','ke','kenyan','2019-01-28 11:50:18','2019-09-30 02:56:59','+254','https://cdnjs.cloudflare.com/ajax/libs/flag-icon-css/3.2.1/flags/4x3/ke.svg',1,1,0,'yes'),(55,'Kuwait','kuwait','kw','Kuwaiti','2019-01-28 11:50:43','2019-09-30 02:56:38','+965','https://cdnjs.cloudflare.com/ajax/libs/flag-icon-css/3.2.1/flags/4x3/kw.svg',1,1,0,'yes'),(56,'Laos','laos','la','Lao','2019-01-28 11:53:31','2019-09-30 02:56:17','+856','https://cdnjs.cloudflare.com/ajax/libs/flag-icon-css/3.2.1/flags/4x3/la.svg',1,1,0,'yes'),(57,'Latvia','latvia','lv','Latvian','2019-01-28 11:54:08','2019-09-30 02:55:56','+371','https://cdnjs.cloudflare.com/ajax/libs/flag-icon-css/3.2.1/flags/4x3/lv.svg',1,1,0,'yes'),(58,'Lebanon','lebanon','lb','Lebanese','2019-01-28 11:54:33','2019-09-30 02:55:32','+961','https://cdnjs.cloudflare.com/ajax/libs/flag-icon-css/3.2.1/flags/4x3/lb.svg',1,1,0,'yes'),(59,'Libya','libya','ly','Libyan','2019-01-28 11:54:59','2019-09-30 02:54:44','+218','https://cdnjs.cloudflare.com/ajax/libs/flag-icon-css/3.2.1/flags/4x3/ly.svg',1,1,0,'yes'),(60,'Lithuania','lithuania','lt','Lithuanian','2019-01-28 11:55:27','2019-09-30 02:54:23','+370','https://cdnjs.cloudflare.com/ajax/libs/flag-icon-css/3.2.1/flags/4x3/lt.svg',1,1,0,'yes'),(61,'Mali','mali','ml','Malian','2019-01-28 11:58:17','2019-09-30 02:53:45','+223','https://cdnjs.cloudflare.com/ajax/libs/flag-icon-css/3.2.1/flags/4x3/ml.svg',1,1,0,'yes'),(62,'Malta','malta','mt','Maltese','2019-01-28 11:58:49','2019-09-30 02:53:28','+356','https://cdnjs.cloudflare.com/ajax/libs/flag-icon-css/3.2.1/flags/4x3/mt.svg',1,1,0,'yes'),(63,'Mexico','mexico','mx','Mexican','2019-01-28 11:59:38','2019-09-30 02:53:08','+52','https://cdnjs.cloudflare.com/ajax/libs/flag-icon-css/3.2.1/flags/4x3/mx.svg',1,1,0,'yes'),(64,'Mongolia','mongolia','mn','Mongolian','2019-01-28 12:00:52','2019-09-30 02:52:27','+976','https://cdnjs.cloudflare.com/ajax/libs/flag-icon-css/3.2.1/flags/4x3/mn.svg',1,1,0,'yes'),(65,'Morocco','morocco','ma','Moroccan','2019-01-28 12:01:21','2019-09-30 02:52:05','+212','https://cdnjs.cloudflare.com/ajax/libs/flag-icon-css/3.2.1/flags/4x3/ma.svg',1,1,0,'yes'),(66,'Mozambique','mozambique','mz','Mozambican','2019-01-28 12:01:48','2019-09-30 02:51:46','+258','https://cdnjs.cloudflare.com/ajax/libs/flag-icon-css/3.2.1/flags/4x3/mz.svg',1,1,0,'yes'),(67,'Namibia','namibia','na','Namibian','2019-01-28 12:02:06','2019-09-30 02:51:20','+264','https://cdnjs.cloudflare.com/ajax/libs/flag-icon-css/3.2.1/flags/4x3/na.svg',1,1,0,'yes'),(68,'Nepal','nepal','np','Nepalese','2019-01-28 12:02:24','2019-09-30 02:51:00','+977','https://cdnjs.cloudflare.com/ajax/libs/flag-icon-css/3.2.1/flags/4x3/np.svg',1,1,0,'yes'),(69,'Netherlands','netherlands','nl','Dutch','2019-01-28 12:02:49','2019-09-30 02:50:32','+31','https://cdnjs.cloudflare.com/ajax/libs/flag-icon-css/3.2.1/flags/4x3/nl.svg',1,1,0,'yes'),(70,'New Zealand','new-zealand','nz','New Zealander','2019-01-28 12:03:17','2019-09-30 02:50:06','+64','https://cdnjs.cloudflare.com/ajax/libs/flag-icon-css/3.2.1/flags/4x3/nz.svg',1,1,0,'yes'),(71,'Nicaragua','nicaragua','ni','Nicaraguan','2019-01-28 12:04:03','2019-09-30 02:49:32','+505','https://cdnjs.cloudflare.com/ajax/libs/flag-icon-css/3.2.1/flags/4x3/ni.svg',1,1,0,'yes'),(72,'Nigeria','nigeria','ng','Nigerian','2019-01-28 12:04:42','2019-09-30 02:49:15','+234','https://cdnjs.cloudflare.com/ajax/libs/flag-icon-css/3.2.1/flags/4x3/ng.svg',1,1,0,'yes'),(73,'Norway','norway','no','Norwegian','2019-01-28 12:05:13','2019-09-30 02:48:57','+47','https://cdnjs.cloudflare.com/ajax/libs/flag-icon-css/3.2.1/flags/4x3/no.svg',1,1,0,'yes'),(74,'Pakistan','pakistan','pk','Pakistani','2019-01-28 12:05:41','2019-09-30 02:48:41','+92','https://cdnjs.cloudflare.com/ajax/libs/flag-icon-css/3.2.1/flags/4x3/pk.svg',1,1,0,'yes'),(75,'Panama','panama','pa','Panamanian','2019-01-28 12:06:13','2019-09-30 02:47:58','+507','https://cdnjs.cloudflare.com/ajax/libs/flag-icon-css/3.2.1/flags/4x3/pa.svg',1,1,0,'yes'),(76,'Paraguay','paraguay','py','Paraguayan','2019-01-28 12:06:36','2019-09-30 02:47:43','+595','https://cdnjs.cloudflare.com/ajax/libs/flag-icon-css/3.2.1/flags/4x3/py.svg',1,1,0,'yes'),(77,'Peru','peru','pe','Peruvian','2019-01-28 12:06:59','2019-09-30 02:47:26','+51','https://cdnjs.cloudflare.com/ajax/libs/flag-icon-css/3.2.1/flags/4x3/pe.svg',1,1,0,'yes'),(78,'Philippines','philippines','ph','Philippine','2019-01-28 12:07:49','2019-09-30 02:47:10','+63','https://cdnjs.cloudflare.com/ajax/libs/flag-icon-css/3.2.1/flags/4x3/ph.svg',1,1,0,'yes'),(79,'Poland','poland','pl','Polish','2019-01-28 12:08:13','2019-09-30 02:46:54','+48','https://cdnjs.cloudflare.com/ajax/libs/flag-icon-css/3.2.1/flags/4x3/pl.svg',1,1,0,'yes'),(80,'Portugal','portugal','pt','Portuguese','2019-01-28 12:08:34','2019-09-30 02:46:36','+351','https://cdnjs.cloudflare.com/ajax/libs/flag-icon-css/3.2.1/flags/4x3/pt.svg',1,1,0,'yes'),(81,'Romania','romania','ro','Romanian','2019-01-28 12:08:57','2019-09-30 02:46:18','+40','https://cdnjs.cloudflare.com/ajax/libs/flag-icon-css/3.2.1/flags/4x3/ro.svg',1,1,0,'yes'),(82,'Russia','russia','ru','Russian','2019-01-28 12:09:19','2019-09-30 02:45:52','+7','https://cdnjs.cloudflare.com/ajax/libs/flag-icon-css/3.2.1/flags/4x3/ru.svg',1,1,0,'yes'),(83,'Saudi Arabia','saudi-arabia','sa','Saudi','2019-01-28 12:09:51','2019-09-30 02:45:26','+966','https://cdnjs.cloudflare.com/ajax/libs/flag-icon-css/3.2.1/flags/4x3/sa.svg',1,1,0,'yes'),(84,'Senegal','senegal','sn','Senegalese','2019-01-28 12:12:57','2019-09-30 02:44:47','+221','https://cdnjs.cloudflare.com/ajax/libs/flag-icon-css/3.2.1/flags/4x3/sn.svg',1,1,0,'yes'),(85,'Serbia','serbia','rs','Serbian','2019-01-28 12:13:31','2019-09-30 02:44:23','+381','https://cdnjs.cloudflare.com/ajax/libs/flag-icon-css/3.2.1/flags/4x3/rs.svg',1,1,0,'yes'),(86,'Singapore','singapore','sg','Singaporean','2019-01-28 12:13:49','2019-09-30 02:43:46','+65','https://cdnjs.cloudflare.com/ajax/libs/flag-icon-css/3.2.1/flags/4x3/sg.svg',1,1,0,'yes'),(87,'Slovakia','slovakia','sk','Slovakian','2019-01-28 12:21:21','2019-09-30 02:43:24','+421','https://cdnjs.cloudflare.com/ajax/libs/flag-icon-css/3.2.1/flags/4x3/sk.svg',1,1,0,'yes'),(88,'South Africa','south-africa','za','South African','2019-01-28 12:22:08','2019-09-30 02:43:01','+27','https://cdnjs.cloudflare.com/ajax/libs/flag-icon-css/3.2.1/flags/4x3/za.svg',1,1,0,'yes'),(89,'South Korea','south-korea','kr','Korean','2019-01-28 12:22:34','2019-09-30 02:42:44','+82','https://cdnjs.cloudflare.com/ajax/libs/flag-icon-css/3.2.1/flags/4x3/kr.svg',1,1,0,'yes'),(90,'Spain','spain','es','Spanish','2019-01-28 12:22:54','2019-09-30 02:42:07','+34','https://cdnjs.cloudflare.com/ajax/libs/flag-icon-css/3.2.1/flags/4x3/es.svg',1,1,0,'yes'),(91,'Sri Lanka','sri-lanka','lk','Sri Lankan','2019-01-28 12:23:22','2019-09-30 02:41:47','+94','https://cdnjs.cloudflare.com/ajax/libs/flag-icon-css/3.2.1/flags/4x3/lk.svg',1,1,0,'yes'),(92,'Sudan','sudan','sd','Sudanese','2019-01-28 12:23:38','2019-09-30 02:41:25','+249','https://cdnjs.cloudflare.com/ajax/libs/flag-icon-css/3.2.1/flags/4x3/sd.svg',1,1,0,'yes'),(93,'Sweden','sweden','se','Swedish','2019-01-28 12:23:56','2019-09-30 02:40:10','+46','https://cdnjs.cloudflare.com/ajax/libs/flag-icon-css/3.2.1/flags/4x3/se.svg',1,1,0,'yes'),(94,'Switzerland','switzerland','ch','Swiss','2019-01-28 12:24:47','2019-09-30 02:39:40','+41','https://cdnjs.cloudflare.com/ajax/libs/flag-icon-css/3.2.1/flags/4x3/ch.svg',1,1,0,'yes'),(95,'Syria','syria','sy','Syrian','2019-01-28 12:25:04','2019-09-30 02:39:15','+963','https://cdnjs.cloudflare.com/ajax/libs/flag-icon-css/3.2.1/flags/4x3/sy.svg',1,1,0,'yes'),(96,'Taiwan','taiwan','tw','Taiwanese','2019-01-28 12:25:27','2019-09-30 02:38:50','+886','https://cdnjs.cloudflare.com/ajax/libs/flag-icon-css/3.2.1/flags/4x3/tw.svg',1,1,0,'yes'),(97,'Tajikistan','tajikistan','tj','Tajikistani','2019-01-28 12:25:53','2019-09-30 02:38:21','+992','https://cdnjs.cloudflare.com/ajax/libs/flag-icon-css/3.2.1/flags/4x3/tj.svg',1,1,0,'yes'),(98,'Thailand','thailand','th','Thai','2019-01-28 12:26:12','2019-09-30 02:37:54','+66','https://cdnjs.cloudflare.com/ajax/libs/flag-icon-css/3.2.1/flags/4x3/th.svg',1,1,0,'yes'),(99,'Tonga','tonga','to','Tongan','2019-01-28 12:26:26','2019-09-30 02:37:27','+676','https://cdnjs.cloudflare.com/ajax/libs/flag-icon-css/3.2.1/flags/4x3/to.svg',1,1,0,'yes'),(100,'Tunisia','tunisia','tn','Tunisian','2019-01-28 12:26:44','2019-09-30 02:36:23','+216','https://cdnjs.cloudflare.com/ajax/libs/flag-icon-css/3.2.1/flags/4x3/tn.svg',1,1,0,'yes'),(101,'Turkey','turkey','tr','Turkish','2019-01-28 12:27:02','2019-09-30 02:35:42','+90','https://cdnjs.cloudflare.com/ajax/libs/flag-icon-css/3.2.1/flags/4x3/tr.svg',1,1,0,'yes'),(102,'Ukraine','ukraine','ua','Ukrainian','2019-01-28 12:27:28','2019-09-30 02:35:09','+380','https://cdnjs.cloudflare.com/ajax/libs/flag-icon-css/3.2.1/flags/4x3/ua.svg',1,1,0,'yes'),(103,'United Arab Emirates','united-arab-emirates','ae','Emirati','2019-01-28 12:28:01','2019-09-30 02:34:42','+971','https://cdnjs.cloudflare.com/ajax/libs/flag-icon-css/3.2.1/flags/4x3/ae.svg',1,1,0,'yes'),(104,'United States','united-states','us','American','2019-01-28 12:29:11','2019-09-30 02:34:16','+1','https://cdnjs.cloudflare.com/ajax/libs/flag-icon-css/3.2.1/flags/4x3/us.svg',1,1,0,'yes'),(105,'Uruguay','uruguay','uy','Uruguayan','2019-01-28 12:29:41','2019-09-30 02:33:54','+598','https://cdnjs.cloudflare.com/ajax/libs/flag-icon-css/3.2.1/flags/4x3/uy.svg',1,1,0,'yes'),(106,'Venezuela','venezuela','ve','Venezuelan','2019-01-28 12:30:01','2019-09-30 02:33:32','+58','https://cdnjs.cloudflare.com/ajax/libs/flag-icon-css/3.2.1/flags/4x3/ve.svg',1,1,0,'yes'),(107,'Vietnam','vietnam','vn','Vietnamese','2019-01-28 12:30:22','2019-09-30 02:33:13','+84','https://cdnjs.cloudflare.com/ajax/libs/flag-icon-css/3.2.1/flags/4x3/vn.svg',1,1,0,'yes'),(108,'Zambia','zambia','zm','Zambian','2019-01-28 12:31:36','2019-09-30 02:32:52','+260','https://cdnjs.cloudflare.com/ajax/libs/flag-icon-css/3.2.1/flags/4x3/zm.svg',1,1,0,'yes'),(109,'Zimbabwe','zimbabwe','zw','Zimbabwean','2019-01-28 12:31:59','2019-09-30 02:31:07','+263','https://cdnjs.cloudflare.com/ajax/libs/flag-icon-css/3.2.1/flags/4x3/zw.svg',1,1,0,'yes'),(110,'American Samoa','american-samoa','as','American Samoan','2019-09-23 13:02:58','2019-09-24 14:03:00','+1684','https://cdnjs.cloudflare.com/ajax/libs/flag-icon-css/3.2.1/flags/4x3/as.svg',1,1,0,'yes'),(111,'Andorra','andorra','ad','Andorran','2019-09-23 13:08:12','2019-09-23 14:06:12','+376','https://cdnjs.cloudflare.com/ajax/libs/flag-icon-css/3.2.1/flags/4x3/ad.svg',1,1,0,'yes'),(112,'Angola','angola','ao','Angolan','2019-09-23 13:09:26','2019-09-23 14:06:02','+244','https://cdnjs.cloudflare.com/ajax/libs/flag-icon-css/3.2.1/flags/4x3/ao.svg',1,1,0,'yes'),(113,'Anguilla','anguilla','ai','Anguillian','2019-09-23 13:13:42','2019-09-23 14:05:54','+1264','https://cdnjs.cloudflare.com/ajax/libs/flag-icon-css/3.2.1/flags/4x3/ai.svg',1,1,0,'yes'),(114,'Antigua & Barbuda','antigua-barbuda','ag','Antiguan and Barbudan','2019-09-23 13:17:16','2019-09-23 14:05:44','+1268','https://cdnjs.cloudflare.com/ajax/libs/flag-icon-css/3.2.1/flags/4x3/ag.svg',1,1,0,'yes'),(115,'Armenia','armenia','am','Armenian','2019-09-23 13:18:32','2019-09-23 14:05:32','+374','https://cdnjs.cloudflare.com/ajax/libs/flag-icon-css/3.2.1/flags/4x3/am.svg',1,1,0,'yes'),(116,'Aruba','aruba','aw','Aruban','2019-09-23 13:19:40','2019-09-23 14:05:24','+297','https://cdnjs.cloudflare.com/ajax/libs/flag-icon-css/3.2.1/flags/4x3/aw.svg',1,1,0,'yes'),(117,'Azerbaijan','azerbaijan','az','Azerbaijani','2019-09-23 13:44:26','2019-09-23 14:05:15','+994','https://cdnjs.cloudflare.com/ajax/libs/flag-icon-css/3.2.1/flags/4x3/az.svg',1,1,0,'yes'),(118,'Bahamas, The','bahamas-the','bs','Bahamians','2019-09-23 13:46:46','2019-09-23 14:05:08','+1242','https://cdnjs.cloudflare.com/ajax/libs/flag-icon-css/3.2.1/flags/4x3/bs.svg',1,1,0,'yes'),(119,'Bahrain','bahrain','bh','Bahraini','2019-09-23 13:48:08','2019-09-23 14:04:58','+973','https://cdnjs.cloudflare.com/ajax/libs/flag-icon-css/3.2.1/flags/4x3/bh.svg',1,1,0,'yes'),(120,'Barbados','barbados','bb','Barbadians','2019-09-23 13:50:20','2019-09-23 14:04:45','+1246','https://cdnjs.cloudflare.com/ajax/libs/flag-icon-css/3.2.1/flags/4x3/bb.svg',1,1,0,'yes'),(121,'Belarus','belarus','by','Belarusian','2019-09-23 13:51:52','2019-09-23 14:04:38','+375','https://cdnjs.cloudflare.com/ajax/libs/flag-icon-css/3.2.1/flags/4x3/by.svg',1,1,0,'yes'),(122,'Belize','belize','bz','Belizean','2019-09-23 13:56:41','2019-09-23 14:04:30','+501','https://cdnjs.cloudflare.com/ajax/libs/flag-icon-css/3.2.1/flags/4x3/bz.svg',1,1,0,'yes'),(123,'Benin','benin','bj','Beninese','2019-09-23 14:00:59','2019-09-23 14:04:22','+229','https://cdnjs.cloudflare.com/ajax/libs/flag-icon-css/3.2.1/flags/4x3/bj.svg',1,1,0,'yes'),(124,'Bermuda','bermuda','bm','Bermudian','2019-09-23 14:03:29','2019-09-23 14:03:29','+1441','https://cdnjs.cloudflare.com/ajax/libs/flag-icon-css/3.2.1/flags/4x3/bm.svg',1,1,0,'yes'),(125,'Bhutan','bhutan','bt','Bhutanese','2019-09-23 14:10:03','2019-09-23 14:10:03','+975','https://cdnjs.cloudflare.com/ajax/libs/flag-icon-css/3.2.1/flags/4x3/bt.svg',1,1,0,'yes'),(126,'Bosnia & Herzegovina','bosnia-herzegovina','ba','Bosnian','2019-09-23 14:12:31','2019-09-23 14:12:31','+387','https://cdnjs.cloudflare.com/ajax/libs/flag-icon-css/3.2.1/flags/4x3/ba.svg',1,1,0,'yes'),(127,'British Virgin Island','british-virgin-island','vg','British Virgin Islander','2019-09-23 14:17:07','2019-09-24 14:50:10','+1284','https://cdnjs.cloudflare.com/ajax/libs/flag-icon-css/3.2.1/flags/4x3/vg.svg',1,1,0,'yes'),(128,'Brunei','brunei','bn','Bruneian','2019-09-23 14:18:15','2019-09-23 14:18:22','+673','https://cdnjs.cloudflare.com/ajax/libs/flag-icon-css/3.2.1/flags/4x3/bn.svg',1,1,0,'yes'),(129,'Burkina Faso','burkina-faso','bf','Burkinab','2019-09-23 14:20:44','2019-09-23 14:20:44','+226','https://cdnjs.cloudflare.com/ajax/libs/flag-icon-css/3.2.1/flags/4x3/bf.svg',1,1,0,'yes'),(130,'Burma','burma','mm','Burmese','2019-09-23 14:22:57','2019-09-23 14:22:57','+95','https://cdnjs.cloudflare.com/ajax/libs/flag-icon-css/3.2.1/flags/4x3/mm.svg',1,1,0,'yes'),(131,'Burundi','burundi','bi','Burundian','2019-09-23 14:24:13','2019-09-23 14:24:13','+257','https://cdnjs.cloudflare.com/ajax/libs/flag-icon-css/3.2.1/flags/4x3/bi.svg',1,1,0,'yes'),(132,'Cape Verde','cape-verde','cv','Cape Verdeans','2019-09-23 14:28:58','2019-09-23 14:28:58','+238','https://cdnjs.cloudflare.com/ajax/libs/flag-icon-css/3.2.1/flags/4x3/cv.svg',1,1,0,'yes'),(133,'Chad','chad','td','Chadian','2019-09-23 14:31:09','2019-09-23 14:31:09','+235','https://cdnjs.cloudflare.com/ajax/libs/flag-icon-css/3.2.1/flags/4x3/td.svg',1,1,0,'yes'),(134,'Comoros','comoros','cm','Comoran','2019-09-23 14:36:11','2019-09-23 14:36:11','+269','https://cdnjs.cloudflare.com/ajax/libs/flag-icon-css/3.2.1/flags/4x3/cm.svg',1,1,0,'yes'),(135,'Cyprus','cyprus','cy','Cypriot','2019-09-23 14:39:30','2019-09-23 14:39:30','+357','https://cdnjs.cloudflare.com/ajax/libs/flag-icon-css/3.2.1/flags/4x3/cy.svg',1,1,0,'yes'),(136,'Djibouti','djibouti','dj','Djiboutian','2019-09-23 14:41:33','2019-09-23 14:41:33','+253','https://cdnjs.cloudflare.com/ajax/libs/flag-icon-css/3.2.1/flags/4x3/dj.svg',1,1,0,'yes'),(137,'Dominican Republic','dominican-republic','do','Dominican (Rep)','2019-09-23 14:44:25','2019-09-23 14:44:35','+809','https://cdnjs.cloudflare.com/ajax/libs/flag-icon-css/3.2.1/flags/4x3/do.svg',1,1,0,'yes'),(138,'East Timor','east-timor','tl','Timorese','2019-09-23 14:47:13','2019-09-23 14:47:13','+670','https://cdnjs.cloudflare.com/ajax/libs/flag-icon-css/3.2.1/flags/4x3/tl.svg',1,1,0,'yes'),(139,'Equatorial Guinea','equatorial-guinea','gq','Equatoguinean','2019-09-23 14:51:21','2019-09-23 14:51:21','+240','https://cdnjs.cloudflare.com/ajax/libs/flag-icon-css/3.2.1/flags/4x3/gq.svg',1,1,0,'yes'),(140,'Eritrea','eritrea','er','Eritrean','2019-09-23 14:53:00','2019-09-23 14:53:00','+291','https://cdnjs.cloudflare.com/ajax/libs/flag-icon-css/3.2.1/flags/4x3/er.svg',1,1,0,'yes'),(141,'Faroe Island','faroe-island','fo','Faroe Islanders','2019-09-23 14:55:37','2019-09-23 14:55:37','+298','https://cdnjs.cloudflare.com/ajax/libs/flag-icon-css/3.2.1/flags/4x3/fo.svg',1,1,0,'yes'),(142,'French Guiana','french-guiana','gf','French Guianese','2019-09-23 15:04:34','2019-09-23 15:07:58','+594','https://cdnjs.cloudflare.com/ajax/libs/flag-icon-css/3.2.1/flags/4x3/fr.svg',1,1,0,'yes'),(143,'French Polynesia','french-polynesia','pf','French Polynesian','2019-09-23 15:10:11','2019-09-23 15:12:39','+689','https://cdnjs.cloudflare.com/ajax/libs/flag-icon-css/3.2.1/flags/4x3/pf.svg',1,1,0,'yes'),(144,'Gabon','gabon','ga','Gabonese','2019-09-23 15:14:05','2019-09-23 15:14:05','+241','https://cdnjs.cloudflare.com/ajax/libs/flag-icon-css/3.2.1/flags/4x3/ga.svg',1,1,0,'yes'),(145,'Gambia, The','gambia-the','gm','Gambian','2019-09-23 16:53:12','2019-09-23 16:53:12','+220','https://cdnjs.cloudflare.com/ajax/libs/flag-icon-css/3.2.1/flags/4x3/gm.svg',1,1,0,'yes'),(147,'Georgia','georgia','ge','Georgians','2019-09-23 16:57:50','2019-09-23 16:57:50','+995','https://cdnjs.cloudflare.com/ajax/libs/flag-icon-css/3.2.1/flags/4x3/ge.svg',1,1,0,'yes'),(148,'Gibraltar','gibraltar','gi','Gibraltarians','2019-09-23 17:00:42','2019-09-23 17:00:42','+350','https://cdnjs.cloudflare.com/ajax/libs/flag-icon-css/3.2.1/flags/4x3/gi.svg',1,1,0,'yes'),(149,'Greenland','greenland','gl','Greenlanders','2019-09-23 17:03:23','2019-09-23 17:03:23','+299','https://cdnjs.cloudflare.com/ajax/libs/flag-icon-css/3.2.1/flags/4x3/gl.svg',1,1,0,'yes'),(150,'Grenada','grenada','gd','Grenadian','2019-09-23 17:04:42','2019-09-23 17:04:42','+1473','https://cdnjs.cloudflare.com/ajax/libs/flag-icon-css/3.2.1/flags/4x3/gd.svg',1,1,0,'yes'),(151,'Guadeloupe','guadeloupe','gp','Guadeloupean','2019-09-23 17:07:10','2019-09-23 17:07:10','+590','https://cdnjs.cloudflare.com/ajax/libs/flag-icon-css/3.2.1/flags/4x3/gp.svg',1,1,0,'yes'),(152,'Guam','guam','gu','Guamanians','2019-09-23 17:09:39','2019-09-23 17:09:39','+1671','https://cdnjs.cloudflare.com/ajax/libs/flag-icon-css/3.2.1/flags/4x3/gu.svg',1,1,0,'yes'),(153,'Guernsey','guernsey','gg','Guernsey','2019-09-23 17:19:14','2019-09-23 17:19:14','+441481','https://cdnjs.cloudflare.com/ajax/libs/flag-icon-css/3.2.1/flags/4x3/gg.svg',1,1,0,'yes'),(154,'Guinea','guinea','gn','Guinean','2019-09-23 17:20:56','2019-09-23 17:20:56','+224','https://cdnjs.cloudflare.com/ajax/libs/flag-icon-css/3.2.1/flags/4x3/gn.svg',1,1,0,'yes'),(155,'Guinea-Bissau','guinea-bissau','gw','Guinea-Bissau nationals','2019-09-23 17:27:58','2019-09-23 17:27:58','+245','https://cdnjs.cloudflare.com/ajax/libs/flag-icon-css/3.2.1/flags/4x3/pf.svg',1,1,0,'yes'),(156,'Guyana','guyana','gy','Guyanese','2019-09-23 17:44:37','2019-09-23 17:44:37','+592','https://cdnjs.cloudflare.com/ajax/libs/flag-icon-css/3.2.1/flags/4x3/gy.svg',1,1,0,'yes'),(157,'Hong Kong','hong-kong','hk','Hongkongers','2019-09-23 17:47:11','2019-09-23 17:47:11','+852','https://cdnjs.cloudflare.com/ajax/libs/flag-icon-css/3.2.1/flags/4x3/hk.svg',1,1,0,'yes'),(158,'Isle of Man','isle-of-man','im','Manx','2019-09-23 17:53:00','2019-09-23 17:53:00','+441624','https://cdnjs.cloudflare.com/ajax/libs/flag-icon-css/3.2.1/flags/4x3/im.svg',1,1,0,'yes'),(159,'Jersey','jersey','je','Jersey','2019-09-23 18:00:59','2019-09-23 18:00:59','+441534','https://cdnjs.cloudflare.com/ajax/libs/flag-icon-css/3.2.1/flags/4x3/je.svg',1,1,0,'yes'),(160,'Kazakhstan','kazakhstan','kz','Kazakhstani','2019-09-23 18:17:57','2019-09-23 18:17:57','+7','https://cdnjs.cloudflare.com/ajax/libs/flag-icon-css/3.2.1/flags/4x3/kz.svg',1,1,0,'yes'),(161,'Kiribati','kiribati','ki','I-Kiribati','2019-09-23 18:21:17','2019-09-23 18:21:17','+686','https://cdnjs.cloudflare.com/ajax/libs/flag-icon-css/3.2.1/flags/4x3/ki.svg',1,1,0,'yes'),(162,'North Korea','north-korea','kp','North Korean','2019-09-23 18:25:59','2019-09-23 18:25:59','+850','https://cdnjs.cloudflare.com/ajax/libs/flag-icon-css/3.2.1/flags/4x3/kp.svg',1,1,0,'yes'),(163,'Kyrgyzstan','kyrgyzstan','kg','Kyrgyz','2019-09-23 18:28:35','2019-09-23 18:28:35','+996','https://cdnjs.cloudflare.com/ajax/libs/flag-icon-css/3.2.1/flags/4x3/kg.svg',1,1,0,'yes'),(164,'Lesotho','lesotho','ls','Basotho','2019-09-23 19:09:31','2019-09-23 19:09:31','+266','https://cdnjs.cloudflare.com/ajax/libs/flag-icon-css/3.2.1/flags/4x3/ls.svg',1,1,0,'yes'),(165,'Liberia','liberia','lr','Liberian','2019-09-24 11:45:09','2019-09-24 11:45:09','+231','https://cdnjs.cloudflare.com/ajax/libs/flag-icon-css/3.2.1/flags/4x3/lr.svg',1,1,0,'yes'),(166,'Liechtenstein','liechtenstein','li','Liechtensteiner','2019-09-24 11:46:43','2019-09-24 11:49:41','+423','https://cdnjs.cloudflare.com/ajax/libs/flag-icon-css/3.2.1/flags/4x3/li.svg',1,1,0,'yes'),(167,'Luxembourg','luxembourg','lu','Luxembourgers','2019-09-24 11:48:10','2019-09-24 11:50:03','+352','https://cdnjs.cloudflare.com/ajax/libs/flag-icon-css/3.2.1/flags/4x3/lu.svg',1,1,0,'yes'),(168,'Macau','macau','mo','Macanese','2019-09-24 11:51:26','2019-09-24 11:51:26','+853','https://cdnjs.cloudflare.com/ajax/libs/flag-icon-css/3.2.1/flags/4x3/mo.svg',1,1,0,'yes'),(169,'Macedonia','macedonia','mk','Macedonian','2019-09-24 11:52:38','2019-09-24 11:52:38','+389','https://cdnjs.cloudflare.com/ajax/libs/flag-icon-css/3.2.1/flags/4x3/mk.svg',1,1,0,'yes'),(170,'Madagascar','madagascar','mg','Madagascan','2019-09-24 11:54:38','2019-09-24 11:54:38','+261','https://cdnjs.cloudflare.com/ajax/libs/flag-icon-css/3.2.1/flags/4x3/mg.svg',1,1,0,'yes'),(171,'Malawi','malawi','mw','Malawian','2019-09-24 11:56:15','2019-09-24 11:56:15','+265','https://cdnjs.cloudflare.com/ajax/libs/flag-icon-css/3.2.1/flags/4x3/mw.svg',1,1,0,'yes'),(172,'Maldives','maldives','mv','Maldivian','2019-09-24 11:57:50','2019-09-24 11:57:50','+960','https://cdnjs.cloudflare.com/ajax/libs/flag-icon-css/3.2.1/flags/4x3/mv.svg',1,1,0,'yes'),(173,'Marshall Islands','marshall-islands','mh','Marshallese','2019-09-24 12:00:27','2019-09-24 12:00:27','+692','https://cdnjs.cloudflare.com/ajax/libs/flag-icon-css/3.2.1/flags/4x3/mh.svg',1,1,0,'yes'),(174,'Martinique','martinique','mq','Martinican','2019-09-24 12:02:22','2019-09-24 12:02:22','+596','https://cdnjs.cloudflare.com/ajax/libs/flag-icon-css/3.2.1/flags/4x3/mq.svg',1,1,0,'yes'),(175,'Mauritania','mauritania','mr','Mauritanian','2019-09-24 12:03:26','2019-09-24 12:03:26','+222','https://cdnjs.cloudflare.com/ajax/libs/flag-icon-css/3.2.1/flags/4x3/mr.svg',1,1,0,'yes'),(176,'Mauritius','mauritius','mu','Mauritian','2019-09-24 12:04:43','2019-09-24 12:04:43','+230','https://cdnjs.cloudflare.com/ajax/libs/flag-icon-css/3.2.1/flags/4x3/mu.svg',1,1,0,'yes'),(177,'Mayotte','mayotte','yt','Mayotte','2019-09-24 12:16:49','2019-09-24 12:16:49','+262','https://cdnjs.cloudflare.com/ajax/libs/flag-icon-css/3.2.1/flags/4x3/yt.svg',1,1,0,'yes'),(178,'Micronesia, Fed. St.','micronesia-fed-st','fm','Micronesian','2019-09-24 13:04:45','2019-09-24 13:04:45','+691','https://cdnjs.cloudflare.com/ajax/libs/flag-icon-css/3.2.1/flags/4x3/fm.svg',1,1,0,'yes'),(179,'Moldova','moldova','md','Moldovan','2019-09-24 13:06:48','2019-09-24 13:06:55','+373','https://cdnjs.cloudflare.com/ajax/libs/flag-icon-css/3.2.1/flags/4x3/md.svg',1,1,0,'yes'),(180,'Monaco','monaco','mc','Mongasque','2019-09-24 13:08:06','2019-09-24 13:08:06','+377','https://cdnjs.cloudflare.com/ajax/libs/flag-icon-css/3.2.1/flags/4x3/mc.svg',1,1,0,'yes'),(181,'Montserrat','montserrat','ms','Montserratian','2019-09-24 13:10:41','2019-09-24 13:10:41','+1664','https://cdnjs.cloudflare.com/ajax/libs/flag-icon-css/3.2.1/flags/4x3/ms.svg',1,1,0,'yes'),(182,'Nauru','nauru','nr','Nauruan','2019-09-24 13:13:25','2019-09-24 13:13:25','+674','https://cdnjs.cloudflare.com/ajax/libs/flag-icon-css/3.2.1/flags/4x3/nr.svg',1,1,0,'yes'),(184,'New Caledonia','new-caledonia','nc','New Caledonian','2019-09-24 13:22:13','2019-09-24 13:22:13','+687','https://cdnjs.cloudflare.com/ajax/libs/flag-icon-css/3.2.1/flags/4x3/nc.svg',1,1,0,'yes'),(185,'Niger','niger','ne','Nigerien','2019-09-24 13:25:15','2019-09-24 13:25:15','+227','https://cdnjs.cloudflare.com/ajax/libs/flag-icon-css/3.2.1/flags/4x3/ne.svg',1,1,0,'yes'),(186,'Northern Mariana Island','northern-mariana-island','mp','Northern Marianas','2019-09-24 13:28:24','2019-09-24 13:28:24','+1670','https://cdnjs.cloudflare.com/ajax/libs/flag-icon-css/3.2.1/flags/4x3/mp.svg',1,1,0,'yes'),(187,'Oman','oman','om','Omani','2019-09-24 13:30:02','2019-09-24 13:30:02','+968','https://cdnjs.cloudflare.com/ajax/libs/flag-icon-css/3.2.1/flags/4x3/om.svg',1,1,0,'yes'),(188,'Palau','palau','pw','Palauan','2019-09-24 13:31:33','2019-09-24 13:31:33','+680','https://cdnjs.cloudflare.com/ajax/libs/flag-icon-css/3.2.1/flags/4x3/pw.svg',1,1,0,'yes'),(189,'Papua New Guinea','papua-new-guinea','pg','Papua New Guineans','2019-09-24 13:34:09','2019-09-24 13:34:09','+675','https://cdnjs.cloudflare.com/ajax/libs/flag-icon-css/3.2.1/flags/4x3/pg.svg',1,1,0,'yes'),(190,'Puerto Rico','puerto-rico','pr','Puerto Ricans','2019-09-24 13:39:07','2019-09-24 13:39:07','+1787','https://cdnjs.cloudflare.com/ajax/libs/flag-icon-css/3.2.1/flags/4x3/pr.svg',1,1,0,'yes'),(191,'Qatar','qatar','qa','Qatari','2019-09-24 13:40:37','2019-09-24 13:40:37','+974','https://cdnjs.cloudflare.com/ajax/libs/flag-icon-css/3.2.1/flags/4x3/qa.svg',1,1,0,'yes'),(192,'Reunion','reunion','re','Reunionese','2019-09-24 13:42:47','2019-09-24 13:42:47','+262','https://cdnjs.cloudflare.com/ajax/libs/flag-icon-css/3.2.1/flags/4x3/re.svg',1,1,0,'yes'),(193,'Rwanda','rwanda','rw','Rwandan','2019-09-24 13:45:22','2019-09-24 13:45:22','+250','https://cdnjs.cloudflare.com/ajax/libs/flag-icon-css/3.2.1/flags/4x3/rw.svg',1,1,0,'yes'),(194,'Saint Helena','saint-helena','sh','Saint Helenian','2019-09-24 13:47:13','2019-09-24 13:47:13','+290','https://cdnjs.cloudflare.com/ajax/libs/flag-icon-css/3.2.1/flags/4x3/sh.svg',1,1,0,'yes'),(195,'Saint Kitts & Nevis','saint-kitts-nevis','kn','Saint Kitts & Nevis','2019-09-24 13:52:59','2019-09-24 13:52:59','+1869','https://cdnjs.cloudflare.com/ajax/libs/flag-icon-css/3.2.1/flags/4x3/kn.svg',1,1,0,'yes'),(196,'Saint Lucia','saint-lucia','lc','Saint Lucian','2019-09-24 13:55:08','2019-09-24 13:55:08','+1758','https://cdnjs.cloudflare.com/ajax/libs/flag-icon-css/3.2.1/flags/4x3/lc.svg',1,1,0,'yes'),(197,'Saint Pierre & Miquelon','saint-pierre-miquelon','pm','Saint Pierre & Miquelon','2019-09-24 13:58:32','2019-09-24 13:58:32','+508','https://cdnjs.cloudflare.com/ajax/libs/flag-icon-css/3.2.1/flags/4x3/pm.svg',1,1,0,'yes'),(198,'Saint Vincent and the Grenadines','saint-vincent-and-the-grenadines','vc','Vincentians','2019-09-24 14:00:55','2019-09-24 14:00:55','+1784','https://cdnjs.cloudflare.com/ajax/libs/flag-icon-css/3.2.1/flags/4x3/vc.svg',1,1,0,'yes'),(199,'Samoa','samoa','ws','Samoan','2019-09-24 14:02:50','2019-09-24 14:02:50','+685','https://cdnjs.cloudflare.com/ajax/libs/flag-icon-css/3.2.1/flags/4x3/ws.svg',1,1,0,'yes'),(200,'San Marino','san-marino','sm','Sammarinese','2019-09-24 14:04:34','2019-09-24 14:04:34','+378','https://cdnjs.cloudflare.com/ajax/libs/flag-icon-css/3.2.1/flags/4x3/sm.svg',1,1,0,'yes'),(201,'Sao Tome & Principe','sao-tome-principe','st','Sao Tomean','2019-09-24 14:06:10','2019-09-24 14:06:10','+239','https://cdnjs.cloudflare.com/ajax/libs/flag-icon-css/3.2.1/flags/4x3/st.svg',1,1,0,'yes'),(202,'Seychelles','seychelles','sc','Seychellois','2019-09-24 14:09:21','2019-09-24 14:09:21','+248','https://cdnjs.cloudflare.com/ajax/libs/flag-icon-css/3.2.1/flags/4x3/sc.svg',1,1,0,'yes'),(203,'Sierra Leone','sierra-leone','sl','Sierra Leonean','2019-09-24 14:10:38','2019-09-24 14:10:38','+232','https://cdnjs.cloudflare.com/ajax/libs/flag-icon-css/3.2.1/flags/4x3/sl.svg',1,1,0,'yes'),(204,'Slovenia','slovenia','si','Slovenian','2019-09-24 14:12:50','2019-09-24 14:12:50','+386','https://cdnjs.cloudflare.com/ajax/libs/flag-icon-css/3.2.1/flags/4x3/si.svg',1,1,0,'yes'),(205,'Solomon Island','solomon-island','sb','Solomon Islander','2019-09-24 14:15:11','2019-09-24 14:15:11','+677','https://cdnjs.cloudflare.com/ajax/libs/flag-icon-css/3.2.1/flags/4x3/sb.svg',1,1,0,'yes'),(206,'Somalia','somalia','so','Somalian','2019-09-24 14:16:28','2019-09-24 14:16:28','+252','https://cdnjs.cloudflare.com/ajax/libs/flag-icon-css/3.2.1/flags/4x3/so.svg',1,1,0,'yes'),(208,'Suriname','suriname','sr','Surinamese','2019-09-24 14:22:53','2019-09-24 14:22:53','+597','https://cdnjs.cloudflare.com/ajax/libs/flag-icon-css/3.2.1/flags/4x3/sr.svg',1,1,0,'yes'),(209,'Swaziland','swaziland','sz','Swazi','2019-09-24 14:24:09','2019-09-24 14:24:09','+268','https://cdnjs.cloudflare.com/ajax/libs/flag-icon-css/3.2.1/flags/4x3/sz.svg',1,1,0,'yes'),(210,'Tanzania','tanzania','tz','Tanzanian','2019-09-24 14:28:04','2019-09-24 14:28:04','+255','https://cdnjs.cloudflare.com/ajax/libs/flag-icon-css/3.2.1/flags/4x3/tz.svg',1,1,0,'yes'),(211,'Togo','togo','tg','Togolese','2019-09-24 14:29:29','2019-09-24 14:29:29','+228','https://cdnjs.cloudflare.com/ajax/libs/flag-icon-css/3.2.1/flags/4x3/tg.svg',1,1,0,'yes'),(212,'Trinidad and Tobago','trinidad-and-tobago','tt','Trinidadians and Tobagonians','2019-09-24 14:31:52','2019-09-24 14:31:52','+1868','https://cdnjs.cloudflare.com/ajax/libs/flag-icon-css/3.2.1/flags/4x3/tt.svg',1,1,0,'yes'),(213,'Turkmenistan','turkmenistan','tm','Turkmen','2019-09-24 14:34:18','2019-09-24 14:34:18','+993','https://cdnjs.cloudflare.com/ajax/libs/flag-icon-css/3.2.1/flags/4x3/tm.svg',1,1,0,'yes'),(214,'Turks and Caicos Island','turks-and-caicos-island','tc','Turks and Caicos Islanders','2019-09-24 14:36:02','2019-09-24 14:36:02','+1649','https://cdnjs.cloudflare.com/ajax/libs/flag-icon-css/3.2.1/flags/4x3/tc.svg',1,1,0,'yes'),(215,'Tuvalu','tuvalu','tv','Tuvaluan','2019-09-24 14:37:13','2019-09-24 14:37:13','+688','https://cdnjs.cloudflare.com/ajax/libs/flag-icon-css/3.2.1/flags/4x3/tv.svg',1,1,0,'yes'),(216,'Uganda','uganda','ug','Ugandan','2019-09-24 14:38:10','2019-09-24 14:38:10','+256','https://cdnjs.cloudflare.com/ajax/libs/flag-icon-css/3.2.1/flags/4x3/ug.svg',1,1,0,'yes'),(217,'Uzbekistan','uzbekistan','uz','Uzbek','2019-09-24 14:43:13','2019-09-24 14:43:13','+998','https://cdnjs.cloudflare.com/ajax/libs/flag-icon-css/3.2.1/flags/4x3/uz.svg',1,1,0,'yes'),(218,'Vanuatu','vanuatu','vu','Vanuatuan','2019-09-24 14:44:38','2019-09-24 14:44:38','+678','https://cdnjs.cloudflare.com/ajax/libs/flag-icon-css/3.2.1/flags/4x3/vu.svg',1,1,0,'yes'),(219,'Yemen','yemen','ye','Yemeni','2019-09-24 14:47:04','2019-09-24 14:47:04','+967','https://cdnjs.cloudflare.com/ajax/libs/flag-icon-css/3.2.1/flags/4x3/ye.svg',1,1,0,'yes'),(220,'US Virgin Island','us-virgin-island','vi','US Virgin Islanders','2019-09-24 14:49:46','2019-09-24 14:50:19','+1340','https://cdnjs.cloudflare.com/ajax/libs/flag-icon-css/3.2.1/flags/4x3/vi.svg',1,1,0,'yes'),(221,'Wallis and Futuna','wallis-and-futuna','wf','Wallisian and Futunan','2019-09-24 14:51:57','2019-09-24 14:52:57','+681','https://cdnjs.cloudflare.com/ajax/libs/flag-icon-css/3.2.1/flags/4x3/wf.svg',1,1,0,'yes'),(223,'Palestine','palestine','ps','Palestinian','2019-09-24 14:56:10','2020-02-11 04:40:50','+970','https://cdnjs.cloudflare.com/ajax/libs/flag-icon-css/3.2.1/flags/4x3/ps.svg',1,1,0,'yes'),(224,'Western Sahara','western-sahara','eh','Sahrawi','2019-09-24 14:57:13','2019-09-24 14:57:13','+212','https://cdnjs.cloudflare.com/ajax/libs/flag-icon-css/3.2.1/flags/4x3/eh.svg',1,1,0,'yes'),(225,'Zimbabwe','zimbabwe-1','zw','Zimbabwean','2019-12-13 02:28:31','2019-12-13 02:28:31','+263','https://cdnjs.cloudflare.com/ajax/libs/flag-icon-css/3.2.1/flags/4x3/zw.svg',1,1,0,'yes'),(226,'South Sudan','south-sudan','ss','South Sudanese','2019-12-13 02:29:53','2019-12-13 02:29:53','+211','https://cdnjs.cloudflare.com/ajax/libs/flag-icon-css/3.2.1/flags/4x3/ss.svg',1,1,0,'yes'),(227,'Ivory Coast','ivory-coast','ci','Ivorian','2019-12-14 07:07:30','2019-12-14 07:07:30','+225','https://cdnjs.cloudflare.com/ajax/libs/flag-icon-css/3.2.1/flags/4x3/ci.svg',1,1,0,'yes'),(228,'Republic of the Congo (Congo-Brazzaville)','republic-of-the-congo-congo-brazzaville','cg','Congolese','2019-12-16 08:39:09','2019-12-16 08:39:09','+242','https://cdnjs.cloudflare.com/ajax/libs/flag-icon-css/3.2.1/flags/4x3/cg.svg',1,1,0,'yes'),(229,'Democratic Republic of the Congo','democratic-republic-of-the-congo','cd','Congolese','2019-12-16 08:41:56','2019-12-16 08:41:56','+243','https://cdnjs.cloudflare.com/ajax/libs/flag-icon-css/3.2.1/flags/4x3/cd.svg',1,1,0,'yes'),(230,'Central African Republic','central-african-republic','cf','Central African','2019-12-18 02:20:31','2019-12-18 02:20:31','+236','https://cdnjs.cloudflare.com/ajax/libs/flag-icon-css/3.2.1/flags/4x3/cf.svg',1,1,0,'yes'),(231,'Home Based','home-based','n/a','n/a','2020-02-10 19:42:42','2020-02-18 20:32:36','n/a','http://immap.org',0,1,0,'yes');
/*!40000 ALTER TABLE `countries` ENABLE KEYS */;
UNLOCK TABLES;

--
-- Table structure for table `degree_levels`
--

DROP TABLE IF EXISTS `degree_levels`;
/*!40101 SET @saved_cs_client     = @@character_set_client */;
/*!40101 SET character_set_client = utf8 */;
CREATE TABLE `degree_levels` (
  `id` int(10) unsigned NOT NULL AUTO_INCREMENT,
  `name` varchar(255) COLLATE utf8mb4_unicode_ci NOT NULL,
  `slug` varchar(255) COLLATE utf8mb4_unicode_ci NOT NULL,
  `created_at` timestamp NULL DEFAULT NULL,
  `updated_at` timestamp NULL DEFAULT NULL,
  `order` int(10) unsigned NOT NULL,
  PRIMARY KEY (`id`),
  UNIQUE KEY `degree_levels_slug_unique` (`slug`)
) ENGINE=InnoDB AUTO_INCREMENT=9 DEFAULT CHARSET=utf8mb4 COLLATE=utf8mb4_unicode_ci;
/*!40101 SET character_set_client = @saved_cs_client */;

--
-- Dumping data for table `degree_levels`
--

LOCK TABLES `degree_levels` WRITE;
/*!40000 ALTER TABLE `degree_levels` DISABLE KEYS */;
INSERT INTO `degree_levels` VALUES (1,'Diploma','diploma','2019-04-07 07:40:08','2019-04-07 07:53:39',0),(2,'Bachelor','bachelor','2019-04-07 07:40:14','2019-04-07 07:53:09',1),(3,'Master','master','2019-04-07 07:40:20','2019-04-07 07:57:04',2),(8,'PhD','phd','2019-04-07 07:58:48','2019-12-21 09:46:01',3);
/*!40000 ALTER TABLE `degree_levels` ENABLE KEYS */;
UNLOCK TABLES;

--
-- Table structure for table `durations`
--

DROP TABLE IF EXISTS `durations`;
/*!40101 SET @saved_cs_client     = @@character_set_client */;
/*!40101 SET character_set_client = utf8 */;
CREATE TABLE `durations` (
  `id` bigint(20) unsigned NOT NULL AUTO_INCREMENT,
  `name` varchar(255) COLLATE utf8mb4_unicode_ci NOT NULL,
  `created_at` timestamp NULL DEFAULT NULL,
  `updated_at` timestamp NULL DEFAULT NULL,
  PRIMARY KEY (`id`)
) ENGINE=InnoDB AUTO_INCREMENT=3 DEFAULT CHARSET=utf8mb4 COLLATE=utf8mb4_unicode_ci;
/*!40101 SET character_set_client = @saved_cs_client */;

--
-- Dumping data for table `durations`
--

LOCK TABLES `durations` WRITE;
/*!40000 ALTER TABLE `durations` DISABLE KEYS */;
INSERT INTO `durations` VALUES (1,'Part Time','2019-09-15 22:36:49','2019-09-15 22:36:49'),(2,'Full Time','2019-09-15 22:36:53','2019-09-15 22:36:53');
/*!40000 ALTER TABLE `durations` ENABLE KEYS */;
UNLOCK TABLES;

--
-- Table structure for table `failed_jobs`
--

DROP TABLE IF EXISTS `failed_jobs`;
/*!40101 SET @saved_cs_client     = @@character_set_client */;
/*!40101 SET character_set_client = utf8 */;
CREATE TABLE `failed_jobs` (
  `id` bigint(20) unsigned NOT NULL AUTO_INCREMENT,
  `connection` text COLLATE utf8mb4_unicode_ci NOT NULL,
  `queue` text COLLATE utf8mb4_unicode_ci NOT NULL,
  `payload` longtext COLLATE utf8mb4_unicode_ci NOT NULL,
  `exception` longtext COLLATE utf8mb4_unicode_ci NOT NULL,
  `failed_at` timestamp NOT NULL DEFAULT current_timestamp(),
  PRIMARY KEY (`id`)
) ENGINE=InnoDB DEFAULT CHARSET=utf8mb4 COLLATE=utf8mb4_unicode_ci;
/*!40101 SET character_set_client = @saved_cs_client */;

--
-- Dumping data for table `failed_jobs`
--

LOCK TABLES `failed_jobs` WRITE;
/*!40000 ALTER TABLE `failed_jobs` DISABLE KEYS */;
/*!40000 ALTER TABLE `failed_jobs` ENABLE KEYS */;
UNLOCK TABLES;

--
-- Table structure for table `failed_queue_jobs`
--

DROP TABLE IF EXISTS `failed_queue_jobs`;
/*!40101 SET @saved_cs_client     = @@character_set_client */;
/*!40101 SET character_set_client = utf8 */;
CREATE TABLE `failed_queue_jobs` (
  `id` bigint(20) unsigned NOT NULL AUTO_INCREMENT,
  `connection` text COLLATE utf8_unicode_ci NOT NULL,
  `queue` text COLLATE utf8_unicode_ci NOT NULL,
  `payload` longtext COLLATE utf8_unicode_ci NOT NULL,
  `exception` longtext COLLATE utf8_unicode_ci NOT NULL,
  `failed_at` timestamp NOT NULL DEFAULT current_timestamp(),
  PRIMARY KEY (`id`)
) ENGINE=InnoDB DEFAULT CHARSET=utf8 COLLATE=utf8_unicode_ci;
/*!40101 SET character_set_client = @saved_cs_client */;

--
-- Dumping data for table `failed_queue_jobs`
--

LOCK TABLES `failed_queue_jobs` WRITE;
/*!40000 ALTER TABLE `failed_queue_jobs` DISABLE KEYS */;
/*!40000 ALTER TABLE `failed_queue_jobs` ENABLE KEYS */;
UNLOCK TABLES;

--
-- Table structure for table `field_of_works`
--

DROP TABLE IF EXISTS `field_of_works`;
/*!40101 SET @saved_cs_client     = @@character_set_client */;
/*!40101 SET character_set_client = utf8 */;
CREATE TABLE `field_of_works` (
  `id` int(10) unsigned NOT NULL AUTO_INCREMENT,
  `field` varchar(255) COLLATE utf8mb4_unicode_ci NOT NULL,
  `created_at` timestamp NULL DEFAULT NULL,
  `updated_at` timestamp NULL DEFAULT NULL,
  `slug` varchar(255) COLLATE utf8mb4_unicode_ci NOT NULL,
  `is_approved` tinyint(1) NOT NULL DEFAULT 0,
  `addedBy` varchar(255) COLLATE utf8mb4_unicode_ci NOT NULL DEFAULT 'immap',
  PRIMARY KEY (`id`),
  UNIQUE KEY `field_of_works_slug_unique` (`slug`)
) ENGINE=InnoDB AUTO_INCREMENT=297 DEFAULT CHARSET=utf8mb4 COLLATE=utf8mb4_unicode_ci;
/*!40101 SET character_set_client = @saved_cs_client */;

--
-- Dumping data for table `field_of_works`
--

LOCK TABLES `field_of_works` WRITE;
/*!40000 ALTER TABLE `field_of_works` DISABLE KEYS */;
INSERT INTO `field_of_works` VALUES (1,'economy','2019-02-20 01:45:52','2019-02-20 01:45:52','economy',0,'immap'),(2,'health','2019-02-20 01:47:34','2019-02-20 01:47:34','health',0,'immap'),(3,'wash','2019-02-20 01:49:51','2019-02-20 01:49:51','wash',0,'immap'),(4,'eco','2019-02-20 12:40:27','2019-02-20 12:40:27','eco',0,'immap'),(5,'ecology','2019-02-20 13:10:39','2019-02-20 13:10:39','ecology',0,'immap'),(9,'education','2019-03-10 10:41:32','2019-03-10 10:41:32','education',0,'immap'),(10,'computer','2019-04-10 19:19:53','2019-04-10 19:19:53','computer',0,'immap'),(11,'software development','2019-04-10 19:19:53','2019-04-10 19:19:53','software-development',0,'immap'),(12,'software','2019-04-10 19:19:54','2019-04-10 19:19:54','software',0,'immap'),(13,'information technology','2019-04-14 14:30:18','2019-04-14 14:30:18','information-technology',0,'immap'),(14,'information system','2019-04-14 14:30:18','2019-04-14 14:30:18','information-system',0,'immap'),(15,'HR','2019-04-16 08:17:57','2019-04-16 08:17:57','hr',0,'immap'),(16,'Administration','2019-04-16 08:17:57','2019-10-02 22:07:31','administration',1,'immap'),(17,'Finance','2019-04-16 08:17:57','2019-10-03 00:01:50','finance',1,'immap'),(18,'gis','2019-04-23 06:48:14','2019-04-23 06:48:14','gis',0,'immap'),(19,'Communications','2019-09-10 04:12:31','2019-10-02 22:04:53','communications',1,'immap'),(20,'Design','2019-09-10 04:12:31','2019-10-03 19:45:58','design',1,'immap'),(21,'Clerk','2019-09-11 06:04:53','2019-09-11 06:04:53','clerk',0,'immap'),(22,'ednsfkljgnsd','2019-09-12 01:12:05','2019-09-12 01:12:05','ednsfkljgnsd',0,'immap'),(23,'Data Management','2019-09-16 02:28:25','2019-10-02 22:04:37','data-management',1,'immap'),(24,'gRPC','2019-10-02 22:02:21','2019-10-02 22:02:21','grpc',0,'others'),(25,'Data Collections','2019-10-02 22:05:34','2019-10-02 22:05:34','data-collections',1,'immap'),(26,'Data Entry','2019-10-02 22:06:57','2019-10-02 22:06:57','data-entry',1,'immap'),(27,'Coordination','2019-10-03 19:45:40','2019-10-03 19:45:40','coordination',1,'immap'),(28,'Cartography','2019-10-03 19:46:26','2019-10-03 19:46:26','cartography',1,'immap'),(29,'Infography','2019-10-03 19:46:32','2019-10-03 19:46:32','infography',1,'immap'),(30,'Strategy','2019-10-03 19:46:39','2019-10-03 19:46:39','strategy',1,'immap'),(31,'Engineering','2019-10-03 19:46:44','2019-10-03 19:46:44','engineering',1,'immap'),(32,'Management','2019-10-03 19:46:49','2019-10-03 19:46:49','management',1,'immap'),(33,'Data Visualisation','2019-10-03 19:46:59','2019-10-03 19:46:59','data-visualisation',1,'immap'),(34,'Legal','2019-10-03 19:47:14','2019-10-03 19:47:14','legal',1,'immap'),(35,'Logistics','2019-10-03 19:47:19','2019-10-03 19:47:19','logistics',1,'immap'),(36,'Web Development','2019-10-03 19:47:27','2019-10-03 19:47:27','web-development',1,'immap'),(37,'Capacity Building','2019-10-03 19:47:49','2019-10-03 19:47:49','capacity-building',1,'immap'),(38,'Business Development','2019-10-03 19:47:57','2019-10-03 19:47:57','business-development',1,'immap'),(39,'Monitoring and Evaluation','2019-10-03 20:28:20','2019-10-03 20:28:20','monitoring-and-evaluation',1,'immap'),(40,'Painting','2019-10-07 01:49:12','2019-10-07 01:49:12','painting',0,'others'),(41,'Modelisme','2019-10-07 06:44:42','2019-10-07 06:44:42','modelisme',0,'others'),(42,'gardening','2019-10-07 07:48:32','2019-10-07 07:48:32','gardening',0,'others'),(43,'Electronic','2019-10-08 07:38:14','2019-10-08 07:38:14','electronic',0,'others'),(44,'swimming','2019-10-09 00:47:53','2019-10-09 00:47:53','swimming',0,'others'),(45,'Data Mining','2019-10-10 00:48:38','2019-10-10 00:48:38','data-mining',0,'others'),(46,'Readings','2019-10-10 05:45:33','2019-10-10 05:45:33','readings',0,'others'),(47,'Hiking','2019-10-11 00:42:18','2019-10-11 00:42:18','hiking',0,'others'),(48,'Coding','2019-10-11 02:44:02','2019-10-11 02:44:02','coding',0,'others'),(49,'sfiosdfjosdlfhk','2019-11-14 03:30:47','2019-11-14 03:30:47','sfiosdfjosdlfhk',0,'others'),(50,'Urban Analysis','2019-12-02 07:57:35','2019-12-02 07:57:35','urban-analysis',0,'others'),(51,'Urban and Regional Planning','2019-12-02 07:57:48','2019-12-02 07:57:48','urban-and-regional-planning',0,'others'),(52,'data analysis','2019-12-02 08:56:13','2019-12-02 08:56:13','data-analysis',0,'others'),(53,'Remote Sensing','2019-12-09 07:52:50','2019-12-09 07:52:50','remote-sensing',0,'others'),(54,'Climate Change','2019-12-09 07:52:57','2019-12-09 07:52:57','climate-change',0,'others'),(55,'Spatial Analysis','2019-12-09 07:53:06','2019-12-09 07:53:06','spatial-analysis',0,'others'),(56,'Image Proccessing','2019-12-09 07:53:14','2019-12-09 07:53:14','image-proccessing',0,'others'),(57,'Human Resources','2019-12-09 09:56:02','2019-12-09 09:56:02','human-resources',0,'others'),(58,'Procurement','2019-12-10 01:30:08','2019-12-10 01:30:08','procurement',0,'others'),(59,'Land Use Land Cover Change','2019-12-10 12:20:06','2019-12-10 12:20:06','land-use-land-cover-change',0,'others'),(60,'Urban design','2019-12-12 01:19:17','2019-12-12 01:19:17','urban-design',0,'others'),(61,'Architecture','2019-12-12 01:20:51','2019-12-12 01:20:51','architecture',0,'others'),(62,'Global Positioning System (GPS)','2019-12-12 13:38:17','2019-12-12 13:38:17','global-positioning-system-gps',0,'others'),(63,'Photogrammetry','2019-12-12 13:38:54','2019-12-12 13:38:54','photogrammetry',0,'others'),(64,'Tableau','2019-12-12 13:39:16','2019-12-12 13:39:16','tableau',0,'others'),(65,'Information Management','2019-12-14 12:45:56','2019-12-14 12:45:56','information-management',0,'others'),(66,'Database Devvelopment','2019-12-14 22:21:43','2019-12-14 22:21:43','database-devvelopment',0,'others'),(67,'Urban Planning','2019-12-17 04:41:08','2019-12-17 04:41:08','urban-planning',0,'others'),(68,'Humanitarian Mineaction','2019-12-17 04:41:17','2019-12-17 04:41:17','humanitarian-mineaction',0,'others'),(69,'Market analysis,','2019-12-18 08:03:37','2019-12-21 09:45:09','market-analysis',0,'others'),(70,'Value chain analysis','2019-12-18 08:03:52','2019-12-21 09:44:59','value-chain-analysis',0,'others'),(71,'Market information systems','2019-12-18 08:04:17','2019-12-21 09:44:41','market-information-systems',0,'others'),(72,'Research & Analysis','2019-12-21 09:23:58','2019-12-21 09:23:58','research-analysis',0,'others'),(73,'Research and Analysis','2019-12-22 01:14:01','2019-12-22 01:14:01','research-and-analysis',0,'others'),(74,'Gepgraphic Information Systems','2019-12-22 23:29:39','2019-12-22 23:29:39','gepgraphic-information-systems',0,'others'),(75,'Mine Action','2019-12-22 23:29:58','2020-01-22 02:25:36','mine-action',1,'others'),(76,'Satellite Data Processing','2019-12-23 03:44:24','2020-01-22 02:26:19','satellite-data-processing',1,'others'),(77,'Contextual Analysis','2020-01-05 03:00:40','2020-01-22 02:25:38','contextual-analysis',1,'others'),(78,'Economist','2020-01-09 04:46:11','2020-01-22 02:26:24','economist',1,'others'),(79,'geography','2020-01-09 09:17:01','2020-01-09 09:17:01','geography',0,'others'),(80,'Landmine UXO','2020-01-09 09:17:28','2020-01-09 09:17:28','landmine-uxo',0,'others'),(81,'Geospatial Information Systems','2020-01-14 07:53:35','2020-01-22 02:25:47','geospatial-information-systems',1,'others'),(82,'Security','2020-01-14 23:17:30','2020-01-22 02:25:50','security',1,'others'),(83,'Security-Safety','2020-01-15 11:47:06','2020-01-15 11:47:06','security-safety',0,'others'),(84,'Operations','2020-01-16 09:59:06','2020-01-22 02:26:07','operations',1,'others'),(85,'Planning & Strategy','2020-01-22 02:27:12','2020-01-22 02:27:12','planning-strategy',1,'immap'),(86,'Capacity Strengthening','2020-01-22 02:27:35','2020-01-22 02:27:35','capacity-strengthening',1,'immap'),(87,'Gender, Youth, cluster cooridnation, training in various topics( fin- HR-Log-Pro-secuirty-reproting-communication-leadership-time management- M&E, Budget management- time management- etc)','2020-01-22 03:36:27','2020-01-22 03:36:27','gender-youth-cluster-cooridnation-training-in-various-topics-fin-hr-log-pro-secuirty-reproting-communication-leadership-time-management-me-budget-management-time-management-etc',0,'others'),(88,'stratigical planning & Thinking','2020-01-22 03:37:44','2020-01-22 03:37:44','stratigical-planning-thinking',0,'others'),(89,'Orginizational development','2020-01-22 03:37:55','2020-01-22 03:37:55','orginizational-development',0,'others'),(90,'Network Engineering','2020-01-24 11:36:33','2020-01-24 11:36:33','network-engineering',0,'others'),(91,'GIS practitioner','2020-01-24 11:37:30','2020-01-24 11:37:30','gis-practitioner',0,'others'),(92,'Database Administration','2020-01-24 11:44:20','2020-01-24 11:44:20','database-administration',0,'others'),(93,'System Administration','2020-01-24 11:45:59','2020-01-24 11:45:59','system-administration',0,'others'),(94,'Informaion Management','2020-01-26 10:49:38','2020-01-26 10:49:38','informaion-management',0,'others'),(95,'Data Science','2020-01-27 01:13:44','2020-01-27 01:13:44','data-science',0,'others'),(96,'Statistics','2020-01-27 01:14:09','2020-01-27 01:14:09','statistics',0,'others'),(97,'System Analysis','2020-01-27 01:15:19','2020-01-27 01:15:19','system-analysis',0,'others'),(98,'Mathematical Modeling','2020-01-27 01:21:35','2020-01-27 01:21:35','mathematical-modeling',0,'others'),(99,'Machine Learning','2020-01-27 01:22:22','2020-01-27 01:22:22','machine-learning',0,'others'),(100,'GIS Specialist','2020-01-27 02:28:03','2020-01-27 02:28:03','gis-specialist',0,'others'),(101,'Training','2020-01-27 02:30:12','2020-01-27 02:30:12','training',0,'others'),(102,'database Development','2020-01-28 00:08:49','2020-01-28 00:08:49','database-development',0,'others'),(103,'Web Mapping','2020-02-03 10:26:40','2020-02-03 10:26:40','web-mapping',0,'others'),(104,'Statistical Analysis','2020-02-03 10:26:55','2020-02-03 10:26:55','statistical-analysis',0,'others'),(105,'Finance and Admin','2020-02-05 01:11:23','2020-02-05 01:11:23','finance-and-admin',0,'others'),(106,'Data Entr','2020-02-05 01:11:42','2020-02-05 01:11:42','data-entr',0,'others'),(107,'visualization','2020-02-06 09:26:55','2020-02-06 09:26:55','visualization',0,'others'),(108,'AI','2020-02-11 05:09:18','2020-02-11 05:09:18','ai',0,'others'),(109,'Emergency Response','2020-02-11 05:21:11','2020-02-11 05:21:11','emergency-response',0,'others'),(110,'Project Management','2020-02-11 05:22:37','2020-02-11 05:22:37','project-management',0,'others'),(111,'M&E','2020-02-11 05:22:50','2020-02-11 05:22:50','me',0,'others'),(112,'environmental studies','2020-02-11 08:40:26','2020-02-11 08:40:26','environmental-studies',0,'others'),(113,'Base de donnes','2020-02-11 08:41:21','2020-02-11 08:41:21','base-de-donnees',0,'others'),(114,'Digital marketing','2020-02-11 15:39:58','2020-02-11 15:39:58','digital-marketing',0,'others'),(115,'ICT teacher','2020-02-11 23:31:58','2020-02-11 23:31:58','ict-teacher',0,'others'),(116,'Economics','2020-02-12 01:21:05','2020-02-12 01:21:05','economics',0,'others'),(117,'Geographical Information System','2020-02-12 02:03:55','2020-02-12 02:03:55','geographical-information-system',0,'others'),(118,'Conception','2020-02-12 03:23:39','2020-02-12 03:23:39','conception',0,'others'),(119,'Nutrition and Dietetics','2020-02-12 06:19:22','2020-02-12 06:19:22','nutrition-and-dietetics',0,'others'),(120,'Computer science','2020-02-12 09:37:37','2020-02-12 09:37:37','computer-science',0,'others'),(121,'information and communication technologies','2020-02-12 09:38:58','2020-02-12 09:38:58','information-and-communication-technologies',0,'others'),(122,'network administration','2020-02-12 09:40:35','2020-02-12 09:40:35','network-administration',0,'others'),(123,'Network security','2020-02-12 09:41:09','2020-02-12 09:41:09','network-security',0,'others'),(124,'Web design','2020-02-12 09:41:45','2020-02-12 09:41:45','web-design',0,'others'),(125,'Marketing','2020-02-12 11:16:58','2020-02-12 11:16:58','marketing',0,'others'),(126,'Web mastering','2020-02-12 11:17:20','2020-02-12 11:17:20','web-mastering',0,'others'),(127,'Community management','2020-02-12 11:17:34','2020-02-12 11:17:34','community-management',0,'others'),(128,'Agriculture','2020-02-12 12:05:08','2020-02-12 12:05:08','agriculture',0,'others'),(129,'Library and  information science','2020-02-12 15:11:19','2020-02-12 15:11:19','library-and-information-science',0,'others'),(130,'User Experience','2020-02-12 21:04:24','2020-02-12 21:04:24','user-experience',0,'others'),(131,'Software Development - Product Owner','2020-02-12 21:04:35','2020-02-12 21:04:35','software-development-product-owner',0,'others'),(132,'data collection tool design','2020-02-12 23:04:54','2020-02-12 23:04:54','data-collection-tool-design',0,'others'),(133,'Graphic Design','2020-02-13 01:02:11','2020-02-13 01:02:11','graphic-design',0,'others'),(134,'Blogging','2020-02-13 01:02:23','2020-02-13 01:02:23','blogging',0,'others'),(135,'Economics and Political - Science','2020-02-13 01:47:24','2020-02-13 01:47:24','economics-and-political-science',0,'others'),(136,'IT','2020-02-13 03:36:49','2020-02-13 03:36:49','it',0,'others'),(137,'IT NETWORK AND SERVICE/ PROGRAM ANALYSIS','2020-02-13 05:04:42','2020-02-13 05:04:42','it-network-and-service-program-analysis',0,'others'),(138,'Change Management','2020-02-13 14:42:46','2020-02-13 14:42:46','change-management',0,'others'),(139,'Database  Design','2020-02-13 22:12:18','2020-02-13 22:12:18','database-design',0,'others'),(140,'Software Design','2020-02-13 22:12:53','2020-02-13 22:12:53','software-design',0,'others'),(141,'Data Modeling','2020-02-13 22:14:01','2020-02-13 22:14:01','data-modeling',0,'others'),(142,'PHP','2020-02-13 22:14:24','2020-02-13 22:14:24','php',0,'others'),(143,'MySQL','2020-02-13 22:14:30','2020-02-13 22:14:30','mysql',0,'others'),(144,'Microsoft SQL Server','2020-02-13 22:14:51','2020-02-13 22:14:51','microsoft-sql-server',0,'others'),(145,'PostgreSQL','2020-02-13 22:15:05','2020-02-13 22:15:05','postgresql',0,'others'),(146,'Data Processing','2020-02-13 22:16:27','2020-02-13 22:16:27','data-processing',0,'others'),(147,'Geographic Information System','2020-02-14 00:04:21','2020-02-14 00:04:21','geographic-information-system',0,'others'),(148,'Information scientists','2020-02-14 01:42:26','2020-02-14 01:42:26','information-scientists',0,'others'),(149,'Computer engineering','2020-02-14 15:43:59','2020-02-14 15:43:59','computer-engineering',0,'others'),(150,'Gender Based Violence and Psychosocial Support','2020-02-15 03:28:13','2020-02-15 03:28:13','gender-based-violence-and-psychosocial-support',0,'others'),(151,'Food Security And Livelihood','2020-02-15 14:50:50','2020-02-15 14:50:50','food-security-and-livelihood',0,'others'),(152,'Program management','2020-02-15 15:35:48','2020-02-15 15:35:48','program-management',0,'others'),(153,'Volunteer','2020-02-16 08:20:49','2020-02-16 08:20:49','volunteer',0,'others'),(154,'Health, Safety and Environment','2020-02-16 12:49:40','2020-02-16 12:49:40','health-safety-and-environment',0,'others'),(155,'dddd','2020-02-16 22:30:28','2020-02-16 22:30:28','dddd',0,'others'),(156,'GoToMarket (GTM) Specialist','2020-02-17 19:34:57','2020-02-17 19:34:57','gotomarket-gtm-specialist',0,'others'),(157,'LAW','2020-02-18 04:35:12','2020-02-18 04:35:12','law',0,'others'),(158,'application development','2020-02-18 11:24:40','2020-02-18 11:24:40','application-development',0,'others'),(159,'programming C# applications','2020-02-18 11:25:19','2020-02-18 11:25:19','programming-c-applications',0,'others'),(160,'disaster risk reduction','2020-02-19 05:29:37','2020-02-19 05:29:37','disaster-risk-reduction',0,'others'),(161,'disaster management','2020-02-19 05:29:46','2020-02-19 05:29:46','disaster-management',0,'others'),(162,'simulation exercises','2020-02-19 05:30:17','2020-02-19 05:30:17','simulation-exercises',0,'others'),(163,'representation','2020-02-19 05:30:28','2020-02-19 05:30:28','representation',0,'others'),(164,'surge roster management','2020-02-19 05:30:45','2020-02-19 05:30:45','surge-roster-management',0,'others'),(165,'standby partner management','2020-02-19 05:30:58','2020-02-19 05:30:58','standby-partner-management',0,'others'),(166,'Managment','2020-02-19 12:51:35','2020-02-19 12:51:35','managment',0,'others'),(167,'Translation','2020-02-20 06:20:43','2020-02-20 06:20:43','translation',0,'others'),(168,'Customer Relations','2020-02-20 06:21:02','2020-02-20 06:21:02','customer-relations',0,'others'),(169,'Interpretation','2020-02-20 06:21:35','2020-02-20 06:21:35','interpretation',0,'others'),(170,'Management Information System','2020-02-20 11:39:28','2020-02-20 11:39:28','management-information-system',0,'others'),(171,'Conducting and Managing Surveys','2020-02-20 11:40:45','2020-02-20 11:40:45','conducting-and-managing-surveys',0,'others'),(172,'Leading Cluster coordination','2020-02-20 11:41:27','2020-02-20 11:41:27','leading-cluster-coordination',0,'others'),(173,'Leading Information Management Technical Working Groups','2020-02-20 11:42:15','2020-02-20 11:42:15','leading-information-management-technical-working-groups',0,'others'),(174,'Data feedback expertise','2020-02-20 11:44:14','2020-02-20 11:44:14','data-feedback-expertise',0,'others'),(175,'Partner relationship and coordination','2020-02-20 11:45:05','2020-02-20 11:45:05','partner-relationship-and-coordination',0,'others'),(176,'Management Information Systems','2020-02-21 03:45:14','2020-02-21 03:45:14','management-information-systems',0,'others'),(177,'Strategic Information','2020-02-21 03:45:23','2020-02-21 03:45:23','strategic-information',0,'others'),(178,'Data analysis and Statistical interpretation','2020-02-21 03:45:46','2020-02-21 03:45:46','data-analysis-and-statistical-interpretation',0,'others'),(179,'Performance Management','2020-02-21 03:45:55','2020-02-21 03:45:55','performance-management',0,'others'),(180,'Data collection and entry','2020-02-21 03:46:52','2020-02-21 03:46:52','data-collection-and-entry',0,'others'),(181,'Strategy and planning','2020-02-21 03:47:02','2020-02-21 03:47:02','strategy-and-planning',0,'others'),(182,'Technical Officer and Advisor','2020-02-21 03:47:20','2020-02-21 03:47:20','technical-officer-and-advisor',0,'others'),(183,'Knowledge Managment','2020-02-21 03:47:54','2020-02-21 03:47:54','knowledge-managment',0,'others'),(184,'Information Communication Technology','2020-02-21 21:49:05','2020-02-21 21:49:05','information-communication-technology',0,'others'),(185,'Supply Chain','2020-02-22 07:13:07','2020-02-22 07:13:07','supply-chain',0,'others'),(186,'Ngo','2020-02-23 15:13:40','2020-02-23 15:13:40','ngo',0,'others'),(187,'Sales','2020-02-23 15:13:56','2020-02-23 15:13:56','sales',0,'others'),(188,'Pho','2020-02-26 01:07:53','2020-02-26 01:07:53','pho',0,'others'),(189,'Photograpghy','2020-02-26 01:08:00','2020-02-26 01:08:00','photograpghy',0,'others'),(190,'Videography','2020-02-26 01:08:06','2020-02-26 01:08:06','videography',0,'others'),(191,'Motion Graphics','2020-02-26 01:08:14','2020-02-26 01:08:14','motion-graphics',0,'others'),(192,'Website Management','2020-02-26 01:08:37','2020-02-26 01:08:37','website-management',0,'others'),(193,'Humanitarian Response','2020-02-26 07:34:20','2020-02-26 07:34:20','humanitarian-response',0,'others'),(194,'Implementation','2020-02-26 07:34:56','2020-02-26 07:34:56','implementation',0,'others'),(195,'Program development','2020-02-26 07:35:33','2020-02-26 07:35:33','program-development',0,'others'),(196,'Epidemiologist','2020-02-27 20:34:48','2020-02-27 20:34:48','epidemiologist',0,'others'),(197,'Project Design and management','2020-02-28 02:23:40','2020-02-28 02:23:40','project-design-and-management',0,'others'),(198,'Budgeting and Budget Tracking','2020-02-28 02:23:40','2020-02-28 02:23:40','budgeting-and-budget-tracking',0,'others'),(199,'Grants Management','2020-02-28 02:23:40','2020-02-28 02:23:40','grants-management',0,'others'),(200,'Donor & Financial Compliance','2020-02-28 02:23:40','2020-02-28 02:23:40','donor-financial-compliance',0,'others'),(201,'Campaign Design & Implementation','2020-02-28 02:23:40','2020-02-28 02:23:40','campaign-design-implementation',0,'others'),(202,'Government Liaison','2020-02-28 02:23:40','2020-02-28 02:23:40','government-liaison',0,'others'),(203,'Donors and Partners Contract Management','2020-02-28 02:23:40','2020-02-28 02:23:40','donors-and-partners-contract-management',0,'others'),(204,'Economic Security','2020-02-28 14:30:03','2020-02-28 14:30:03','economic-security',0,'others'),(205,'Trauma healing and awareness','2020-02-28 14:31:04','2020-02-28 14:31:04','trauma-healing-and-awareness',0,'others'),(206,'i','2020-03-02 03:28:35','2020-03-02 03:28:35','i',0,'others'),(207,'Python','2020-03-02 03:41:45','2020-03-02 03:41:45','python',0,'others'),(208,'GIS and Information Management','2020-03-02 05:32:48','2020-03-02 05:32:48','gis-and-information-management',0,'others'),(209,'mali','2020-03-03 04:23:14','2020-03-03 04:23:14','mali',0,'others'),(210,'da','2020-03-03 04:35:30','2020-03-03 04:35:30','da',0,'others'),(211,'Data','2020-03-03 14:03:41','2020-03-03 14:03:41','data',0,'others'),(212,'ICT','2020-03-03 14:03:43','2020-03-03 14:03:43','ict',0,'others'),(213,'Political Transition','2020-03-06 02:25:23','2020-03-06 02:25:23','political-transition',0,'others'),(214,'Civil Society Engagement','2020-03-06 02:25:23','2020-03-06 02:25:23','civil-society-engagement',0,'others'),(215,'Counter Terrorism','2020-03-06 02:25:23','2020-03-06 02:25:23','counter-terrorism',0,'others'),(216,'Countering Violent Extremism (CVE)','2020-03-06 02:25:23','2020-03-06 02:25:23','countering-violent-extremism-cve',0,'others'),(217,'Governance','2020-03-06 02:25:23','2020-03-06 02:25:23','governance',0,'others'),(218,'Democracy Promotion','2020-03-06 02:25:23','2020-03-06 02:25:23','democracy-promotion',0,'others'),(219,'Security Sector Reform','2020-03-06 02:25:23','2020-03-06 02:25:23','security-sector-reform',0,'others'),(220,'Public Health','2020-03-06 03:31:42','2020-03-06 03:31:42','public-health',0,'others'),(221,'Health Information Management','2020-03-06 03:32:10','2020-03-06 03:32:10','health-information-management',0,'others'),(222,'Mobile Team Leader PSS Facilitator','2020-03-06 15:14:52','2020-03-06 15:14:52','mobile-team-leader-pss-facilitator',0,'others'),(223,'Daily Worker','2020-03-06 15:15:24','2020-03-06 15:15:24','daily-worker',0,'others'),(224,'RM&E Assistant','2020-03-06 15:16:01','2020-03-06 15:16:01','rme-assistant',0,'others'),(225,'DRR, Livelood, Management','2020-03-07 00:23:33','2020-03-07 00:23:33','drr-livelood-management',0,'others'),(226,'Scripting','2020-03-07 23:24:11','2020-03-07 23:24:11','scripting',0,'others'),(227,'Scripting using PHP, VB, Powershell,C#,SQL, MySQL,PL-SQL','2020-03-07 23:25:18','2020-03-07 23:25:18','scripting-using-php-vb-powershellcsql-mysqlpl-sql',0,'others'),(228,'SharePoint Administration','2020-03-07 23:25:33','2020-03-07 23:25:33','sharepoint-administration',0,'others'),(229,'Electronic Evidence Handing and management','2020-03-07 23:26:13','2020-03-07 23:26:13','electronic-evidence-handing-and-management',0,'others'),(230,'Electronic Evidence collection and preservation','2020-03-07 23:27:11','2020-03-07 23:27:11','electronic-evidence-collection-and-preservation',0,'others'),(231,'GBV','2020-03-08 14:03:09','2020-03-08 14:03:09','gbv',0,'others'),(232,'child protection','2020-03-08 14:03:34','2020-03-08 14:03:34','child-protection',0,'others'),(233,'Human Resources Management','2020-03-09 02:06:47','2020-03-09 02:06:47','human-resources-management',0,'others'),(234,'Security management','2020-03-09 14:43:20','2020-03-09 14:43:20','security-management',0,'others'),(235,'International peacekeeping operations','2020-03-09 14:43:35','2020-03-09 14:43:35','international-peacekeeping-operations',0,'others'),(236,'investigations','2020-03-10 02:13:12','2020-03-10 02:13:12','investigations',0,'others'),(237,'Safety','2020-03-11 00:59:35','2020-03-11 00:59:35','safety',0,'others'),(238,'Compliance','2020-03-11 02:53:00','2020-03-11 02:53:00','compliance',0,'others'),(239,'Risk Management','2020-03-12 05:05:37','2020-03-12 05:05:37','risk-management',0,'others'),(240,'Police ans SFs training','2020-03-12 05:48:57','2020-03-12 05:48:57','police-ans-sfs-training',0,'others'),(241,'Road Safety','2020-03-12 05:49:08','2020-03-12 05:49:08','road-safety',0,'others'),(242,'Auditing','2020-03-14 06:45:48','2020-03-14 06:45:48','auditing',0,'others'),(243,'Drone Mapping','2020-03-19 07:12:59','2020-03-19 07:12:59','drone-mapping',0,'others'),(244,'Cash-based Intervention','2020-03-19 07:12:59','2020-03-19 07:12:59','cash-based-intervention',0,'others'),(245,'Geospatial Information Technology','2020-03-19 07:12:59','2020-03-19 07:12:59','geospatial-information-technology',0,'others'),(246,'Resource Management','2020-03-30 06:43:08','2020-03-30 06:43:08','resource-management',0,'others'),(247,'Utility Management','2020-03-30 06:43:08','2020-03-30 06:43:08','utility-management',0,'others'),(248,'Mobile Data Question Design and Survey','2020-03-30 06:43:08','2020-03-30 06:43:08','mobile-data-question-design-and-survey',0,'others'),(249,'Enterprise java developer','2020-03-31 04:32:45','2020-03-31 04:32:45','enterprise-java-developer',0,'others'),(250,'Data warehouse developer','2020-03-31 04:34:15','2020-03-31 04:34:15','data-warehouse-developer',0,'others'),(251,'Spatial database administrator','2020-03-31 04:37:33','2020-03-31 04:37:33','spatial-database-administrator',0,'others'),(252,'ODK','2020-03-31 10:01:52','2020-03-31 10:01:52','odk',0,'others'),(253,'KoboToolBox','2020-03-31 10:02:06','2020-03-31 10:02:06','kobotoolbox',0,'others'),(254,'Intelligence','2020-03-31 19:24:12','2020-03-31 19:24:12','intelligence',0,'others'),(255,'Policy','2020-03-31 19:24:31','2020-03-31 19:24:31','policy',0,'others'),(256,'Technology','2020-04-02 05:57:40','2020-04-02 05:57:40','technology',0,'others'),(257,'Collecte de donnes','2020-04-03 02:45:00','2020-04-03 02:45:00','collecte-de-donnees',0,'others'),(258,'Health & Safety Management','2020-04-03 05:06:51','2020-04-03 05:06:51','health-safety-management',0,'others'),(259,'Crisis Management','2020-04-03 05:06:56','2020-04-03 05:06:56','crisis-management',0,'others'),(260,'Physical Security Management','2020-04-03 05:07:18','2020-04-03 05:07:18','physical-security-management',0,'others'),(261,'Risk Reporting','2020-04-03 05:07:31','2020-04-03 05:07:31','risk-reporting',0,'others'),(262,'Global Travel Management','2020-04-03 05:08:02','2020-04-03 05:08:02','global-travel-management',0,'others'),(263,'Pre-deployment Management Process','2020-04-03 05:08:44','2020-04-03 05:08:44','pre-deployment-management-process',0,'others'),(264,'MENA','2020-04-04 08:48:55','2020-04-04 08:48:55','mena',0,'others'),(265,'Radio production','2020-04-04 09:22:14','2020-04-04 09:22:14','radio-production',0,'others'),(266,'Designer (cs5)','2020-04-04 09:22:34','2020-04-04 09:22:34','designer-cs5',0,'others'),(267,'Sales and marketing','2020-04-04 11:10:24','2020-04-04 11:10:24','sales-and-marketing',0,'others'),(268,'MEAL','2020-04-04 12:54:35','2020-04-04 12:54:35','meal',0,'others'),(269,'Digital Data Collection','2020-04-04 12:55:18','2020-04-04 12:55:18','digital-data-collection',0,'others'),(270,'NG','2020-04-04 23:12:57','2020-04-04 23:12:57','ng',0,'others'),(271,'Gesto de projectos','2020-04-05 06:03:04','2020-04-05 06:03:04','gestao-de-projectos',0,'others'),(272,'Respostas humanitria','2020-04-05 06:03:37','2020-04-05 06:03:37','respostas-humanitaria',0,'others'),(273,'Proteo a criana','2020-04-05 06:04:06','2020-04-05 06:04:06','protecao-a-crianca',0,'others'),(274,'Consultant','2020-04-05 11:09:45','2020-04-05 11:09:45','consultant',0,'others'),(275,'data collection','2020-04-05 19:44:11','2020-04-05 19:44:11','data-collection',0,'others'),(276,'Water and sanitation','2020-04-07 01:14:53','2020-04-07 01:14:53','water-and-sanitation',0,'others'),(277,'Water governance','2020-04-07 01:15:06','2020-04-07 01:15:06','water-governance',0,'others'),(278,'Leadership','2020-04-07 01:46:46','2020-04-07 01:46:46','leadership',0,'others'),(279,'psychology','2020-04-07 10:58:14','2020-04-07 10:58:14','psychology',0,'others'),(280,'Public and Global health','2020-04-09 10:27:16','2020-04-09 10:27:16','public-and-global-health',0,'others'),(281,'Montage video','2020-04-11 12:21:20','2020-04-11 12:21:20','montage-video',0,'others'),(282,'video montage','2020-04-11 12:22:16','2020-04-11 12:22:16','video-montage',0,'others'),(283,'Motion designer','2020-04-11 12:22:45','2020-04-11 12:22:45','motion-designer',0,'others'),(284,'web designer','2020-04-11 12:23:17','2020-04-11 12:23:17','web-designer',0,'others'),(285,'Accounting','2020-04-12 10:29:29','2020-04-12 10:29:29','accounting',0,'others'),(286,'Land survey','2020-04-13 04:55:55','2020-04-13 04:55:55','land-survey',0,'others'),(287,'Computing','2020-04-15 05:04:51','2020-04-15 05:04:51','computing',0,'others'),(288,'Nursing','2020-04-15 05:31:53','2020-04-15 05:31:53','nursing',0,'others'),(289,'Humanitaire','2020-04-15 09:03:11','2020-04-15 09:03:11','humanitaire',0,'others'),(290,'engineerings','2020-04-16 00:56:08','2020-04-16 00:56:08','engineerings',0,'others'),(291,'digital data capturing','2020-04-16 05:48:44','2020-04-16 05:48:44','digital-data-capturing',0,'others'),(292,'Supply Chain Management','2020-04-16 14:51:06','2020-04-16 14:51:06','supply-chain-management',0,'others'),(293,'Reverse Logistics','2020-04-16 14:51:18','2020-04-16 14:51:18','reverse-logistics',0,'others'),(294,'Warehouse Management','2020-04-16 14:51:31','2020-04-16 14:51:31','warehouse-management',0,'others'),(295,'Fleet Management','2020-04-16 14:51:38','2020-04-16 14:51:38','fleet-management',0,'others'),(296,'Supply Chain Operations','2020-04-16 14:51:54','2020-04-16 14:51:54','supply-chain-operations',0,'others');
/*!40000 ALTER TABLE `field_of_works` ENABLE KEYS */;
UNLOCK TABLES;

--
-- Table structure for table `follow_im_test`
--

DROP TABLE IF EXISTS `follow_im_test`;
/*!40101 SET @saved_cs_client     = @@character_set_client */;
/*!40101 SET character_set_client = utf8 */;
CREATE TABLE `follow_im_test` (
  `id` bigint(20) unsigned NOT NULL AUTO_INCREMENT,
  `text1` text COLLATE utf8mb4_unicode_ci DEFAULT NULL,
  `text2` text COLLATE utf8mb4_unicode_ci DEFAULT NULL,
  `text3` text COLLATE utf8mb4_unicode_ci DEFAULT NULL,
  `im_test_id` bigint(20) unsigned NOT NULL,
  `profil_id` int(10) unsigned NOT NULL,
  `created_at` timestamp NULL DEFAULT NULL,
  `updated_at` timestamp NULL DEFAULT NULL,
  `file1` int(11) DEFAULT NULL,
  `file2` int(11) DEFAULT NULL,
  `file3` int(11) DEFAULT NULL,
  `im_test_templates_id` int(11) DEFAULT NULL,
  PRIMARY KEY (`id`),
  KEY `follow_im_test_profil_id_foreign` (`profil_id`),
  KEY `follow_im_test_im_test_id_foreign` (`im_test_id`),
  CONSTRAINT `follow_im_test_im_test_id_foreign` FOREIGN KEY (`im_test_id`) REFERENCES `im_test` (`id`) ON DELETE CASCADE,
  CONSTRAINT `follow_im_test_profil_id_foreign` FOREIGN KEY (`profil_id`) REFERENCES `profiles` (`id`) ON DELETE CASCADE
) ENGINE=InnoDB AUTO_INCREMENT=7 DEFAULT CHARSET=utf8mb4 COLLATE=utf8mb4_unicode_ci;
/*!40101 SET character_set_client = @saved_cs_client */;

--
-- Dumping data for table `follow_im_test`
--

LOCK TABLES `follow_im_test` WRITE;
/*!40000 ALTER TABLE `follow_im_test` DISABLE KEYS */;
INSERT INTO `follow_im_test` VALUES (1,NULL,NULL,NULL,2,1,'2020-02-09 22:04:08','2020-02-09 22:04:08',916,NULL,NULL,NULL),(2,NULL,NULL,NULL,3,1,'2020-02-09 22:04:09','2020-02-09 22:04:09',917,918,919,NULL),(3,'<p>asdfhas;kdfhk</p>',NULL,NULL,4,1,'2020-02-09 22:04:09','2020-02-09 22:04:09',NULL,NULL,NULL,NULL),(4,'<p>dlfbjalkbdklasnfdlka</p>',NULL,NULL,5,1,'2020-02-09 22:04:09','2020-02-09 22:04:09',NULL,NULL,NULL,NULL);
/*!40000 ALTER TABLE `follow_im_test` ENABLE KEYS */;
UNLOCK TABLES;

--
-- Table structure for table `groups`
--

DROP TABLE IF EXISTS `groups`;
/*!40101 SET @saved_cs_client     = @@character_set_client */;
/*!40101 SET character_set_client = utf8 */;
CREATE TABLE `groups` (
  `id` bigint(20) unsigned NOT NULL AUTO_INCREMENT,
  `name` varchar(255) COLLATE utf8_unicode_ci NOT NULL,
  `slug` varchar(255) COLLATE utf8_unicode_ci NOT NULL,
  `description` text COLLATE utf8_unicode_ci DEFAULT NULL,
  `created_at` timestamp NULL DEFAULT NULL,
  `updated_at` timestamp NULL DEFAULT NULL,
  PRIMARY KEY (`id`),
  UNIQUE KEY `groups_slug_unique` (`slug`)
) ENGINE=InnoDB AUTO_INCREMENT=2 DEFAULT CHARSET=utf8 COLLATE=utf8_unicode_ci;
/*!40101 SET character_set_client = @saved_cs_client */;

--
-- Dumping data for table `groups`
--

LOCK TABLES `groups` WRITE;
/*!40000 ALTER TABLE `groups` DISABLE KEYS */;
INSERT INTO `groups` VALUES (1,'Reference Check','reference-check',NULL,'2022-11-03 03:22:56','2022-11-03 03:23:14');
/*!40000 ALTER TABLE `groups` ENABLE KEYS */;
UNLOCK TABLES;

--
-- Table structure for table `hr_contract_templates`
--

DROP TABLE IF EXISTS `hr_contract_templates`;
/*!40101 SET @saved_cs_client     = @@character_set_client */;
/*!40101 SET character_set_client = utf8 */;
CREATE TABLE `hr_contract_templates` (
  `id` bigint(20) unsigned NOT NULL AUTO_INCREMENT,
  `template_name` varchar(255) COLLATE utf8mb4_unicode_ci NOT NULL,
  `slug` varchar(255) COLLATE utf8mb4_unicode_ci NOT NULL,
  `contracts` text COLLATE utf8mb4_unicode_ci NOT NULL,
  `footer` text COLLATE utf8mb4_unicode_ci DEFAULT NULL,
  `created_at` timestamp NULL DEFAULT NULL,
  `updated_at` timestamp NULL DEFAULT NULL,
  PRIMARY KEY (`id`),
  UNIQUE KEY `hr_contract_templates_slug_unique` (`slug`)
) ENGINE=InnoDB DEFAULT CHARSET=utf8mb4 COLLATE=utf8mb4_unicode_ci;
/*!40101 SET character_set_client = @saved_cs_client */;

--
-- Dumping data for table `hr_contract_templates`
--

LOCK TABLES `hr_contract_templates` WRITE;
/*!40000 ALTER TABLE `hr_contract_templates` DISABLE KEYS */;
/*!40000 ALTER TABLE `hr_contract_templates` ENABLE KEYS */;
UNLOCK TABLES;

--
-- Table structure for table `hr_job_categories`
--

DROP TABLE IF EXISTS `hr_job_categories`;
/*!40101 SET @saved_cs_client     = @@character_set_client */;
/*!40101 SET character_set_client = utf8 */;
CREATE TABLE `hr_job_categories` (
  `id` int(10) unsigned NOT NULL AUTO_INCREMENT,
  `name` varchar(255) COLLATE utf8mb4_unicode_ci NOT NULL,
  `slug` varchar(255) COLLATE utf8mb4_unicode_ci NOT NULL,
  `is_approved` tinyint(1) NOT NULL DEFAULT 0,
  `created_at` timestamp NULL DEFAULT NULL,
  `updated_at` timestamp NULL DEFAULT NULL,
  PRIMARY KEY (`id`),
  UNIQUE KEY `hr_job_categories_slug_unique` (`slug`)
) ENGINE=InnoDB AUTO_INCREMENT=17 DEFAULT CHARSET=utf8mb4 COLLATE=utf8mb4_unicode_ci;
/*!40101 SET character_set_client = @saved_cs_client */;

--
-- Dumping data for table `hr_job_categories`
--

LOCK TABLES `hr_job_categories` WRITE;
/*!40000 ALTER TABLE `hr_job_categories` DISABLE KEYS */;
INSERT INTO `hr_job_categories` VALUES (1,'Information Management','information-management',1,'2019-06-02 12:24:53','2020-04-30 22:04:11'),(2,'Developer','developer',1,'2019-06-02 12:32:57','2020-04-30 22:04:10'),(3,'Geographic Information System','geographic-information-system',1,'2019-06-02 12:39:32','2020-04-30 22:04:10'),(4,'Data Analyst','data-analyst',1,'2019-06-02 12:42:23','2020-04-30 22:04:07'),(5,'Data Entry Clerk','data-entry-clerk',1,'2019-06-02 13:00:27','2020-04-30 22:04:06'),(6,'Field Security','field-security',1,'2019-06-02 13:11:55','2020-04-30 22:04:03'),(7,'Capacity Building','capacity-building',1,'2019-06-02 13:32:26','2020-04-30 22:04:02'),(8,'Context analyst / Political and conflict analyst','context-analyst-political-and-conflict-analyst',1,'2019-06-02 18:50:45','2020-04-30 22:04:02'),(9,'Programme / Business Development','programme-business-development',1,'2019-06-02 18:52:46','2020-04-30 22:04:00'),(10,'Communications','communications',1,'2019-06-02 18:54:04','2020-04-30 22:03:59'),(11,'Country Representative','country-representative',1,'2019-06-02 18:56:14','2020-04-30 22:03:58'),(12,'Administration','administration',1,'2019-06-02 19:02:16','2020-04-30 22:03:58'),(13,'Mobile Developer','mobile-developer',0,'2019-06-14 00:27:44','2019-06-14 00:27:44'),(14,'Other Job Category','other-job-category',0,'2020-04-30 22:06:03','2020-04-30 22:06:03'),(15,'New Job Category','new-job-category',0,'2020-05-07 07:14:23','2020-05-07 07:14:23'),(16,'New Job Category NAME TEST','new-job-category-name-test',0,'2020-05-14 05:31:43','2020-05-14 05:31:43');
/*!40000 ALTER TABLE `hr_job_categories` ENABLE KEYS */;
UNLOCK TABLES;

--
-- Table structure for table `hr_job_categories_sections`
--

DROP TABLE IF EXISTS `hr_job_categories_sections`;
/*!40101 SET @saved_cs_client     = @@character_set_client */;
/*!40101 SET character_set_client = utf8 */;
CREATE TABLE `hr_job_categories_sections` (
  `id` bigint(20) unsigned NOT NULL AUTO_INCREMENT,
  `hr_job_category_id` int(10) unsigned NOT NULL,
  `sub_section` varchar(255) COLLATE utf8mb4_unicode_ci NOT NULL,
  `sub_section_content` text COLLATE utf8mb4_unicode_ci NOT NULL,
  `level` int(11) NOT NULL,
  `created_at` timestamp NULL DEFAULT NULL,
  `updated_at` timestamp NULL DEFAULT NULL,
  PRIMARY KEY (`id`),
  KEY `hr_job_categories_sections_hr_job_category_id_foreign` (`hr_job_category_id`),
  CONSTRAINT `hr_job_categories_sections_hr_job_category_id_foreign` FOREIGN KEY (`hr_job_category_id`) REFERENCES `hr_job_categories` (`id`)
) ENGINE=InnoDB AUTO_INCREMENT=117 DEFAULT CHARSET=utf8mb4 COLLATE=utf8mb4_unicode_ci;
/*!40101 SET character_set_client = @saved_cs_client */;

--
-- Dumping data for table `hr_job_categories_sections`
--

LOCK TABLES `hr_job_categories_sections` WRITE;
/*!40000 ALTER TABLE `hr_job_categories_sections` DISABLE KEYS */;
INSERT INTO `hr_job_categories_sections` VALUES (67,2,'Organization','<p><em>iMMAP is an international nongovernmental organisation that provides information management services to humanitarian and development organizations. Through information management, we help our partners target assistance to the worlds most vulnerable populations. Our core philosophy is that better data leads to better decisions and that better decisions lead to better outcomes. iMMAPs critical support to information value chains helps to solve operational and strategic challenges of our partners in both emergency and development contexts by enabling evidence-based decision-making for better outcomes.</em></p>',0,'2019-10-03 01:46:04','2019-10-03 01:46:04'),(68,2,'Background','<p><em>Country specific</em></p>',1,'2019-10-03 01:46:04','2019-10-03 01:46:04'),(69,2,'Description of Duties','<ul><li><strong>Operational</strong></li><li class=\"ql-indent-1\">Develop visualisation tools based on the Ushahidi platform related to the Venezuela crisis in Colombia.</li><li class=\"ql-indent-1\">Provide maintenance, support, development and improvements to the Integrated Information System. sidi.umaic.org (login: demo, pass: demo), prioritizing the 4W project module</li><li><strong>Maintenance  specific</strong></li><li class=\"ql-indent-1\">Implement and execute a database backup plan (MySQL) of all systems</li><li class=\"ql-indent-1\">Implement some type of profiler for Apache, PHP and MySQL to improve the performance of the systems</li><li><strong>Online reporting tool  specific</strong></li><li class=\"ql-indent-1\">Configure and maintain the online reporting tool, ReportHub, for target county implementations to support humanitarian reporting of partners including;</li><li><strong>Full stack specific</strong></li><li class=\"ql-indent-1\">Configure and maintain the online reporting tool, ReportHub, for target county implementations to support humanitarian reporting of partners including;</li><li class=\"ql-indent-2\">Country and cluster level indicators, beneficiary groups, facility types and site level reporting locations</li><li class=\"ql-indent-2\">User interface and database updates.</li><li class=\"ql-indent-1\">Further extend and develop additional data collection and analysis modules, RestAPIs and features into ReportHub as required by stakeholders to support humanitarian reporting.</li><li class=\"ql-indent-1\">Design and develop training materials and conduct training and capacity building of partners to ensure partners are able to successfully report on activities.</li><li class=\"ql-indent-1\">Requirements gathering and implementation for real-time reporting and statistical analysis in country level contexts based on the country level Humanitarian Response Plan (HRP).</li><li class=\"ql-indent-1\">Server setup, administration, management and optimization including documentation.</li><li class=\"ql-indent-1\">Data Platform software development under TDD approach following the Agile process with task breakdowns, sprint goals and sprint reviews.</li><li class=\"ql-indent-1\">Identification of new technologies and methods to improve the maintainability and scalability of the application.</li></ul>',2,'2019-10-03 01:46:04','2019-10-03 01:46:04'),(70,2,'Requirements','<ul><li><strong>Education</strong></li><li class=\"ql-indent-1\">University degree in Information Technology, mathematics, statistics or related area.</li><li class=\"ql-indent-1\"><strong>Full stack  specific:</strong></li><li class=\"ql-indent-2\">University degree in Information Technology, mathematics, statistics or related area.</li><li class=\"ql-indent-1\"><strong>Experience</strong></li><li class=\"ql-indent-2\">Mastery of the principles of data handling and processing.</li><li class=\"ql-indent-2\">Minimum XXX years experience in web development</li><li class=\"ql-indent-3\">frontend / backend.</li><li class=\"ql-indent-2\">Extensive experience in:</li><li class=\"ql-indent-3\">PHP</li><li class=\"ql-indent-3\">MySQL</li><li class=\"ql-indent-3\">Linux servers (SLES and Centos)</li><li class=\"ql-indent-3\">JQuery</li><li class=\"ql-indent-3\">CSS3</li><li class=\"ql-indent-3\">Bootstrap</li><li class=\"ql-indent-3\">Openlayers</li><li class=\"ql-indent-3\">Leaflet</li><li class=\"ql-indent-3\">Mapserver</li><li class=\"ql-indent-3\">PostgreSQL</li><li class=\"ql-indent-3\">PostGIS</li><li class=\"ql-indent-2\">Experience in bash Linux programming and proactivity to automate scripting repetitive office tasks.</li><li class=\"ql-indent-2\"><strong>Web  specific:</strong></li><li class=\"ql-indent-3\">XXX years of relevant work experience in the design and implementation of web development applications</li><li class=\"ql-indent-2\"><strong>Full stack  specific:</strong></li><li class=\"ql-indent-3\">XXX years of relevant work experience in the design and implementation of web development applications.</li><li class=\"ql-indent-3\">Experience developing, documenting and maintaining RESTful API data services.</li><li class=\"ql-indent-3\">Experience in the design and implementation training and capacity building.</li><li class=\"ql-indent-3\">Experience with Agile development and Test-Driven Development (TDD) approach.</li><li class=\"ql-indent-3\">Experience with HTML, CSS, Material Design, JavaScript, ES6, TypeScript, Gulp, Bower, xlsForms (Kobo, ONA, ODK).</li><li class=\"ql-indent-3\">Experience with location-based data storage, data formats, manipulation and analysis.</li><li class=\"ql-indent-3\">Experience with training and capacity building.</li><li class=\"ql-indent-3\">Knowledge of UN cluster approach.</li><li class=\"ql-indent-3\">Knowledge of PostGIS, and spatial coordinate reference systems</li><li class=\"ql-indent-2\"><strong>Soft skills</strong></li><li class=\"ql-indent-3\">Ability to work in an organized manner, can carry several projects at the same time, work under pressure and meet deadlines.</li><li class=\"ql-indent-3\">Ability to communicate, in an effective and visually creative way, information and ideas in a written and oral manner.</li><li class=\"ql-indent-2\"><strong>Programmes</strong></li><li class=\"ql-indent-3\"><strong></strong>Experience with Git, Linux, PostgreSQL / PostGIS, MongoDB, Node.js, AngularJS</li></ul>',3,'2019-10-03 01:46:04','2019-10-03 01:46:04'),(71,12,'Organization','<p><em>iMMAP is an international nongovernmental organisation that provides information management services to humanitarian and development organizations. Through information management, we help our partners target assistance to the worlds most vulnerable populations. Our core philosophy is that better data leads to better decisions and that better decisions lead to better outcomes. iMMAPs critical support to information value chains helps to solve operational and strategic challenges of our partners in both emergency and development contexts by enabling evidence-based decision-making for better outcomes.</em></p>',0,'2019-10-03 20:53:30','2019-10-03 20:53:30'),(72,12,'Background','<p><em>Country specific</em></p>',1,'2019-10-03 20:53:30','2019-10-03 20:53:30'),(73,12,'Description of Duties','<p><em> la carte, then listed in sub-categories:</em></p><p><br></p><p><br></p><ul><li>Supervise and coordinate the provision of all administrative, personnel and financial support require to the project, ensuring that appropriate control reporting structure are maintained in accordance with the organisations rules and regulations.</li><li>Manage projects accounting and financial system by ensuring that appropriate cashbook prepared for each month expenses.</li><li>Coordinate and act as focal point for issues relating to finance (including salary, payment of per diem, rent, hazardous, R &amp;R, process of invoices and receipt of funds).</li><li>Coordinate the asset inventory process, including procurement and reporting in established forms to iMMAP.</li><li>Manage admin/finance issues with iMMAP head quarter office when required.</li><li>Manage logistic issues for iMMAP activities support to national mine action offices.</li><li>Undertake other duties as requested by the line manager.</li><li>Prepare all finance reports and monthly cashbook for iMMAP Syria with scanning all receipts.</li></ul>',2,'2019-10-03 20:53:30','2019-10-03 20:53:30'),(74,12,'Requirements','<ul><li><strong>Education</strong></li><li class=\"ql-indent-1\">University an Institute degree in business administration, finance or relevant field</li><li><strong>Experience</strong></li><li class=\"ql-indent-1\">With at least XXX years or work experience in Administration field.</li><li><strong>Soft skills</strong></li><li class=\"ql-indent-1\">Flexible and adaptable to any situation.</li><li class=\"ql-indent-1\">Ability to translate XX to XX and XX to XX</li><li class=\"ql-indent-1\">Ability to work independently while under pressure and during long hours.</li><li class=\"ql-indent-1\">Excellent work habits with a willingness to work in a multi-cultural environment.</li><li class=\"ql-indent-1\">Excellent organizational skills, including proven ability in administration, financial and logistics.</li><li class=\"ql-indent-1\">Excellent communication skills, including drafting documents;</li><li><strong>Programmes</strong></li><li class=\"ql-indent-1\"><strong></strong>Excellent computer skills in the Windows and Microsoft Office especially MS Excel and MS Access.</li></ul>',3,'2019-10-03 20:53:30','2019-10-03 20:53:30'),(75,11,'Organization','<p><em>iMMAP is an international nongovernmental organisation that provides information management services to humanitarian and development organizations. Through information management, we help our partners target assistance to the worlds most vulnerable populations. Our core philosophy is that better data leads to better decisions and that better decisions lead to better outcomes. iMMAPs critical support to information value chains helps to solve operational and strategic challenges of our partners in both emergency and development contexts by enabling evidence-based decision-making for better outcomes.</em></p>',0,'2019-10-03 20:53:52','2019-10-03 20:53:52'),(76,11,'Background','<p><em>Country specific</em></p>',1,'2019-10-03 20:53:52','2019-10-03 20:53:52'),(77,11,'Description of Duties','<p>The Country Representative (CR) is the senior iMMAP management position in host country, with supervisory and managerial responsibility for all in-country personnel, programmes and policies. The CR is responsible for developing the overall iMMAP strategic direction for programming in concert with the iMMAP senior management team and local and international partners. S/He is also responsible for developing and implementing systems, policies and procedures for iMMAP operations in country. As the iMMAP senior manager in country, the CR is also responsible for financial oversight, strategic planning, monitoring and evaluation, staff safety and security, human resource management, and representation in the field. Working closely with the chief executive officer, the CR ensures that country programme operations meet the highest standard and are supportive of regional and global iMMAP strategies.</p><p><br></p><p><br></p><ul><li><strong>Strategy and Vision</strong></li><li class=\"ql-indent-1\">Formulate and plan, in consultation with key stakeholders, a clear vision of present and future programme goals and strategies which can be clearly communicated to team members, local beneficiaries, international partners, governmental counterparts, and donors.</li><li class=\"ql-indent-1\">Set direction by prioritising and organising actions and resources to achieve program and organisational objectives.</li><li class=\"ql-indent-1\">Evaluate program priorities within the country and participate in regional prioritisation.</li><li class=\"ql-indent-1\">Explore, evaluate and present new country and project funding opportunities that leverage impact and integrate initiatives and activities; support and direct related fund-raising activities with both institutional and private donors.</li><li><strong>Team Management</strong></li><li class=\"ql-indent-1\">Develop and maintain an adequate human resource plan consistent with iMMAPs policies, including current position descriptions for all iMMAP in country positions, personnel orientation and professional development plans, personnel evaluation system, field personnel policy manual, and personnel grievance procedure system.</li><li class=\"ql-indent-1\">Recruit, manage and motivate an informed, skilled and efficient team with an emphasis on excellence and achievement; encourage a team culture of learning, creativity and innovation, incorporating staff development strategies and performance management systems into the team building process.</li><li class=\"ql-indent-1\">Establish leadership and personal credibility with the iMMAP team, and implement and create an organisational culture of accountability, responsibility and quality of services.</li><li><strong>Reporting, Monitoring and Evaluation</strong></li><li class=\"ql-indent-1\">Ensure the programme is based upon sound principles of design and utilise iMMAP and donor required monitoring and evaluation systems.</li><li><strong>Representation</strong></li><li class=\"ql-indent-1\">Represent the iMMAP country programme with national and international donors, partners, media, and participate in local community activities as appropriate.</li><li class=\"ql-indent-1\">Maintain effective and positive internal contacts with iMMAP headquarters officers and staff, and external contacts with the Embassies, national and local government officials, international non-governmental organisations (NGOs), donor agency officials, vendors, media, and the general public.</li><li><strong>Fiscal, Compliance Management and Accountability</strong></li><li class=\"ql-indent-1\">Coordinate overall country budget; manage budget within approved spending levels and establish an annual cash flow plan to ensure a steady and adequate supply of funds for program activities.</li><li class=\"ql-indent-1\">Oversee budget management of sub-grantees/sub-contractors if any.</li><li class=\"ql-indent-1\">Build and maintain operational structures that ensure proper segregation of duties between finance, administration and logistics and fully support field programs.</li><li><strong>Security</strong></li><li class=\"ql-indent-1\">Manage safety and security of the entire iMMAP country team and assets according to best practices, operating standards and field realities.</li><li class=\"ql-indent-1\">Liaise with security officials of the local government and other humanitarian, relief and development stakeholders concerning crucial events, periods of increased risk, incident reporting, and security policy changes.</li></ul>',2,'2019-10-03 20:53:52','2019-10-03 20:53:52'),(78,11,'Requirements','<ul><li><strong>Education</strong></li><li class=\"ql-indent-1\">Advanced university degree in Business Administration, Project Management, Information Science or other relevant fields;</li><li><strong>Experience</strong></li><li class=\"ql-indent-1\">At least 15 years of experience with increasing responsibility in management positions, preferably within the UN or other humanitarian organizations;</li><li class=\"ql-indent-1\">Complete understanding of the UN cluster system and its functioning;</li><li class=\"ql-indent-1\">Proven ability and experience interacting with a wide range of organizations and stakeholders from the UN, donors, clusters, NGOs;</li><li class=\"ql-indent-1\">Experience in emergency relief management and field coordination;</li><li><strong>Soft skills</strong></li><li class=\"ql-indent-1\">Strong presentation and communication skills;</li><li class=\"ql-indent-1\">Service orientated and ability to build consensus.</li><li class=\"ql-indent-1\">Ability to understand and adapt to complex and dynamic situations;</li><li class=\"ql-indent-1\">Ability to work in harsh operational environments;</li><li class=\"ql-indent-1\">Takes initiatives, manages own use of time and is self-motivating;</li><li class=\"ql-indent-1\">Self drive, flexibility and creativity.</li></ul><p><br></p>',3,'2019-10-03 20:53:52','2019-10-03 20:53:52'),(79,10,'Organization','<p><em>iMMAP is an international nongovernmental organisation that provides information management services to humanitarian and development organizations. Through information management, we help our partners target assistance to the worlds most vulnerable populations. Our core philosophy is that better data leads to better decisions and that better decisions lead to better outcomes. iMMAPs critical support to information value chains helps to solve operational and strategic challenges of our partners in both emergency and development contexts by enabling evidence-based decision-making for better outcomes.</em></p>',0,'2019-10-03 20:54:24','2019-10-03 20:54:24'),(80,10,'Background','<p><em>Country specific</em></p>',1,'2019-10-03 20:54:24','2019-10-03 20:54:24'),(81,10,'Description of Duties','<p>The communications officer (CO) assumes the primary responsibility for planning, developing and implementing communication strategies to promote iMMAPs programmes.</p><p><br></p><p><em> la carte, then listed in sub-categories:</em></p><p><br></p><p><br></p><ul><li><strong>Operational</strong></li><li class=\"ql-indent-1\">Examine the work of iMMAP in country to assess the communication capacity of the organisation and its various programs and projects, and determine communication requirements (internal and external) that must be met to support the organizations goals;</li><li class=\"ql-indent-1\">Identify and detail approaches for fulfilling iMMAPs communication requirements in country in a comprehensive and coordinated strategy that best promotes its programmes and mission;</li><li class=\"ql-indent-1\">Propose and lead the development of media related products including print, electronic, and online that can be employed to promote the work of the organisation and maximise its awareness within the wider humanitarian community;</li><li class=\"ql-indent-1\">Develop a monitoring and evaluation system to facilitate the measurement of the impact and efficiency of the new implemented communications strategy;</li><li class=\"ql-indent-1\">Where appropriate, represent the iMMAP project team with partners, and participate in local community activities;</li><li class=\"ql-indent-1\">Maintain effective and positive internal contacts with iMMAP regional officers and staff, and external contacts with national and local government officials, international non-governmental organisations (NGOs), donor agency officials, vendors, media, and the general public;</li><li class=\"ql-indent-1\">Follow iMMAP\'s branding regulations required for marking, or branding, of all iMMAP products and correspondence.</li><li class=\"ql-indent-1\">Serve as the main contributor of information regarding the Iraq program to the communications and outreach manager in HQ.</li><li class=\"ql-indent-1\">Coordinate and collaborate with the communications and outreach manager in HQ on various projects as needed.</li><li class=\"ql-indent-1\">Serve as the main contributor on iMMAP social media pages for the country related content.</li></ul><p><br></p>',2,'2019-10-03 20:54:24','2019-10-03 20:54:24'),(82,10,'Requirements','<ul><li><strong>Education</strong></li><li class=\"ql-indent-1\">A university degree in communications, marketing or related field.</li><li><strong>Experience</strong></li><li class=\"ql-indent-1\">Minimum of XX years experience in communication, public relations, advertising, communication analysis &amp; planning, social development communication, marketing;</li><li class=\"ql-indent-1\">Thorough knowledge of the UN cluster system and how it operates</li><li class=\"ql-indent-1\">Proven ability and experience interacting with a wide range of organisations while upholding humanitarian principles of impartiality and neutrality.</li></ul>',3,'2019-10-03 20:54:24','2019-10-03 20:54:24'),(83,9,'Organization','<p><em>iMMAP is an international nongovernmental organisation that provides information management services to humanitarian and development organizations. Through information management, we help our partners target assistance to the worlds most vulnerable populations. Our core philosophy is that better data leads to better decisions and that better decisions lead to better outcomes. iMMAPs critical support to information value chains helps to solve operational and strategic challenges of our partners in both emergency and development contexts by enabling evidence-based decision-making for better outcomes.</em></p>',0,'2019-10-03 20:54:41','2019-10-03 20:54:41'),(84,9,'Background','<p><em>Country specific</em></p>',1,'2019-10-03 20:54:41','2019-10-03 20:54:41'),(85,9,'Description of Duties','<ul><li><strong>Project Management</strong></li><li class=\"ql-indent-1\">Develop programming through writing of project concept paper, proposal and budget for iMMAP using best practices in coordination with appropriate program units.</li><li class=\"ql-indent-1\">Oversee the overall design of the program ensuring objectives are met within the required time frame and budget. Where necessary ensure preventative and corrective action is taken.</li><li class=\"ql-indent-1\">Develop an implementation strategy which is appropriate to the country context and strategy.</li><li class=\"ql-indent-1\">Plan the mobilisation of resources for the implementation of program activities.</li><li class=\"ql-indent-1\">Manage a comprehensive activity plan, including resource needs analysis, covering the time frame.</li><li class=\"ql-indent-1\">Proactively inform iMMAP Head of Office of identified opportunities, risks and risk mitigation relevant to the program planning and implementation.</li><li class=\"ql-indent-1\">Maintain an overview of the national and regional context with a view to the strategic development of the project both in the current identified sites and potential of future program extension and expansion.</li><li class=\"ql-indent-1\">Support programme implementation as needed, including: developing assessments, baselines, budgets, monitoring and evaluation systems, field visits to verify data, reporting and close-out.</li><li><strong>Financial Management</strong></li><li class=\"ql-indent-1\">Plan and construct the program budget</li><li class=\"ql-indent-1\">Ensure that budgets are spent according to donor proposals and regulations.</li><li class=\"ql-indent-1\">Monitor the spending of designated programme funds in the pre-operational phase of the program.</li><li><strong>Staff Management</strong></li><li class=\"ql-indent-1\">Ensure all identification, selection and contracting related issues for the staff of the designated project are carried out in accordance with iMMAP guidelines.</li><li class=\"ql-indent-1\">Ensure that staff receive appropriate and adequate training by providing coaching.</li><li class=\"ql-indent-1\">Through a consultative leadership style and a transparent and supportive communication structure, develop and build an effective iMMAP project team.</li><li><strong>Security Management</strong></li><li class=\"ql-indent-1\">Assess and review the security status of identified areas of operation.</li><li class=\"ql-indent-1\">Ensure security plans and protocols for the areas of operation are updated and implemented.</li><li><strong>Quality Management</strong></li><li class=\"ql-indent-1\">Ensure designated projects are implemented in line with donor proposals and requirements.</li><li class=\"ql-indent-1\">Regularly assess and provide feedback and recommendations on the quality of the programmes.</li><li><strong>Representation</strong></li><li class=\"ql-indent-1\">Register iMMAP in requested countries.</li><li class=\"ql-indent-1\">Build relationships on behalf of iMMAP with bilateral donors, international non-governmental organisations, implementation partners and other agencies relevant to the implementation of the programme.</li><li class=\"ql-indent-1\">Represent iMMAP in relevant consultations and meetings.</li><li class=\"ql-indent-1\">Ensure complete and timely reporting of activities to iMMAP, donor, and implementation partners.</li><li class=\"ql-indent-1\">Assist iMMAP Head of Office with forward strategic planning, monitoring and evaluation.</li><li class=\"ql-indent-1\">Other relevant duties as assigned by the Head of Office.</li></ul>',2,'2019-10-03 20:54:41','2019-10-03 20:54:41'),(86,9,'Requirements','<ul><li><strong>Education</strong></li><li class=\"ql-indent-1\">Bachelors or master\'s degree in international development studies preferred but not required;</li><li><strong>Experience</strong></li><li class=\"ql-indent-1\">Minimum of XXX years experience in programme management required; or equivalent combination of education and experience.</li><li class=\"ql-indent-1\">At least XXX years of work experience in similar management and/or advisor functions in international humanitarian or development aid.</li><li class=\"ql-indent-1\">Demonstrated experience and knowledge in establishing systems and overseeing programme start-up under limited time constraints as well as plan programme close-out.</li><li class=\"ql-indent-1\">Knowledge of basic programme development skills such as quantitative and qualitative monitoring and evaluation.</li><li class=\"ql-indent-1\">Knowledge of national and regional dynamics of migration and actors, and an understanding of the functioning and policy-making dynamics of these actors;</li><li class=\"ql-indent-1\">Proven and well-developed influencing and relationship-building skills in dealing with stakeholders at all levels.</li><li class=\"ql-indent-1\">Demonstrable highly developed written and oral communication skills.</li><li class=\"ql-indent-1\">Grant management experience with knowledge of the grant submission processes of major humanitarian and development donors such but not limited to the IOM, USAID, OFDA, PRM.</li><li class=\"ql-indent-1\">Experience in data collection and population monitoring.</li><li><strong>Soft skills</strong></li><li class=\"ql-indent-1\">Strong analytical skills, and apt at turning abstract discussions into concrete ideas.</li><li class=\"ql-indent-1\">Technical writing skills including developing proposals and reports.</li><li class=\"ql-indent-1\">Ability to develop and carry out work plans and solve problems independently.</li><li class=\"ql-indent-1\">Ability to perform well on tight deadlines, flexible attitude.</li><li class=\"ql-indent-1\">Ability to select, develop and lead teams.</li><li class=\"ql-indent-1\">Ability to work based on objectives.</li><li><strong>Programmes</strong></li><li class=\"ql-indent-1\">Knowledge of computer applications, in particular proficiency required in MS Office.and Google Suites.</li><li class=\"ql-indent-1\">Knowledge and experience working with Kobo Toolbox is an advantage.</li></ul>',3,'2019-10-03 20:54:41','2019-10-03 20:54:41'),(87,8,'Organization','<p><em>iMMAP is an international nongovernmental organisation that provides information management services to humanitarian and development organizations. Through information management, we help our partners target assistance to the worlds most vulnerable populations. Our core philosophy is that better data leads to better decisions and that better decisions lead to better outcomes. iMMAPs critical support to information value chains helps to solve operational and strategic challenges of our partners in both emergency and development contexts by enabling evidence-based decision-making for better outcomes.</em></p>',0,'2019-10-03 20:55:17','2019-10-03 20:55:17'),(88,8,'Background','<p><em>Country specific</em></p>',1,'2019-10-03 20:55:17','2019-10-03 20:55:17'),(89,8,'Description of Duties','<p>The context analyst will work with the iMMAP analysis team to provide in-depth analysis on the changing situation in various geographic regions of the country. These include, but not limited to, analysis of the changing political and conflict situation; analysis of local stakeholders; analysis of local governance structures; local stakeholder capacity assessments.</p><p><br></p><p><em> la carte, then listed in sub-categories:</em></p><p><br></p><p><br></p><ul><li><strong>Operational</strong></li><li class=\"ql-indent-1\">The Context Analyst will primarily be involved in tracking atmospheric data and conducting analysis, composing contextual reports based upon said analysis, supporting the production of reporting products, composing sub-district profiles, meeting with, and briefing, partners and stakeholders.</li><li class=\"ql-indent-1\">Produce regular reports and analysis while shaping tracking outputs to best fit the information needs of iMMAP partners and the humanitarian architecture;</li><li class=\"ql-indent-1\">Stay aware of political, social, economic and cultural developments that have an impact on the protection environment for inclusion in analysis and timely alerting of appropriate actors;</li><li class=\"ql-indent-1\">Contribute to survey design to ensure the most relevant information is collected at the appropriate level of disaggregation;</li><li class=\"ql-indent-1\">In coordination with iMMAPs IM and analysis teams, develop a reporting matrix and follow up throughout life of project to ensure timely and regular publishing of high-quality reports and information;</li><li class=\"ql-indent-1\">Develop report outlines and work with the IM team to enhance and automate regular reporting functions;</li><li class=\"ql-indent-1\">Provide high quality research and analysis to the iMMAP analysis team enabling evidence-based representation from the field and ensure documentation is supported;</li><li class=\"ql-indent-1\">Actively tracking and monitoring political, security/conflict, economic, social, and infrastructure related developments and dynamics in country that directly or indirectly affect refugee return scenarios.</li><li class=\"ql-indent-1\">Develop and maintain a network of key informants for the purpose of attaining and triangulating sensitive information pertaining to the local context.</li><li class=\"ql-indent-1\">Manage relations with any potential sub-partners conducting research on the local context.</li><li class=\"ql-indent-1\">Closely monitor and analyse open source media and reporting pertaining to the local context.</li><li class=\"ql-indent-1\">Work closely with iMMAP technical specialists in support of data visualisation, imagery, and GIS and keep concerned counterparts fully briefed on project implementation and progress from the functional and technical standpoints.</li><li class=\"ql-indent-1\">Support and document the review and development of the project strategy, and projected targets, and indicators per the proposal submission.</li><li class=\"ql-indent-1\">Coordinate with subcontractors inside/outside country on deliverables feeding into projects.</li></ul><p><br></p>',2,'2019-10-03 20:55:17','2019-10-03 20:55:17'),(90,8,'Requirements','<ul><li><strong>Education</strong></li><li class=\"ql-indent-1\">Bachelors degree in politics, economics, international relations or related field required;</li><li><strong>Experience</strong></li><li class=\"ql-indent-1\">XX years experience with reporting, preferably in the field of humanitarian information management an asset;</li><li class=\"ql-indent-1\">Advanced prior knowledge of local context required;</li><li class=\"ql-indent-1\">Prior experience in refugee context required;</li><li class=\"ql-indent-1\">Familiarity with the aid system and an understanding of donor requirements;</li><li><strong>Soft skills</strong></li><li class=\"ql-indent-1\">Ability to operate in cross-cultural environment and work independently;</li><li><strong>Programmes</strong></li><li class=\"ql-indent-1\">Knowledge of Microsoft Excel;</li><li class=\"ql-indent-1\">Knowledge of Open Data Kit surveying an asset;</li><li class=\"ql-indent-1\">Knowledge of ArcGIS an asset.&nbsp;</li></ul>',3,'2019-10-03 20:55:17','2019-10-03 20:55:17'),(91,7,'Organization','<p><em>iMMAP is an international nongovernmental organisation that provides information management services to humanitarian and development organizations. Through information management, we help our partners target assistance to the worlds most vulnerable populations. Our core philosophy is that better data leads to better decisions and that better decisions lead to better outcomes. iMMAPs critical support to information value chains helps to solve operational and strategic challenges of our partners in both emergency and development contexts by enabling evidence-based decision-making for better outcomes.</em></p>',0,'2019-10-03 20:55:43','2019-10-03 20:55:43'),(92,7,'Background','<p>Country specific</p>',1,'2019-10-03 20:55:43','2019-10-03 20:55:43'),(93,7,'Description of Duties','<p>The incumbent will support and effectively contribute to the initiation, planning, design, development and implementation of humanitarian capacity building program in country. The role also involves support to the effective coordination of training and capacity building interventions at the different stages of the humanitarian training cycle.</p><p>Guided by XXX and under the supervision of XXX, the capacity building officer will provide support to capacity building activities such as organisation of training workshops and learning sessions to transfer knowledge, skills and techniques for effective humanitarian response.</p><p><br></p><p><em> la carte, then listed in sub-categories:</em></p><p><br></p><p><br></p><ul><li><strong>Operational</strong></li><li class=\"ql-indent-1\">Conduct of training needs assessments to establish priority needs and gaps in humanitarian information management capacity;</li><li class=\"ql-indent-1\">Planning and scheduling of capacity building activities in consultation with key stakeholders</li><li class=\"ql-indent-1\">Development of training and session plans, goals and objectives for humanitarian capacity building programmes based on identified gaps and capacity building priorities;&nbsp;</li><li class=\"ql-indent-1\">Design and develop capacity building curricula, syllabi, and learning materials;</li><li class=\"ql-indent-1\">Organize and deliver/co-facilitate core and advanced training and capacity building activities consistent to the needs of the humanitarian partners;&nbsp;</li><li class=\"ql-indent-1\">Research, identify and develop appropriate training packages on emerging tools and innovative technologies that enhance partner ability for effective utilization of IM tools;</li><li class=\"ql-indent-1\">Develop or identify training content and/or supporting reference resources such as presentations, practical exercises, and handouts to facilitate learning;</li><li class=\"ql-indent-1\">Conduct pre-training, in-training and post-training evaluations for feedback, address challenges and impediments to effective learning, document and share lessons learnt;</li><li class=\"ql-indent-1\">Liaise with other iMMAP capacity building programmes and ensure consistency and standardization of activities and material where possible;</li><li class=\"ql-indent-1\">Facilitate staff\'s ability to use existing and emerging technology to achieve organization\'s mission and objectives;</li><li class=\"ql-indent-1\">Train and provide technical support to the identified staff as needed on all Information Management tools and processes;</li><li class=\"ql-indent-1\">Provide mentorship and support within the scope of iMMAP capacity building plan;</li><li class=\"ql-indent-1\">Any other duties as required.</li><li class=\"ql-indent-1\">Draft humanitarian capacity building success stories for inclusion in iMMAPs reports, newsletters and social media platforms;</li></ul>',2,'2019-10-03 20:55:43','2019-10-03 20:55:43'),(94,7,'Requirements','<ul><li><strong>Education</strong></li><li class=\"ql-indent-1\">An advanced university degree or equivalent experience in the fields of education and information management;</li><li><strong>Experience</strong></li><li class=\"ql-indent-1\">At least XXX years of relevant work experience and a background in non-profit, internationally-focused organisations;</li><li class=\"ql-indent-1\">Experience in humanitarian, crisis recovery and resilience aspects is highly desirable;</li><li class=\"ql-indent-1\">An appreciation of considerations in designing training content focused on the needs of adult learners;</li><li class=\"ql-indent-1\">Progressively responsible experience in designing needs assessments, data management, mapping and visualization, coaching and training.</li><li><strong>Soft skills</strong></li><li class=\"ql-indent-1\">Understanding of the UN cluster/sector system and how it operates.</li><li class=\"ql-indent-1\"><u>Communication:</u> Speaks and writes clearly and effectively; listens to others, exhibits interest in having two-way communication; tailors language, tone, style and format to match audience; demonstrates openness in sharing information and keeping people informed;</li><li class=\"ql-indent-1\"><u>Teamwork:</u> Works collaboratively with colleagues to achieve organisational goals; is willing to learn from others;&nbsp;</li><li class=\"ql-indent-1\"><u>Planning &amp; Organising:</u> Develops clear goals that are consistent with agreed strategies. Identifies priority activities and assignments; adjusts priorities as required. Allocates appropriate amount of time and resources for completing work. Foresees risks and allows for contingencies when planning. Monitors and adjusts plans and actions as necessary. Uses time efficiently.</li><li class=\"ql-indent-1\"><u>Client Orientation:</u> Considers all those to whom services are provided to be clients and seeks to see things from clients point of view; establishes and maintains productive partnerships with clients by gaining their trust and respect; identifies clients needs and matches them with appropriate solutions; monitors ongoing developments inside and outside the clients environment to keep informed and anticipate problems; meets timeline for delivery of products or services to client;</li><li class=\"ql-indent-1\"><u>Technological awareness:</u> Keeps abreast of available technology; understands applicability and limitation of technology to the work of the office; actively seeks to apply technology to appropriate tasks; shows willingness to learn new technology;</li><li class=\"ql-indent-1\"><u>Representation:</u> Where appropriate, represent the iMMAP in various fora. Maintain effective and positive contacts with the national and local government officials, international non-governmental organisations (NGOs), and donor agency officials, when required.</li><li class=\"ql-indent-1\">Ability to understand and adapt to complex and dynamic situations;</li><li class=\"ql-indent-1\">Ability to work under pressure;</li><li class=\"ql-indent-1\">Takes initiatives, manages own use of time and is self-motivating;</li><li class=\"ql-indent-1\">Proven ability to work in teams;</li><li class=\"ql-indent-1\">Flexible and creative.</li></ul>',3,'2019-10-03 20:55:43','2019-10-03 20:55:43'),(95,6,'Organization','<p>iMMAP is an international non governmental organisation that provides information management services to humanitarian and development organizations. Through information management, we help our partners target assistance to the worlds most vulnerable populations. Our core philosophy is that better data leads to better decisions and that better decisions lead to better outcomes. iMMAPs critical support to information value chains helps to solve operational and strategic challenges of our partners in both emergency and development contexts by enabling evidence-based decision-making for better outcomes.</p>',0,'2019-10-03 20:56:05','2019-10-03 20:56:05'),(96,6,'Background','<p><em>Country specific</em></p>',1,'2019-10-03 20:56:05','2019-10-03 20:56:05'),(97,6,'Description of Duties','<p>The Field Security Officer (FSO) will work with the iMMAP team to ensure the safety and security of all in-country staff.&nbsp;</p><p>The primary function of the FSO is to provide assistance to XXX on all safety and security issues, and accompany XXX on travel inside XXX and countries in the region. The FSO will monitor and assess local security conditions and make recommendations to XXX and the Global Security Manager as appropriate.</p><p>The FSO is committed to implementing and maintaining the highest standards of security and contingency planning in order to ensure the safety of all staff in country.</p><p><br></p><p><em> la carte, then listed in sub-categories:</em></p><p><br></p><p><br></p><ul><li><strong>Operational</strong></li><li class=\"ql-indent-1\">The FSO will monitor the security situation in country, and provide sound and timely advice to staff and management on safety and security matters.</li><li class=\"ql-indent-1\">The FSO will conduct risk assessments prior to travel, and accompany XXX during travel in country, and internationally.</li><li class=\"ql-indent-1\">The FSO will assist with the authorisation process of field visits, and assist in tracking of staff movements.</li><li class=\"ql-indent-1\">The FSO will maintain contacts with local and national authorities and international state and non-state actors, compiling threat analysis, incident reports and routine security reports.</li><li class=\"ql-indent-1\">The FSO will liaise and coordinate timely and efficiently with the line manager and the Global Security Manager regarding security incidents, threats or deficiencies which potentially could affect operations.</li><li class=\"ql-indent-1\">The FSO will ensure the implementation of safety and security policies and standard operating procedures (SOPs) as detailed by the Global Security Manager.</li><li class=\"ql-indent-1\">The FSO will conduct security induction briefs for new staff, and security update briefs for existing staff.</li><li class=\"ql-indent-1\">The FSO shall assist with monitoring all staff movements in country in close coordination with the iMMAP HQ Security Coordinator and ensure that staff follow travel authorisation protocols. In case of emergencies, the FSO shall liaise with local actors and the iMMAP Security Department.</li><li class=\"ql-indent-1\">The FSO will design and practice emergency systems, emergency communications and provisioning of emergency supplies for all staff.</li><li class=\"ql-indent-1\">The FSO will maintain the validity of emergency &amp; contingencies protocols based on the applicable Evacuation &amp; Contingency level, and conduct security training, exercise immediate action drills and regularly conduct emergency drills as prescribed in the Project Security Plan.</li><li class=\"ql-indent-1\">The FSO will ensure that communication protocols are implemented, and project warden lists are up to date.</li><li class=\"ql-indent-1\">The FSO will liaise with other humanitarian and emergency actors as well as international and national governments on safety and security matters.</li><li class=\"ql-indent-1\">The FSO will perform other duties as assigned by the line manager Global Security Manager.</li></ul>',2,'2019-10-03 20:56:05','2019-10-03 20:56:05'),(98,6,'Requirements','<ul><li><strong>Ability to provide a clear Criminal Record Check,</strong></li><li><strong>Ability to provide honourable discharge papers, if a previous member of Armed Forces or Police Service.</strong></li><li><strong>Experience</strong></li><li class=\"ql-indent-1\"><strong>Considerable practical experience of managing security in complex contexts and high-risk environments;</strong></li><li class=\"ql-indent-1\"><strong>A minimum of </strong>XXX years of relevant experience with demonstrated knowledge and understanding of working in the safety and security sector</li><li class=\"ql-indent-1\">Former military or police, or extensive experience as an NGO security officer or with a Private Security Company;</li><li class=\"ql-indent-1\">Previous experience working in international non-governmental organisation is preferred;</li><li class=\"ql-indent-1\">Strong analytical skills and ability to interpret and analyse data and translate into effective information;</li><li><strong>Soft skills </strong></li><li><strong>Ability to interact effectively with international and national personnel;</strong></li><li><strong>Ability to work well in a small team, operate under pressure, prioritise and deliver high quality work within deadlines, and meet team objectives; </strong></li></ul><p><br></p><p><br></p><ul><li class=\"ql-indent-1\"><strong> </strong></li></ul>',3,'2019-10-03 20:56:05','2019-10-03 20:56:05'),(99,5,'Organization','<p><em>iMMAP is an international nongovernmental organisation that provides information management services to humanitarian and development organizations. Through information management, we help our partners target assistance to the worlds most vulnerable populations. Our core philosophy is that better data leads to better decisions and that better decisions lead to better outcomes. iMMAPs critical support to information value chains helps to solve operational and strategic challenges of our partners in both emergency and development contexts by enabling evidence-based decision-making for better outcomes.</em></p>',0,'2019-10-03 20:56:22','2019-10-03 20:56:22'),(100,5,'Background','<p><em>Country specific</em></p>',1,'2019-10-03 20:56:22','2019-10-03 20:56:22'),(101,5,'Description of Duties','<p><em> la carte, then listed in sub-categories:</em></p><p><br></p><p><br></p><ul><li><strong>Operational</strong></li><li class=\"ql-indent-1\">Receiving and verifying reports from officers and enter data into database.</li><li class=\"ql-indent-1\">Maintain a high standard for the database and GIS capabilities.</li><li class=\"ql-indent-1\">Perform checks of all operation reports to ensure the quality of data.</li><li class=\"ql-indent-1\">Assist the staff in completing and updating all the data fields in database.</li><li class=\"ql-indent-1\">Prepare all weekly and monthly reports on data entry section in database for the office review.</li><li class=\"ql-indent-1\">Complete additional tasks assigned by the line manager.</li></ul>',2,'2019-10-03 20:56:22','2019-10-03 20:56:22'),(102,5,'Requirements','<ul><li><strong>Education</strong></li><li class=\"ql-indent-1\">Graduate or under graduate of an Institute or University in related field with at least 1 years or work experience in the field of data management</li><li><strong>Experience</strong></li><li class=\"ql-indent-1\">Excellent computer skills in the Windows and Microsoft Office especially MS Excel and MS Access.</li><li><strong>Soft skills</strong></li><li class=\"ql-indent-1\">Ability to work independently while under pressure and during long hours.</li><li class=\"ql-indent-1\">Have excellent work habits with a willingness to work in a multi-cultural environment</li><li class=\"ql-indent-1\">Able to travel to all provinces in Iraq for any data entry support.</li><li><strong>Programmes</strong></li><li class=\"ql-indent-1\">Basic skills in using ArcGIS software.</li><li class=\"ql-indent-1\">Flexible and adaptable to any situation.</li><li><strong>Languages</strong></li><li class=\"ql-indent-1\"><strong></strong>Ability to translate Arabic to English and English to Arabic</li></ul>',3,'2019-10-03 20:56:22','2019-10-03 20:56:22'),(103,4,'Organization','<p><em>iMMAP is an international nongovernmental organisation that provides information management services to humanitarian and development organizations. Through information management, we help our partners target assistance to the worlds most vulnerable populations. Our core philosophy is that better data leads to better decisions and that better decisions lead to better outcomes. iMMAPs critical support to information value chains helps to solve operational and strategic challenges of our partners in both emergency and development contexts by enabling evidence-based decision-making for better outcomes.</em></p>',0,'2019-10-03 20:56:42','2019-10-03 20:56:42'),(104,4,'Background','<p><em>Country specific</em></p>',1,'2019-10-03 20:56:42','2019-10-03 20:56:42'),(105,4,'Description of Duties','<p>The data analyst will support coordination in the collection of information on XXXX, prepare reports, products and narratives of the situation of mixed flows.</p><p><br></p><p><em> la carte, then listed in sub-categories:</em></p><p><br></p><p><br></p><ul><li><strong>Operational</strong></li><li class=\"ql-indent-1\">Compilation and processing of information on the flows and sectoral needs.</li><li class=\"ql-indent-1\">Prepare relevant data analysis</li><li class=\"ql-indent-1\">Identify and manage information exchange flows with key organisations or institutions that provide context information</li></ul>',2,'2019-10-03 20:56:42','2019-10-03 20:56:42'),(106,4,'Requirements','<ul><li><strong>Education</strong></li><li class=\"ql-indent-1\">Bachelor\'s degree in economics, statistics, political science, social sciences and other similar areas</li><li><strong>Experience</strong></li><li class=\"ql-indent-1\">Background in the construction of information exchange agreements</li><li class=\"ql-indent-1\">A minimum of XX years of work experience, experience with the United Nations system and humanitarian work is desirable.</li><li><strong>Soft skills</strong></li><li class=\"ql-indent-1\">Excellent analytical capacity and clear writing</li><li class=\"ql-indent-1\">Effective communication skills to work among clusters, agencies and the government</li><li class=\"ql-indent-1\">Training capabilities to teach partners how to use the necessary tools</li><li class=\"ql-indent-1\">Good organizational skills to deliver products on time and with quality</li><li><strong>Programmes</strong></li><li class=\"ql-indent-1\"><strong></strong>Microsoft Office, especially Excel, the knowledge in other tools and data programme is valued</li></ul>',3,'2019-10-03 20:56:42','2019-10-03 20:56:42'),(107,3,'Organization','<p><em>iMMAP is an international nongovernmental organisation that provides information management services to humanitarian and development organizations. Through information management, we help our partners target assistance to the worlds most vulnerable populations. Our core philosophy is that better data leads to better decisions and that better decisions lead to better outcomes. iMMAPs critical support to information value chains helps to solve operational and strategic challenges of our partners in both emergency and development contexts by enabling evidence-based decision-making for better outcomes.</em></p>',0,'2019-10-03 20:57:07','2019-10-03 20:57:07'),(108,3,'Background','<p><em>Country specific</em></p>',1,'2019-10-03 20:57:07','2019-10-03 20:57:07'),(109,3,'Description of Duties','<ul><li><strong>Operational</strong></li><li class=\"ql-indent-1\">Complete the qualitative and quantitative database cleanup process</li><li class=\"ql-indent-1\">Perform a monthly audit of information to ensure data completeness, integrity and quality.</li><li class=\"ql-indent-1\">Coordinate the installation of the IMSMA system, developing the database and making sure that the overall system is operational and meets the operational needs.</li><li class=\"ql-indent-1\">Prepare maps to show all YYY activity integrated with related factors and data analysis on GIS.</li><li class=\"ql-indent-1\">Provide monthly data analysis maps based on monthly standard reports for current hazards area contamination.</li><li class=\"ql-indent-1\">Coordination and control of all GIS functionalities with all the YYY staff and iMMAP staff.</li><li class=\"ql-indent-1\">Provide direction and GIS guidance to the YYY director.</li><li class=\"ql-indent-1\">Ensure the successful implementation of the standard working procedures for information management and GIS within national mine action office.</li><li class=\"ql-indent-1\">Assist the Technical Advisor with the development of GIS training packages and conducting different level for national mine action staff.</li><li class=\"ql-indent-1\">Ability to visit remote provinces whenever required for any Information Management technical issues.</li><li class=\"ql-indent-1\">Assist the information management technical advisor in developing the work plan and highlight technical requirements to improve capacity building.</li><li class=\"ql-indent-1\">Complete additional tasks assigned by the information management technical advisor and Country representative.</li></ul>',2,'2019-10-03 20:57:07','2019-10-03 20:57:07'),(110,3,'Requirements','<ul><li><strong>Education</strong></li><li class=\"ql-indent-1\">Graduate of an Institute or University in the field of Information Technology, Information Management or Computer Sciences.</li><li class=\"ql-indent-1\">At least XXX years of working experience with GIS on field operational level and in a multi-cultural environment.</li><li><strong>Experience</strong></li><li class=\"ql-indent-1\">In-depth knowledge of database and GIS software, and computer networks, Good knowledge of related hardware and peripheral equipment.</li><li class=\"ql-indent-1\">Very good ability in topographical map reading.</li><li class=\"ql-indent-1\">Understanding of data QA/QC processes for information management are essential.</li><li class=\"ql-indent-1\">Possess advanced skills in MS-Access, MS SQL Server, Web design.</li><li class=\"ql-indent-1\">Advanced knowledge of software engineering theory and applications would be an asset.</li><li class=\"ql-indent-1\">Advanced knowledge of programming theory and relational database principles.</li><li><strong>Soft skills</strong></li><li class=\"ql-indent-1\">Ability to coordinate with local administrators, government, NGOs working with community projects and agencies involved in mine-action.</li><li class=\"ql-indent-1\">Ability to work under pressure and long hours at different locations.</li><li class=\"ql-indent-1\">Flexible and adaptable to any situation.</li><li class=\"ql-indent-1\">Self-reliant and able to work independently.</li><li><strong>Programmes</strong></li><li class=\"ql-indent-1\">ArcGIS</li><li class=\"ql-indent-1\">QGIS</li></ul>',3,'2019-10-03 20:57:07','2019-10-03 20:57:07'),(114,1,'Organization','<p><em>iMMAP is an international nongovernmental organisation that provides information management services to humanitarian and development organizations. Through information management, we help our partners target assistance to the worlds most vulnerable populations. Our core philosophy is that better data leads to better decisions and that better decisions lead to better outcomes. iMMAPs critical support to information value chains helps to solve operational and strategic challenges of our partners in both emergency and development contexts by enabling evidence-based decision-making for better outcomes.</em></p>',0,'2020-07-08 03:11:48','2020-07-08 03:11:48'),(115,1,'Background','<p><em>Country specific</em></p>',1,'2020-07-08 03:11:48','2020-07-08 03:11:48'),(116,1,'Presentation','<p><em>Additionally, the IMO is tasked to improve the accuracy of the data held by iMMAP and to improve and effectiveness the distribution of materials.</em></p><p><em>The IMO will support all goals and strategies of the iMMAP programme in its work with national partners, international partners and applicable donor agencies.</em></p><p><em>The IMO will develop and maintain constant and good contacts with humanitarian partners.</em></p><p><br></p><p><br></p><p><br></p><ul><li><strong>Operational</strong></li><li class=\"ql-indent-1\">The IMO will proactively gather information from sector partners, government authorities which may be of use to the sector for informing decisions;</li><li class=\"ql-indent-1\">The IMO will identify gaps in current implementing partner participants and will engage with NGOs, humanitarian and development organisations to restore renew or join participation in data sharing or IM support.</li><li class=\"ql-indent-1\">The IMO will identify barriers for information collection, collation, analysis and sharing.</li><li class=\"ql-indent-1\">The IMO will ensure timely preparation and generation of information products, and support on information sharing and dissemination through web platforms to all relevant humanitarian implementing partners.</li><li class=\"ql-indent-1\">The IMO will adapt appropriate existing IM tools including those available in-country (including from other sectors) and global level. As appropriate, design of data collection forms, ensuring that the purpose and use of all data collected is clear, collectable and easily collectable, highlighting where potential problems might arise; organise and manage the data input and initial analysis and presentation of data for the sector;</li><li class=\"ql-indent-1\">The IMO will develop standard formats for, and regular output of publication of materials and statistics highlighting the humanitarian situation in country upon request.</li><li class=\"ql-indent-1\">The IMO will facilitate mobile data collection, form development and data management.</li><li class=\"ql-indent-1\">The IMO will generate statistical reports, graphs, maps and follow up on cluster specific trends.</li><li class=\"ql-indent-1\">The IMO will support new and ongoing assessments.</li><li class=\"ql-indent-1\">Collect and consolidate data from various partners, prepare and submit reports on regular bases</li><li class=\"ql-indent-1\">Manage, analyse, document data and information from INGOs interventions </li><li class=\"ql-indent-1\">Map assistance coverage in specified area, analyse and report the potential gaps</li><li class=\"ql-indent-1\">Produce, share maps illustrating scale/coverage of assistance</li><li class=\"ql-indent-1\">Record, document and share coordination meeting minutes</li><li class=\"ql-indent-1\">Maintain data bases, provide data entry if required</li><li class=\"ql-indent-1\">Establish and maintain filing and documentation system accessible for humanitarian partners working in the area</li></ul><p><br></p><p><br></p><p><br></p><ul><li><strong>Mapping - specific</strong></li><li class=\"ql-indent-1\">The IMO will develop maps of 4Ws, sector resources, needs, Gaps per location;</li><li class=\"ql-indent-1\">The IMO will maintain geospatial databases and ensure data quality and integrity through the use of automated and manual techniques to enter, edit and process data sets;&nbsp;</li></ul><p><br></p><p><br></p><p><br></p><ul><li><strong>Representation</strong></li><li class=\"ql-indent-1\">The IMO will attend periodic information management meetings with the iMMAP IMO team and country director to share updates on ongoing IM products and activities and promote good practices in the organisation.</li><li class=\"ql-indent-1\">The IMO will participate in XXXXX cluster meetings and/or the IM working group.</li><li class=\"ql-indent-1\">The IMO will provide specific, sometimes dedicated, support to other agencies, when required.</li></ul><p><br></p><p><br></p><p><br></p><ul><li><strong>National capacity building / Training - specific</strong></li><li class=\"ql-indent-1\">The IMO will mentor iMMAP national staff to build capacity to include but not be limited to:</li><li class=\"ql-indent-2\">GIS and data management</li><li class=\"ql-indent-2\">Geospatial analysis and data analysis</li><li class=\"ql-indent-1\">The IMO will work to build a national staff trained to be able to fulfil the information management duties assigned to him/her, through guidance, training and technical support.</li><li class=\"ql-indent-1\">The IMO will conduct iMMAP demonstrations and training sessions.</li></ul><p><br></p><p><br></p><p><br></p><ul><li><strong>Cluster  specific</strong></li><li class=\"ql-indent-1\">The IMO will integrate clusterrelated and partners data on the information system developed by iMMAP.</li><li class=\"ql-indent-1\">The IMO will creation and develop of custom reports and map layers requested by either the clusters or the implementing partners or country director.</li><li class=\"ql-indent-1\">The IMO will advise on the design, developing and/or customisation of databases/dashboard from the reporting clusters or implementing partners or country director.</li><li class=\"ql-indent-1\">The IMO will ensure that all support requirements of iMMAP and other organisations are met in a timely and efficient manner.</li><li class=\"ql-indent-1\">The IMO will maintain Contact directories of sector humanitarian partners.</li><li class=\"ql-indent-1\">The IMO will create or maintain the who does What Where When (4W) database and derivative products, such as maps.</li><li class=\"ql-indent-1\">The IMO will aggregate and maintain inter-country information for education sector partners including data needed for situation analysis, response monitoring reports and common Sector data sets, including population data disaggregated by age and sex.</li><li class=\"ql-indent-1\">The IMO will identify needs and gaps for the sector.</li><li class=\"ql-indent-1\">The IMO will support development of sector monitoring reporting (PMR, humanitarian dashboard, etc.) in consultation with the sector coordinator, partners and other key stakeholders.</li></ul><p><br></p><p><br></p><p><br></p><ul><li><strong>Mine Action  specific</strong></li><li class=\"ql-indent-1\">The IMO will develop country base maps as it relates to mine and ERW data.</li><li class=\"ql-indent-1\">Liaise with the mine action implementing partners information technology and information management unit to ensure that the minimum information technology infrastructure requirements of IMSMA are supported by all HMA offices.</li><li class=\"ql-indent-1\">The IMO will develop IMSMA analytical products and reports for stakeholders.</li></ul><p><br></p><p><br></p><p><br></p><ul><li><strong>Health  specific</strong></li><li class=\"ql-indent-1\">The IMO will maintain updated databases on the health situation</li><li class=\"ql-indent-1\">The IMO will prepare a monthly sitrep on the health situation of people in need related to the XXX crisis in XXXX, including highlights in priority areas</li></ul>',2,'2020-07-08 03:11:48','2020-07-08 03:11:48');
/*!40000 ALTER TABLE `hr_job_categories_sections` ENABLE KEYS */;
UNLOCK TABLES;

--
-- Table structure for table `hr_job_levels`
--

DROP TABLE IF EXISTS `hr_job_levels`;
/*!40101 SET @saved_cs_client     = @@character_set_client */;
/*!40101 SET character_set_client = utf8 */;
CREATE TABLE `hr_job_levels` (
  `id` int(10) unsigned NOT NULL AUTO_INCREMENT,
  `name` varchar(255) COLLATE utf8mb4_unicode_ci NOT NULL,
  `slug` varchar(255) COLLATE utf8mb4_unicode_ci NOT NULL,
  `created_at` timestamp NULL DEFAULT NULL,
  `updated_at` timestamp NULL DEFAULT NULL,
  PRIMARY KEY (`id`),
  UNIQUE KEY `hr_job_levels_slug_unique` (`slug`)
) ENGINE=InnoDB AUTO_INCREMENT=7 DEFAULT CHARSET=utf8mb4 COLLATE=utf8mb4_unicode_ci;
/*!40101 SET character_set_client = @saved_cs_client */;

--
-- Dumping data for table `hr_job_levels`
--

LOCK TABLES `hr_job_levels` WRITE;
/*!40000 ALTER TABLE `hr_job_levels` DISABLE KEYS */;
INSERT INTO `hr_job_levels` VALUES (1,'Officer','officer','2019-06-02 12:07:55','2019-06-02 12:07:55'),(2,'Manager','manager','2019-06-02 12:08:04','2019-06-02 12:08:04'),(3,'Coordinator','coordinator','2019-06-02 12:08:08','2019-06-02 12:08:08'),(4,'Advisor','advisor','2019-06-02 12:08:13','2020-01-30 04:54:26'),(5,'Assistant','assistant','2019-06-06 05:08:34','2019-06-06 05:08:34'),(6,'Clerck','clerck','2019-06-06 05:08:48','2019-06-06 05:08:48');
/*!40000 ALTER TABLE `hr_job_levels` ENABLE KEYS */;
UNLOCK TABLES;

--
-- Table structure for table `hr_job_requirements`
--

DROP TABLE IF EXISTS `hr_job_requirements`;
/*!40101 SET @saved_cs_client     = @@character_set_client */;
/*!40101 SET character_set_client = utf8 */;
CREATE TABLE `hr_job_requirements` (
  `id` bigint(20) unsigned NOT NULL AUTO_INCREMENT,
  `job_category_id` int(10) unsigned DEFAULT NULL,
  `requirement` varchar(255) COLLATE utf8mb4_unicode_ci NOT NULL,
  `component` varchar(255) COLLATE utf8mb4_unicode_ci NOT NULL,
  `requirement_value` longtext CHARACTER SET utf8mb4 COLLATE utf8mb4_bin NOT NULL CHECK (json_valid(`requirement_value`)),
  `created_at` timestamp NULL DEFAULT NULL,
  `updated_at` timestamp NULL DEFAULT NULL,
  PRIMARY KEY (`id`),
  KEY `hr_job_requirements_job_category_id_foreign` (`job_category_id`),
  CONSTRAINT `hr_job_requirements_job_category_id_foreign` FOREIGN KEY (`job_category_id`) REFERENCES `hr_job_categories` (`id`)
) ENGINE=InnoDB AUTO_INCREMENT=37 DEFAULT CHARSET=utf8mb4 COLLATE=utf8mb4_unicode_ci;
/*!40101 SET character_set_client = @saved_cs_client */;

--
-- Dumping data for table `hr_job_requirements`
--

LOCK TABLES `hr_job_requirements` WRITE;
/*!40000 ALTER TABLE `hr_job_requirements` DISABLE KEYS */;
INSERT INTO `hr_job_requirements` VALUES (15,2,'skill','ParameterSkill','{\"skill\": {\"label\": \"database design\", \"value\": 55}, \"experience\": \"1\", \"proficiency\": \"4\"}','2019-10-03 01:46:04','2019-10-03 01:46:04'),(16,2,'sector','ParameterSector','{\"sector\": {\"label\": \"Development\", \"value\": 15}, \"experience\": \"1\"}','2019-10-03 01:46:04','2019-10-03 01:46:04'),(17,2,'language','ParameterLanguage','{\"language\": {\"label\": \"English\", \"value\": 2}, \"language_level\": {\"label\": \"Basic\", \"value\": 1}, \"is_mother_tongue\": \"0\"}','2019-10-03 01:46:04','2019-10-03 01:46:04'),(18,2,'degree_level','ParameterDegreeLevel','{\"degree_level\": {\"label\": \"Bachelor\", \"value\": 2}}','2019-10-03 01:46:04','2019-10-03 01:46:04'),(19,12,'skill','ParameterSkill','{\"skill\": {\"label\": \"microsoft office suites\", \"value\": 23}, \"experience\": \"2\", \"proficiency\": \"4\"}','2019-10-03 20:53:30','2019-10-03 20:53:30'),(20,12,'sector','ParameterSector','{\"sector\": {\"label\": \"Cash\", \"value\": 7}, \"experience\": \"2\"}','2019-10-03 20:53:30','2019-10-03 20:53:30'),(21,12,'language','ParameterLanguage','{\"language\": {\"label\": \"English\", \"value\": 2}, \"language_level\": {\"label\": \"Basic\", \"value\": 1}, \"is_mother_tongue\": \"0\"}','2019-10-03 20:53:30','2019-10-03 20:53:30'),(22,12,'degree_level','ParameterDegreeLevel','{\"degree_level\": {\"label\": \"Bachelor\", \"value\": 2}}','2019-10-03 20:53:30','2019-10-03 20:53:30'),(23,11,'language','ParameterLanguage','{\"language\": {\"label\": \"English\", \"value\": 2}, \"language_level\": {\"label\": \"Basic\", \"value\": 1}, \"is_mother_tongue\": \"0\"}','2019-10-03 20:53:52','2019-10-03 20:53:52'),(24,10,'language','ParameterLanguage','{\"language\": {\"label\": \"English\", \"value\": 2}, \"language_level\": {\"label\": \"Basic\", \"value\": 1}, \"is_mother_tongue\": \"1\"}','2019-10-03 20:54:24','2019-10-03 20:54:24'),(25,10,'degree_level','ParameterDegreeLevel','{\"degree_level\": {\"label\": \"Bachelor\", \"value\": 2}}','2019-10-03 20:54:24','2019-10-03 20:54:24'),(26,9,'language','ParameterLanguage','{\"language\": {\"label\": \"English\", \"value\": 2}, \"language_level\": {\"label\": \"Basic\", \"value\": 1}, \"is_mother_tongue\": \"0\"}','2019-10-03 20:54:41','2019-10-03 20:54:41'),(27,8,'language','ParameterLanguage','{\"language\": {\"label\": \"English\", \"value\": 2}, \"language_level\": {\"label\": \"Basic\", \"value\": 1}, \"is_mother_tongue\": \"0\"}','2019-10-03 20:55:17','2019-10-03 20:55:17'),(28,7,'language','ParameterLanguage','{\"language\": {\"label\": \"English\", \"value\": 2}, \"language_level\": {\"label\": \"Intermediate\", \"value\": 2}, \"is_mother_tongue\": \"0\"}','2019-10-03 20:55:43','2019-10-03 20:55:43'),(29,6,'language','ParameterLanguage','{\"language\": {\"label\": \"English\", \"value\": 2}, \"language_level\": {\"label\": \"Advanced\", \"value\": 3}, \"is_mother_tongue\": \"0\"}','2019-10-03 20:56:05','2019-10-03 20:56:05'),(30,5,'language','ParameterLanguage','{\"language\": {\"label\": \"English\", \"value\": 2}, \"language_level\": {\"label\": \"Basic\", \"value\": 1}, \"is_mother_tongue\": \"0\"}','2019-10-03 20:56:22','2019-10-03 20:56:22'),(31,4,'language','ParameterLanguage','{\"language\": {\"label\": \"English\", \"value\": 2}, \"language_level\": {\"label\": \"Basic\", \"value\": 1}, \"is_mother_tongue\": \"0\"}','2019-10-03 20:56:42','2019-10-03 20:56:42'),(32,3,'language','ParameterLanguage','{\"language\": {\"label\": \"English\", \"value\": 2}, \"language_level\": {\"label\": \"Basic\", \"value\": 1}, \"is_mother_tongue\": \"0\"}','2019-10-03 20:57:07','2019-10-03 20:57:07'),(35,1,'language','ParameterLanguage','{\"language\": {\"label\": \"English\", \"value\": 2}, \"language_level\": {\"label\": \"Advanced\", \"value\": 3}, \"is_mother_tongue\": \"1\"}','2020-07-08 03:11:48','2020-07-08 03:11:48'),(36,1,'degree_level','ParameterDegreeLevel','{\"degree_level\": {\"label\": \"Bachelor\", \"value\": 2}}','2020-07-08 03:11:48','2020-07-08 03:11:48');
/*!40000 ALTER TABLE `hr_job_requirements` ENABLE KEYS */;
UNLOCK TABLES;

--
-- Table structure for table `hr_job_standards`
--

DROP TABLE IF EXISTS `hr_job_standards`;
/*!40101 SET @saved_cs_client     = @@character_set_client */;
/*!40101 SET character_set_client = utf8 */;
CREATE TABLE `hr_job_standards` (
  `id` int(10) unsigned NOT NULL AUTO_INCREMENT,
  `name` varchar(255) COLLATE utf8mb4_unicode_ci NOT NULL,
  `slug` varchar(255) COLLATE utf8mb4_unicode_ci NOT NULL,
  `created_at` timestamp NULL DEFAULT NULL,
  `updated_at` timestamp NULL DEFAULT NULL,
  `under_sbp_program` varchar(255) COLLATE utf8mb4_unicode_ci NOT NULL DEFAULT 'no' COMMENT 'job standard for sbp program: yes/no',
  `sbp_recruitment_campaign` varchar(255) COLLATE utf8mb4_unicode_ci NOT NULL DEFAULT 'no' COMMENT 'job standard for sbp recruitment campaign: yes/no',
  PRIMARY KEY (`id`)
) ENGINE=InnoDB AUTO_INCREMENT=4 DEFAULT CHARSET=utf8mb4 COLLATE=utf8mb4_unicode_ci;
/*!40101 SET character_set_client = @saved_cs_client */;

--
-- Dumping data for table `hr_job_standards`
--

LOCK TABLES `hr_job_standards` WRITE;
/*!40000 ALTER TABLE `hr_job_standards` DISABLE KEYS */;
INSERT INTO `hr_job_standards` VALUES (1,'SBPP Program','sbpp-program','2019-06-02 19:03:48','2019-06-02 19:03:48','no','no'),(2,'iMMAP Standard','immap-standard','2019-06-02 19:04:10','2019-06-02 19:04:10','no','no'),(3,'Surge Alert','surge-alert','2023-03-06 07:01:04','2023-03-06 07:01:04','yes','no');
/*!40000 ALTER TABLE `hr_job_standards` ENABLE KEYS */;
UNLOCK TABLES;

--
-- Table structure for table `hr_job_standards_job_categories`
--

DROP TABLE IF EXISTS `hr_job_standards_job_categories`;
/*!40101 SET @saved_cs_client     = @@character_set_client */;
/*!40101 SET character_set_client = utf8 */;
CREATE TABLE `hr_job_standards_job_categories` (
  `id` int(10) unsigned NOT NULL AUTO_INCREMENT,
  `job_standard_id` int(10) unsigned NOT NULL,
  `job_category_id` int(10) unsigned NOT NULL,
  `created_at` timestamp NULL DEFAULT NULL,
  `updated_at` timestamp NULL DEFAULT NULL,
  PRIMARY KEY (`id`),
  KEY `hr_job_standards_job_categories_job_standard_id_foreign` (`job_standard_id`),
  KEY `hr_job_standards_job_categories_job_category_id_foreign` (`job_category_id`),
  CONSTRAINT `hr_job_standards_job_categories_job_category_id_foreign` FOREIGN KEY (`job_category_id`) REFERENCES `hr_job_categories` (`id`),
  CONSTRAINT `hr_job_standards_job_categories_job_standard_id_foreign` FOREIGN KEY (`job_standard_id`) REFERENCES `hr_job_standards` (`id`)
) ENGINE=InnoDB AUTO_INCREMENT=26 DEFAULT CHARSET=utf8mb4 COLLATE=utf8mb4_unicode_ci;
/*!40101 SET character_set_client = @saved_cs_client */;

--
-- Dumping data for table `hr_job_standards_job_categories`
--

LOCK TABLES `hr_job_standards_job_categories` WRITE;
/*!40000 ALTER TABLE `hr_job_standards_job_categories` DISABLE KEYS */;
INSERT INTO `hr_job_standards_job_categories` VALUES (1,1,12,'2019-06-02 19:03:48','2019-06-02 19:03:48'),(2,1,11,'2019-06-02 19:03:48','2019-06-02 19:03:48'),(3,1,10,'2019-06-02 19:03:48','2019-06-02 19:03:48'),(4,1,9,'2019-06-02 19:03:48','2019-06-02 19:03:48'),(5,1,8,'2019-06-02 19:03:48','2019-06-02 19:03:48'),(6,1,7,'2019-06-02 19:03:48','2019-06-02 19:03:48'),(7,1,6,'2019-06-02 19:03:48','2019-06-02 19:03:48'),(8,1,5,'2019-06-02 19:03:48','2019-06-02 19:03:48'),(9,1,4,'2019-06-02 19:03:48','2019-06-02 19:03:48'),(10,1,3,'2019-06-02 19:03:48','2019-06-02 19:03:48'),(11,1,2,'2019-06-02 19:03:48','2019-06-02 19:03:48'),(12,1,1,'2019-06-02 19:03:48','2019-06-02 19:03:48'),(13,2,12,'2019-06-02 19:04:10','2019-06-02 19:04:10'),(14,2,11,'2019-06-02 19:04:10','2019-06-02 19:04:10'),(15,2,10,'2019-06-02 19:04:10','2019-06-02 19:04:10'),(16,2,9,'2019-06-02 19:04:10','2019-06-02 19:04:10'),(17,2,8,'2019-06-02 19:04:10','2019-06-02 19:04:10'),(18,2,7,'2019-06-02 19:04:10','2019-06-02 19:04:10'),(19,2,6,'2019-06-02 19:04:10','2019-06-02 19:04:10'),(20,2,5,'2019-06-02 19:04:10','2019-06-02 19:04:10'),(21,2,4,'2019-06-02 19:04:10','2019-06-02 19:04:10'),(22,2,3,'2019-06-02 19:04:10','2019-06-02 19:04:10'),(23,2,2,'2019-06-02 19:04:10','2019-06-02 19:04:10'),(24,2,1,'2019-06-02 19:04:10','2019-06-02 19:04:10'),(25,3,12,'2023-03-06 07:01:04','2023-03-06 07:01:04');
/*!40000 ALTER TABLE `hr_job_standards_job_categories` ENABLE KEYS */;
UNLOCK TABLES;

--
-- Table structure for table `hr_tor`
--

DROP TABLE IF EXISTS `hr_tor`;
/*!40101 SET @saved_cs_client     = @@character_set_client */;
/*!40101 SET character_set_client = utf8 */;
CREATE TABLE `hr_tor` (
  `id` bigint(20) unsigned NOT NULL AUTO_INCREMENT,
  `title` varchar(255) COLLATE utf8mb4_unicode_ci NOT NULL,
  `slug` varchar(255) COLLATE utf8mb4_unicode_ci NOT NULL,
  `organization` text COLLATE utf8mb4_unicode_ci DEFAULT NULL,
  `duty_station` text COLLATE utf8mb4_unicode_ci DEFAULT NULL,
  `country_id` int(10) unsigned DEFAULT NULL,
  `immap_office_id` bigint(20) unsigned DEFAULT NULL,
  `contract_start` date DEFAULT NULL,
  `contract_end` date DEFAULT NULL,
  `contract_length` int(11) NOT NULL,
  `relationship` text COLLATE utf8mb4_unicode_ci NOT NULL,
  `min_salary` int(11) DEFAULT NULL,
  `max_salary` int(11) DEFAULT NULL,
  `is_immap_inc` tinyint(1) NOT NULL DEFAULT 0,
  `is_immap_france` tinyint(1) NOT NULL DEFAULT 0,
  `mailing_address` text COLLATE utf8mb4_unicode_ci DEFAULT NULL,
  `duration_id` bigint(20) unsigned DEFAULT NULL,
  `job_standard_id` int(10) unsigned DEFAULT NULL,
  `job_category_id` int(10) unsigned DEFAULT NULL,
  `with_template` tinyint(1) NOT NULL DEFAULT 1,
  `job_level_id` int(10) unsigned NOT NULL,
  `created_at` timestamp NULL DEFAULT NULL,
  `updated_at` timestamp NULL DEFAULT NULL,
  `program_title` varchar(255) COLLATE utf8mb4_unicode_ci NOT NULL,
  `is_international` tinyint(1) NOT NULL DEFAULT 0,
  `is_shared` tinyint(1) NOT NULL DEFAULT 0,
  `hq_us` varchar(5) COLLATE utf8mb4_unicode_ci DEFAULT NULL,
  `hq_france` varchar(5) COLLATE utf8mb4_unicode_ci DEFAULT NULL,
  `other_category` varchar(255) COLLATE utf8mb4_unicode_ci DEFAULT NULL,
  `cluster` varchar(255) COLLATE utf8mb4_unicode_ci DEFAULT NULL,
  `cluster_seconded` varchar(255) COLLATE utf8mb4_unicode_ci DEFAULT NULL COMMENT 'Cluster Seconded To',
  `skillset` varchar(255) COLLATE utf8mb4_unicode_ci DEFAULT NULL COMMENT 'Skillset for surge roster recruitment campaign',
  `created_by_id` int(10) unsigned DEFAULT NULL,
  PRIMARY KEY (`id`),
  UNIQUE KEY `hr_tor_slug_unique` (`slug`),
  KEY `hr_tor_country_id_foreign` (`country_id`),
  KEY `hr_tor_job_standard_id_foreign` (`job_standard_id`),
  KEY `hr_tor_job_category_id_foreign` (`job_category_id`),
  KEY `hr_tor_job_level_id_foreign` (`job_level_id`),
  KEY `hr_tor_duration_id_foreign` (`duration_id`),
  KEY `hr_tor_immap_office_id_foreign` (`immap_office_id`),
  KEY `hr_tor_created_by_id_foreign` (`created_by_id`),
  CONSTRAINT `hr_tor_country_id_foreign` FOREIGN KEY (`country_id`) REFERENCES `countries` (`id`),
  CONSTRAINT `hr_tor_created_by_id_foreign` FOREIGN KEY (`created_by_id`) REFERENCES `users` (`id`) ON DELETE SET NULL,
  CONSTRAINT `hr_tor_duration_id_foreign` FOREIGN KEY (`duration_id`) REFERENCES `durations` (`id`),
  CONSTRAINT `hr_tor_immap_office_id_foreign` FOREIGN KEY (`immap_office_id`) REFERENCES `immap_offices` (`id`),
  CONSTRAINT `hr_tor_job_category_id_foreign` FOREIGN KEY (`job_category_id`) REFERENCES `hr_job_categories` (`id`),
  CONSTRAINT `hr_tor_job_level_id_foreign` FOREIGN KEY (`job_level_id`) REFERENCES `hr_job_levels` (`id`),
  CONSTRAINT `hr_tor_job_standard_id_foreign` FOREIGN KEY (`job_standard_id`) REFERENCES `hr_job_standards` (`id`)
) ENGINE=InnoDB AUTO_INCREMENT=44 DEFAULT CHARSET=utf8mb4 COLLATE=utf8mb4_unicode_ci;
/*!40101 SET character_set_client = @saved_cs_client */;

--
-- Dumping data for table `hr_tor`
--

LOCK TABLES `hr_tor` WRITE;
/*!40000 ALTER TABLE `hr_tor` DISABLE KEYS */;
INSERT INTO `hr_tor` VALUES (15,'ToR for Job With Cover Letter','tor-for-job-with-cover-letter','iMMAP US','Marseille',36,5,'2020-03-01','2020-05-31',0,'HQ Employee',6000,7000,1,0,'RRB / ITC, 1300 Pennsylvania Avenue NW, Suite 470, Washington, DC 20004 USA',2,2,11,1,4,'2020-02-19 06:11:45','2022-09-20 03:44:13','G&A',0,0,NULL,NULL,NULL,NULL,NULL,NULL,NULL),(40,'title','title','UNICEF','Home',4,1,'2022-05-20','2022-11-20',0,'National Employee',2000,40000,0,1,'10 rue Stanislas Torrents - 13006 Marseille',2,1,12,1,6,'2022-05-20 02:44:11','2022-05-20 02:44:11','title',0,0,NULL,NULL,NULL,NULL,NULL,NULL,NULL),(41,'the job','the-job','iMMAP','wgwgwg',5,1,'2023-02-09','2023-08-09',6,'National Employee',200,300,1,0,'RRB / ITC, 1300 Pennsylvania Avenue NW, Suite 470, Washington, DC 20004 USA',2,2,12,1,6,'2023-02-09 15:38:47','2023-02-09 15:39:17','wgwwgwg',0,0,NULL,NULL,NULL,NULL,NULL,NULL,3),(42,'sbp job','sbp-job','iMMAP','kkkn',6,1,'2023-03-01','2023-09-01',6,'National Employee',899,8999,1,0,'RRB / ITC, 1300 Pennsylvania Avenue NW, Suite 470, Washington, DC 20004 USA',2,1,12,1,6,'2023-03-06 06:53:12','2023-03-06 06:53:12','title',0,0,NULL,NULL,NULL,NULL,NULL,NULL,3),(43,'title surge alert','title-surge-alert','iMMAP','station',6,NULL,'2023-03-06','2023-09-06',6,'National Employee',5000,6000,1,0,'RRB / ITC, 1300 Pennsylvania Avenue NW, Suite 470, Washington, DC 20004 USA',2,3,12,1,6,'2023-03-06 07:02:57','2023-03-06 07:04:01','program',0,0,NULL,NULL,NULL,NULL,'seconded','IM',3);
/*!40000 ALTER TABLE `hr_tor` ENABLE KEYS */;
UNLOCK TABLES;

--
-- Table structure for table `hr_tor_requirements`
--

DROP TABLE IF EXISTS `hr_tor_requirements`;
/*!40101 SET @saved_cs_client     = @@character_set_client */;
/*!40101 SET character_set_client = utf8 */;
CREATE TABLE `hr_tor_requirements` (
  `id` bigint(20) unsigned NOT NULL AUTO_INCREMENT,
  `tor_id` int(10) unsigned DEFAULT NULL,
  `requirement` varchar(255) COLLATE utf8mb4_unicode_ci NOT NULL,
  `component` varchar(255) COLLATE utf8mb4_unicode_ci NOT NULL,
  `requirement_value` longtext CHARACTER SET utf8mb4 COLLATE utf8mb4_bin NOT NULL CHECK (json_valid(`requirement_value`)),
  `created_at` timestamp NULL DEFAULT NULL,
  `updated_at` timestamp NULL DEFAULT NULL,
  PRIMARY KEY (`id`)
) ENGINE=InnoDB AUTO_INCREMENT=567 DEFAULT CHARSET=utf8mb4 COLLATE=utf8mb4_unicode_ci;
/*!40101 SET character_set_client = @saved_cs_client */;

--
-- Dumping data for table `hr_tor_requirements`
--

LOCK TABLES `hr_tor_requirements` WRITE;
/*!40000 ALTER TABLE `hr_tor_requirements` DISABLE KEYS */;
INSERT INTO `hr_tor_requirements` VALUES (538,40,'skill','ParameterSkill','{\"skill\":{\"label\":\"microsoft office suites\",\"value\":23},\"experience\":\"2\",\"proficiency\":\"4\"}','2022-05-20 02:44:11','2022-05-20 02:44:11'),(539,40,'sector','ParameterSector','{\"sector\":{\"label\":\"Cash\",\"value\":7},\"experience\":\"2\"}','2022-05-20 02:44:11','2022-05-20 02:44:11'),(540,40,'language','ParameterLanguage','{\"language\":{\"label\":\"English\",\"value\":2},\"language_level\":{\"label\":\"Basic\",\"value\":1},\"is_mother_tongue\":\"0\"}','2022-05-20 02:44:11','2022-05-20 02:44:11'),(541,40,'degree_level','ParameterDegreeLevel','{\"degree_level\":{\"label\":\"Bachelor\",\"value\":2}}','2022-05-20 02:44:11','2022-05-20 02:44:11'),(542,15,'language','ParameterLanguage','{\"language\":{\"label\":\"English\",\"value\":2},\"language_level\":{\"label\":\"Basic\",\"value\":1},\"is_mother_tongue\":\"0\"}','2022-09-20 03:44:13','2022-09-20 03:44:13'),(551,41,'skill','ParameterSkill','{\"skill\":{\"label\":\"microsoft office suites\",\"value\":23},\"experience\":\"2\",\"proficiency\":\"4\"}','2023-02-09 16:03:15','2023-02-09 16:03:15'),(552,41,'sector','ParameterSector','{\"sector\":{\"label\":\"Cash\",\"value\":7},\"experience\":\"2\"}','2023-02-09 16:03:15','2023-02-09 16:03:15'),(553,41,'language','ParameterLanguage','{\"language\":{\"label\":\"English\",\"value\":2},\"language_level\":{\"label\":\"Basic\",\"value\":1},\"is_mother_tongue\":\"0\"}','2023-02-09 16:03:15','2023-02-09 16:03:15'),(554,41,'degree_level','ParameterDegreeLevel','{\"degree_level\":{\"label\":\"Bachelor\",\"value\":2}}','2023-02-09 16:03:15','2023-02-09 16:03:15'),(555,42,'skill','ParameterSkill','{\"skill\":{\"label\":\"microsoft office suites\",\"value\":23},\"experience\":\"2\",\"proficiency\":\"4\"}','2023-03-06 06:53:12','2023-03-06 06:53:12'),(556,42,'sector','ParameterSector','{\"sector\":{\"label\":\"Cash\",\"value\":7},\"experience\":\"2\"}','2023-03-06 06:53:12','2023-03-06 06:53:12'),(557,42,'language','ParameterLanguage','{\"language\":{\"label\":\"English\",\"value\":2},\"language_level\":{\"label\":\"Basic\",\"value\":1},\"is_mother_tongue\":\"0\"}','2023-03-06 06:53:12','2023-03-06 06:53:12'),(558,42,'degree_level','ParameterDegreeLevel','{\"degree_level\":{\"label\":\"Bachelor\",\"value\":2}}','2023-03-06 06:53:12','2023-03-06 06:53:12'),(563,43,'skill','ParameterSkill','{\"skill\":{\"label\":\"microsoft office suites\",\"value\":23},\"experience\":\"2\",\"proficiency\":\"4\"}','2023-03-06 07:04:01','2023-03-06 07:04:01'),(564,43,'sector','ParameterSector','{\"sector\":{\"label\":\"Cash\",\"value\":7},\"experience\":\"2\"}','2023-03-06 07:04:01','2023-03-06 07:04:01'),(565,43,'language','ParameterLanguage','{\"language\":{\"label\":\"English\",\"value\":2},\"language_level\":{\"label\":\"Basic\",\"value\":1},\"is_mother_tongue\":\"0\"}','2023-03-06 07:04:01','2023-03-06 07:04:01'),(566,43,'degree_level','ParameterDegreeLevel','{\"degree_level\":{\"label\":\"Bachelor\",\"value\":2}}','2023-03-06 07:04:01','2023-03-06 07:04:01');
/*!40000 ALTER TABLE `hr_tor_requirements` ENABLE KEYS */;
UNLOCK TABLES;

--
-- Table structure for table `hr_tor_sections`
--

DROP TABLE IF EXISTS `hr_tor_sections`;
/*!40101 SET @saved_cs_client     = @@character_set_client */;
/*!40101 SET character_set_client = utf8 */;
CREATE TABLE `hr_tor_sections` (
  `id` bigint(20) unsigned NOT NULL AUTO_INCREMENT,
  `hr_tor_id` bigint(20) unsigned NOT NULL,
  `sub_section` varchar(255) COLLATE utf8mb4_unicode_ci NOT NULL,
  `sub_section_content` text COLLATE utf8mb4_unicode_ci NOT NULL,
  `level` int(11) NOT NULL,
  `created_at` timestamp NULL DEFAULT NULL,
  `updated_at` timestamp NULL DEFAULT NULL,
  PRIMARY KEY (`id`),
  KEY `hr_tor_sections_hr_tor_id_foreign` (`hr_tor_id`),
  CONSTRAINT `hr_tor_sections_hr_tor_id_foreign` FOREIGN KEY (`hr_tor_id`) REFERENCES `hr_tor` (`id`)
) ENGINE=InnoDB AUTO_INCREMENT=584 DEFAULT CHARSET=utf8mb4 COLLATE=utf8mb4_unicode_ci;
/*!40101 SET character_set_client = @saved_cs_client */;

--
-- Dumping data for table `hr_tor_sections`
--

LOCK TABLES `hr_tor_sections` WRITE;
/*!40000 ALTER TABLE `hr_tor_sections` DISABLE KEYS */;
INSERT INTO `hr_tor_sections` VALUES (552,40,'Organization','<p><em>iMMAP is an international nongovernmental organisation that provides information management services to humanitarian and development organizations. Through information management, we help our partners target assistance to the worlds most vulnerable populations. Our core philosophy is that better data leads to better decisions and that better decisions lead to better outcomes. iMMAPs critical support to information value chains helps to solve operational and strategic challenges of our partners in both emergency and development contexts by enabling evidence-based decision-making for better outcomes.</em></p>',0,'2022-05-20 02:44:11','2022-05-20 02:44:11'),(553,40,'Background','<p><em>Country specific</em></p>',1,'2022-05-20 02:44:11','2022-05-20 02:44:11'),(554,40,'Description of Duties','<p><em> la carte, then listed in sub-categories:</em></p><p><br></p><p><br></p><ul><li>Supervise and coordinate the provision of all administrative, personnel and financial support require to the project, ensuring that appropriate control reporting structure are maintained in accordance with the organisations rules and regulations.</li><li>Manage projects accounting and financial system by ensuring that appropriate cashbook prepared for each month expenses.</li><li>Coordinate and act as focal point for issues relating to finance (including salary, payment of per diem, rent, hazardous, R &amp;R, process of invoices and receipt of funds).</li><li>Coordinate the asset inventory process, including procurement and reporting in established forms to iMMAP.</li><li>Manage admin/finance issues with iMMAP head quarter office when required.</li><li>Manage logistic issues for iMMAP activities support to national mine action offices.</li><li>Undertake other duties as requested by the line manager.</li><li>Prepare all finance reports and monthly cashbook for iMMAP Syria with scanning all receipts.</li></ul>',2,'2022-05-20 02:44:11','2022-05-20 02:44:11'),(555,40,'Requirements','<ul><li><strong>Education</strong></li><li class=\"ql-indent-1\">University an Institute degree in business administration, finance or relevant field</li><li><strong>Experience</strong></li><li class=\"ql-indent-1\">With at least XXX years or work experience in Administration field.</li><li><strong>Soft skills</strong></li><li class=\"ql-indent-1\">Flexible and adaptable to any situation.</li><li class=\"ql-indent-1\">Ability to translate XX to XX and XX to XX</li><li class=\"ql-indent-1\">Ability to work independently while under pressure and during long hours.</li><li class=\"ql-indent-1\">Excellent work habits with a willingness to work in a multi-cultural environment.</li><li class=\"ql-indent-1\">Excellent organizational skills, including proven ability in administration, financial and logistics.</li><li class=\"ql-indent-1\">Excellent communication skills, including drafting documents;</li><li><strong>Programmes</strong></li><li class=\"ql-indent-1\"><strong></strong>Excellent computer skills in the Windows and Microsoft Office especially MS Excel and MS Access.</li></ul>',3,'2022-05-20 02:44:11','2022-05-20 02:44:11'),(556,15,'Organization','<p><em>iMMAP is an international nongovernmental organisation that provides information management services to humanitarian and development organizations. Through information management, we help our partners target assistance to the worlds most vulnerable populations. Our core philosophy is that better data leads to better decisions and that better decisions lead to better outcomes. iMMAPs critical support to information value chains helps to solve operational and strategic challenges of our partners in both emergency and development contexts by enabling evidence-based decision-making for better outcomes.</em></p>',0,'2022-09-20 03:44:13','2022-09-20 03:44:13'),(557,15,'Background','<p><em>Country specific</em></p>',1,'2022-09-20 03:44:13','2022-09-20 03:44:13'),(558,15,'Description of Duties','<p>The Country Representative (CR) is the senior iMMAP management position in host country, with supervisory and managerial responsibility for all in-country personnel, programmes and policies. The CR is responsible for developing the overall iMMAP strategic direction for programming in concert with the iMMAP senior management team and local and international partners. S/He is also responsible for developing and implementing systems, policies and procedures for iMMAP operations in country. As the iMMAP senior manager in country, the CR is also responsible for financial oversight, strategic planning, monitoring and evaluation, staff safety and security, human resource management, and representation in the field. Working closely with the chief executive officer, the CR ensures that country programme operations meet the highest standard and are supportive of regional and global iMMAP strategies.</p><p><br></p><p><br></p><ul><li><strong>Strategy and Vision</strong></li><li class=\"ql-indent-1\">Formulate and plan, in consultation with key stakeholders, a clear vision of present and future programme goals and strategies which can be clearly communicated to team members, local beneficiaries, international partners, governmental counterparts, and donors.</li><li class=\"ql-indent-1\">Set direction by prioritising and organising actions and resources to achieve program and organisational objectives.</li><li class=\"ql-indent-1\">Evaluate program priorities within the country and participate in regional prioritisation.</li><li class=\"ql-indent-1\">Explore, evaluate and present new country and project funding opportunities that leverage impact and integrate initiatives and activities; support and direct related fund-raising activities with both institutional and private donors.</li><li><strong>Team Management</strong></li><li class=\"ql-indent-1\">Develop and maintain an adequate human resource plan consistent with iMMAPs policies, including current position descriptions for all iMMAP in country positions, personnel orientation and professional development plans, personnel evaluation system, field personnel policy manual, and personnel grievance procedure system.</li><li class=\"ql-indent-1\">Recruit, manage and motivate an informed, skilled and efficient team with an emphasis on excellence and achievement; encourage a team culture of learning, creativity and innovation, incorporating staff development strategies and performance management systems into the team building process.</li><li class=\"ql-indent-1\">Establish leadership and personal credibility with the iMMAP team, and implement and create an organisational culture of accountability, responsibility and quality of services.</li><li><strong>Reporting, Monitoring and Evaluation</strong></li><li class=\"ql-indent-1\">Ensure the programme is based upon sound principles of design and utilise iMMAP and donor required monitoring and evaluation systems.</li><li><strong>Representation</strong></li><li class=\"ql-indent-1\">Represent the iMMAP country programme with national and international donors, partners, media, and participate in local community activities as appropriate.</li><li class=\"ql-indent-1\">Maintain effective and positive internal contacts with iMMAP headquarters officers and staff, and external contacts with the Embassies, national and local government officials, international non-governmental organisations (NGOs), donor agency officials, vendors, media, and the general public.</li><li><strong>Fiscal, Compliance Management and Accountability</strong></li><li class=\"ql-indent-1\">Coordinate overall country budget; manage budget within approved spending levels and establish an annual cash flow plan to ensure a steady and adequate supply of funds for program activities.</li><li class=\"ql-indent-1\">Oversee budget management of sub-grantees/sub-contractors if any.</li><li class=\"ql-indent-1\">Build and maintain operational structures that ensure proper segregation of duties between finance, administration and logistics and fully support field programs.</li><li><strong>Security</strong></li><li class=\"ql-indent-1\">Manage safety and security of the entire iMMAP country team and assets according to best practices, operating standards and field realities.</li><li class=\"ql-indent-1\">Liaise with security officials of the local government and other humanitarian, relief and development stakeholders concerning crucial events, periods of increased risk, incident reporting, and security policy changes.</li></ul>',2,'2022-09-20 03:44:13','2022-09-20 03:44:13'),(559,15,'Requirements','<ul><li><strong>Education</strong></li><li class=\"ql-indent-1\">Advanced university degree in Business Administration, Project Management, Information Science or other relevant fields;</li><li><strong>Experience</strong></li><li class=\"ql-indent-1\">At least 15 years of experience with increasing responsibility in management positions, preferably within the UN or other humanitarian organizations;</li><li class=\"ql-indent-1\">Complete understanding of the UN cluster system and its functioning;</li><li class=\"ql-indent-1\">Proven ability and experience interacting with a wide range of organizations and stakeholders from the UN, donors, clusters, NGOs;</li><li class=\"ql-indent-1\">Experience in emergency relief management and field coordination;</li><li><strong>Soft skills</strong></li><li class=\"ql-indent-1\">Strong presentation and communication skills;</li><li class=\"ql-indent-1\">Service orientated and ability to build consensus.</li><li class=\"ql-indent-1\">Ability to understand and adapt to complex and dynamic situations;</li><li class=\"ql-indent-1\">Ability to work in harsh operational environments;</li><li class=\"ql-indent-1\">Takes initiatives, manages own use of time and is self-motivating;</li><li class=\"ql-indent-1\">Self drive, flexibility and creativity.</li></ul>',3,'2022-09-20 03:44:13','2022-09-20 03:44:13'),(568,41,'Organization','<p><em>iMMAP is an international nongovernmental organisation that provides information management services to humanitarian and development organizations. Through information management, we help our partners target assistance to the worlds most vulnerable populations. Our core philosophy is that better data leads to better decisions and that better decisions lead to better outcomes. iMMAPs critical support to information value chains helps to solve operational and strategic challenges of our partners in both emergency and development contexts by enabling evidence-based decision-making for better outcomes.</em></p>',0,'2023-02-09 16:03:15','2023-02-09 16:03:15'),(569,41,'Background','<p><em>Country specific</em></p>',1,'2023-02-09 16:03:15','2023-02-09 16:03:15'),(570,41,'Description of Duties','<p><em> la carte, then listed in sub-categories:</em></p><p><br></p><p><br></p><ul><li>Supervise and coordinate the provision of all administrative, personnel and financial support require to the project, ensuring that appropriate control reporting structure are maintained in accordance with the organisations rules and regulations.</li><li>Manage projects accounting and financial system by ensuring that appropriate cashbook prepared for each month expenses.</li><li>Coordinate and act as focal point for issues relating to finance (including salary, payment of per diem, rent, hazardous, R &amp;R, process of invoices and receipt of funds).</li><li>Coordinate the asset inventory process, including procurement and reporting in established forms to iMMAP.</li><li>Manage admin/finance issues with iMMAP head quarter office when required.</li><li>Manage logistic issues for iMMAP activities support to national mine action offices.</li><li>Undertake other duties as requested by the line manager.</li><li>Prepare all finance reports and monthly cashbook for iMMAP Syria with scanning all receipts.</li></ul>',2,'2023-02-09 16:03:15','2023-02-09 16:03:15'),(571,41,'Requirements','<ul><li><strong>Education</strong></li><li class=\"ql-indent-1\">University an Institute degree in business administration, finance or relevant field</li><li><strong>Experience</strong></li><li class=\"ql-indent-1\">With at least XXX years or work experience in Administration field.</li><li><strong>Soft skills</strong></li><li class=\"ql-indent-1\">Flexible and adaptable to any situation.</li><li class=\"ql-indent-1\">Ability to translate XX to XX and XX to XX</li><li class=\"ql-indent-1\">Ability to work independently while under pressure and during long hours.</li><li class=\"ql-indent-1\">Excellent work habits with a willingness to work in a multi-cultural environment.</li><li class=\"ql-indent-1\">Excellent organizational skills, including proven ability in administration, financial and logistics.</li><li class=\"ql-indent-1\">Excellent communication skills, including drafting documents;</li><li><strong>Programmes</strong></li><li class=\"ql-indent-1\"><strong></strong>Excellent computer skills in the Windows and Microsoft Office especially MS Excel and MS Access.</li></ul>',3,'2023-02-09 16:03:15','2023-02-09 16:03:15'),(572,42,'Organization','<p><em>iMMAP is an international nongovernmental organisation that provides information management services to humanitarian and development organizations. Through information management, we help our partners target assistance to the worlds most vulnerable populations. Our core philosophy is that better data leads to better decisions and that better decisions lead to better outcomes. iMMAPs critical support to information value chains helps to solve operational and strategic challenges of our partners in both emergency and development contexts by enabling evidence-based decision-making for better outcomes.</em></p>',0,'2023-03-06 06:53:12','2023-03-06 06:53:12'),(573,42,'Background','<p><em>Country specific</em></p>',1,'2023-03-06 06:53:12','2023-03-06 06:53:12'),(574,42,'Description of Duties','<p><em> la carte, then listed in sub-categories:</em></p><p><br></p><p><br></p><ul><li>Supervise and coordinate the provision of all administrative, personnel and financial support require to the project, ensuring that appropriate control reporting structure are maintained in accordance with the organisations rules and regulations.</li><li>Manage projects accounting and financial system by ensuring that appropriate cashbook prepared for each month expenses.</li><li>Coordinate and act as focal point for issues relating to finance (including salary, payment of per diem, rent, hazardous, R &amp;R, process of invoices and receipt of funds).</li><li>Coordinate the asset inventory process, including procurement and reporting in established forms to iMMAP.</li><li>Manage admin/finance issues with iMMAP head quarter office when required.</li><li>Manage logistic issues for iMMAP activities support to national mine action offices.</li><li>Undertake other duties as requested by the line manager.</li><li>Prepare all finance reports and monthly cashbook for iMMAP Syria with scanning all receipts.</li></ul>',2,'2023-03-06 06:53:12','2023-03-06 06:53:12'),(575,42,'Requirements','<ul><li><strong>Education</strong></li><li class=\"ql-indent-1\">University an Institute degree in business administration, finance or relevant field</li><li><strong>Experience</strong></li><li class=\"ql-indent-1\">With at least XXX years or work experience in Administration field.</li><li><strong>Soft skills</strong></li><li class=\"ql-indent-1\">Flexible and adaptable to any situation.</li><li class=\"ql-indent-1\">Ability to translate XX to XX and XX to XX</li><li class=\"ql-indent-1\">Ability to work independently while under pressure and during long hours.</li><li class=\"ql-indent-1\">Excellent work habits with a willingness to work in a multi-cultural environment.</li><li class=\"ql-indent-1\">Excellent organizational skills, including proven ability in administration, financial and logistics.</li><li class=\"ql-indent-1\">Excellent communication skills, including drafting documents;</li><li><strong>Programmes</strong></li><li class=\"ql-indent-1\"><strong></strong>Excellent computer skills in the Windows and Microsoft Office especially MS Excel and MS Access.</li></ul>',3,'2023-03-06 06:53:12','2023-03-06 06:53:12'),(580,43,'Organization','<p><em>iMMAP is an international nongovernmental organisation that provides information management services to humanitarian and development organizations. Through information management, we help our partners target assistance to the worlds most vulnerable populations. Our core philosophy is that better data leads to better decisions and that better decisions lead to better outcomes. iMMAPs critical support to information value chains helps to solve operational and strategic challenges of our partners in both emergency and development contexts by enabling evidence-based decision-making for better outcomes.</em></p>',0,'2023-03-06 07:04:01','2023-03-06 07:04:01'),(581,43,'Background','<p><em>Country specific</em></p>',1,'2023-03-06 07:04:01','2023-03-06 07:04:01'),(582,43,'Description of Duties','<p><em> la carte, then listed in sub-categories:</em></p><p><br></p><p><br></p><ul><li>Supervise and coordinate the provision of all administrative, personnel and financial support require to the project, ensuring that appropriate control reporting structure are maintained in accordance with the organisations rules and regulations.</li><li>Manage projects accounting and financial system by ensuring that appropriate cashbook prepared for each month expenses.</li><li>Coordinate and act as focal point for issues relating to finance (including salary, payment of per diem, rent, hazardous, R &amp;R, process of invoices and receipt of funds).</li><li>Coordinate the asset inventory process, including procurement and reporting in established forms to iMMAP.</li><li>Manage admin/finance issues with iMMAP head quarter office when required.</li><li>Manage logistic issues for iMMAP activities support to national mine action offices.</li><li>Undertake other duties as requested by the line manager.</li><li>Prepare all finance reports and monthly cashbook for iMMAP Syria with scanning all receipts.</li></ul>',2,'2023-03-06 07:04:01','2023-03-06 07:04:01'),(583,43,'Requirements','<ul><li><strong>Education</strong></li><li class=\"ql-indent-1\">University an Institute degree in business administration, finance or relevant field</li><li><strong>Experience</strong></li><li class=\"ql-indent-1\">With at least XXX years or work experience in Administration field.</li><li><strong>Soft skills</strong></li><li class=\"ql-indent-1\">Flexible and adaptable to any situation.</li><li class=\"ql-indent-1\">Ability to translate XX to XX and XX to XX</li><li class=\"ql-indent-1\">Ability to work independently while under pressure and during long hours.</li><li class=\"ql-indent-1\">Excellent work habits with a willingness to work in a multi-cultural environment.</li><li class=\"ql-indent-1\">Excellent organizational skills, including proven ability in administration, financial and logistics.</li><li class=\"ql-indent-1\">Excellent communication skills, including drafting documents;</li><li><strong>Programmes</strong></li><li class=\"ql-indent-1\"><strong></strong>Excellent computer skills in the Windows and Microsoft Office especially MS Excel and MS Access.</li></ul>',3,'2023-03-06 07:04:01','2023-03-06 07:04:01');
/*!40000 ALTER TABLE `hr_tor_sections` ENABLE KEYS */;
UNLOCK TABLES;

--
-- Table structure for table `im_test`
--

DROP TABLE IF EXISTS `im_test`;
/*!40101 SET @saved_cs_client     = @@character_set_client */;
/*!40101 SET character_set_client = utf8 */;
CREATE TABLE `im_test` (
  `id` bigint(20) unsigned NOT NULL AUTO_INCREMENT,
  `steps` int(11) NOT NULL,
  `title` varchar(255) COLLATE utf8mb4_unicode_ci NOT NULL,
  `text1` text COLLATE utf8mb4_unicode_ci DEFAULT NULL,
  `created_at` timestamp NULL DEFAULT NULL,
  `updated_at` timestamp NULL DEFAULT NULL,
  `text2` text COLLATE utf8mb4_unicode_ci DEFAULT NULL,
  `text3` text COLLATE utf8mb4_unicode_ci DEFAULT NULL,
  `file_dataset1` int(11) DEFAULT NULL,
  `file_dataset2` int(11) DEFAULT NULL,
  `file_dataset3` int(11) DEFAULT NULL,
  `file_user_up1` varchar(255) COLLATE utf8mb4_unicode_ci DEFAULT NULL,
  `file_user_up2` varchar(255) COLLATE utf8mb4_unicode_ci DEFAULT NULL,
  `file_user_up3` varchar(255) COLLATE utf8mb4_unicode_ci DEFAULT NULL,
  `text4` text COLLATE utf8mb4_unicode_ci DEFAULT NULL,
  `im_test_templates_id` bigint(20) unsigned DEFAULT NULL,
  PRIMARY KEY (`id`),
  KEY `im_test_im_test_templates_id_foreign` (`im_test_templates_id`),
  CONSTRAINT `im_test_im_test_templates_id_foreign` FOREIGN KEY (`im_test_templates_id`) REFERENCES `im_test_templates` (`id`) ON DELETE CASCADE
) ENGINE=InnoDB AUTO_INCREMENT=6 DEFAULT CHARSET=utf8mb4 COLLATE=utf8mb4_unicode_ci;
/*!40101 SET character_set_client = @saved_cs_client */;

--
-- Dumping data for table `im_test`
--

LOCK TABLES `im_test` WRITE;
/*!40000 ALTER TABLE `im_test` DISABLE KEYS */;
INSERT INTO `im_test` VALUES (1,1,'Welcom to iMMAP Roster IM Test','<p>You will have 4 hours to complete on this test.</p><p><strong>This test includes 4 Exercises:</strong></p><ul><li>Data analysis (60 min)</li><li>Mapping (60 min)</li><li>Humanitarian Needs Assessment (30 min)</li><li>Communication with partners (30 min)</li></ul><p><br></p><p>Into brackets is the estimated time for completion of each exercise.</p><p>You can use any tools that you and know how to use.</p><p>The timer up there will be activated when you will have clicked on \"Start\" Button</p><p>For the 2 first exercises you will have to upload your results/products and for the 2 others, you will have to type your answer.</p><p>Do no share this test with any other colleages!</p><p>Good Luck!</p>','2019-12-16 02:52:19','2019-12-16 02:52:19',NULL,NULL,NULL,NULL,NULL,NULL,NULL,NULL,NULL,2),(2,2,'Part 1 - Data Analysis','<p><strong>Here are two 4W datasets from two different sources. Luckily, the datasets are in the same format.</strong></p><p><strong>Combine them into one, clean the dataset and make it ready for analysis.</strong></p>','2019-12-16 02:52:19','2019-12-16 02:52:19','<p><strong>Based on the new Dataset you just created, answer the following questions:</strong></p>','<p><strong>Create a simple dashboard</strong></p><p><br></p><p><br></p><ul><li>Beneficiaries by organisation</li><li>Top 3 Activities</li><li>Activities per month</li><li>Add at least 2 more pieces of information that you think are relevant</li></ul>',409,410,NULL,NULL,NULL,NULL,NULL,2),(3,3,'Part 2 - Mapping','<p>Create 2 maps:</p>','2019-12-16 02:52:19','2019-12-16 02:52:19','<p>Use the linked dataset to find all health facilities of the type \"HOPITAL GENERAL DE REFERENCE\" that are within 3 km of a primary road.</p><p>Show all facilities that fit the criteria on a map with a label for each one of them.</p>','<p>Create a simple map that shows where the concentration of health facilities</p>',411,412,NULL,NULL,NULL,NULL,'<p>Extra task (Optional) :</p><p>Create an interactive map using the same datasets.</p>',2),(4,4,'Part 3 - Humanitarian Needs Assesment','<p>You are tasked to run a needs assessment in a region that was affected by a natural disaster.</p><p>What steps will you take to get a good idea of the humanitarian needs ?</p><p><strong>Describe your approach in bullet points</strong></p>','2019-12-16 02:52:19','2019-12-16 02:52:19',NULL,NULL,NULL,NULL,NULL,NULL,NULL,NULL,NULL,2),(5,5,'Part 4 - Communications with Partners','<p>You are workin as an Information Management Officer for a cluster in a country affected by a natural disaster.</p><p>Your cluster coordinator made you aware that of your 37 partners only 12 have been reporting their activities on time and using the correct format. The others were either late or used an outdated reporting format.</p><p>He / she asks you to write a message that can be circulated to improve the reporting.</p><p><strong>Write a message to the partners to improve the reporting.</strong></p>','2019-12-16 02:52:19','2019-12-16 02:52:19',NULL,NULL,NULL,NULL,NULL,NULL,NULL,NULL,NULL,2);
/*!40000 ALTER TABLE `im_test` ENABLE KEYS */;
UNLOCK TABLES;

--
-- Table structure for table `im_test_answer`
--

DROP TABLE IF EXISTS `im_test_answer`;
/*!40101 SET @saved_cs_client     = @@character_set_client */;
/*!40101 SET character_set_client = utf8 */;
CREATE TABLE `im_test_answer` (
  `id` bigint(20) unsigned NOT NULL AUTO_INCREMENT,
  `profil_id` int(10) unsigned NOT NULL,
  `im_test_id` bigint(20) unsigned NOT NULL,
  `question_im_test_id` bigint(20) unsigned NOT NULL,
  `multiple_choice_im_test_id` bigint(20) unsigned NOT NULL,
  `created_at` timestamp NULL DEFAULT NULL,
  `updated_at` timestamp NULL DEFAULT NULL,
  PRIMARY KEY (`id`),
  KEY `im_test_answer_profil_id_foreign` (`profil_id`),
  KEY `im_test_answer_im_test_id_foreign` (`im_test_id`),
  KEY `im_test_answer_question_im_test_id_foreign` (`question_im_test_id`),
  KEY `im_test_answer_multiple_choice_im_test_id_foreign` (`multiple_choice_im_test_id`),
  CONSTRAINT `im_test_answer_im_test_id_foreign` FOREIGN KEY (`im_test_id`) REFERENCES `im_test` (`id`) ON DELETE CASCADE,
  CONSTRAINT `im_test_answer_multiple_choice_im_test_id_foreign` FOREIGN KEY (`multiple_choice_im_test_id`) REFERENCES `multiple_choice_im_test` (`id`),
  CONSTRAINT `im_test_answer_profil_id_foreign` FOREIGN KEY (`profil_id`) REFERENCES `profiles` (`id`) ON DELETE CASCADE,
  CONSTRAINT `im_test_answer_question_im_test_id_foreign` FOREIGN KEY (`question_im_test_id`) REFERENCES `question_im_test` (`id`) ON DELETE CASCADE
) ENGINE=InnoDB AUTO_INCREMENT=5 DEFAULT CHARSET=utf8mb4 COLLATE=utf8mb4_unicode_ci;
/*!40101 SET character_set_client = @saved_cs_client */;

--
-- Dumping data for table `im_test_answer`
--

LOCK TABLES `im_test_answer` WRITE;
/*!40000 ALTER TABLE `im_test_answer` DISABLE KEYS */;
INSERT INTO `im_test_answer` VALUES (1,1,2,1,4,'2020-02-09 22:04:08','2020-02-09 22:04:08'),(2,1,2,2,6,'2020-02-09 22:04:08','2020-02-09 22:04:08'),(3,1,2,3,9,'2020-02-09 22:04:08','2020-02-09 22:04:08'),(4,1,3,4,15,'2020-02-09 22:04:09','2020-02-09 22:04:09');
/*!40000 ALTER TABLE `im_test_answer` ENABLE KEYS */;
UNLOCK TABLES;

--
-- Table structure for table `im_test_templates`
--

DROP TABLE IF EXISTS `im_test_templates`;
/*!40101 SET @saved_cs_client     = @@character_set_client */;
/*!40101 SET character_set_client = utf8 */;
CREATE TABLE `im_test_templates` (
  `id` bigint(20) unsigned NOT NULL AUTO_INCREMENT,
  `name` varchar(255) COLLATE utf8mb4_unicode_ci NOT NULL,
  `slug` varchar(255) COLLATE utf8mb4_unicode_ci NOT NULL,
  `limit_time_hour` int(10) unsigned NOT NULL,
  `limit_time_minutes` int(10) unsigned NOT NULL,
  `is_default` tinyint(1) NOT NULL DEFAULT 0,
  `created_at` timestamp NULL DEFAULT NULL,
  `updated_at` timestamp NULL DEFAULT NULL,
  PRIMARY KEY (`id`),
  UNIQUE KEY `im_test_templates_slug_unique` (`slug`)
) ENGINE=InnoDB AUTO_INCREMENT=3 DEFAULT CHARSET=utf8mb4 COLLATE=utf8mb4_unicode_ci;
/*!40101 SET character_set_client = @saved_cs_client */;

--
-- Dumping data for table `im_test_templates`
--

LOCK TABLES `im_test_templates` WRITE;
/*!40000 ALTER TABLE `im_test_templates` DISABLE KEYS */;
INSERT INTO `im_test_templates` VALUES (2,'IM Test','im-test',4,0,1,'2019-12-16 02:52:19','2019-12-16 02:52:19');
/*!40000 ALTER TABLE `im_test_templates` ENABLE KEYS */;
UNLOCK TABLES;

--
-- Table structure for table `immap_offices`
--

DROP TABLE IF EXISTS `immap_offices`;
/*!40101 SET @saved_cs_client     = @@character_set_client */;
/*!40101 SET character_set_client = utf8 */;
CREATE TABLE `immap_offices` (
  `id` bigint(20) unsigned NOT NULL AUTO_INCREMENT,
  `city` varchar(255) COLLATE utf8mb4_unicode_ci DEFAULT NULL,
  `country_id` int(10) unsigned DEFAULT NULL,
  `is_active` tinyint(1) NOT NULL DEFAULT 1,
  `is_hq` tinyint(1) NOT NULL DEFAULT 0,
  `created_at` timestamp NULL DEFAULT NULL,
  `updated_at` timestamp NULL DEFAULT NULL,
  PRIMARY KEY (`id`),
  KEY `immap_offices_country_id_foreign` (`country_id`),
  CONSTRAINT `immap_offices_country_id_foreign` FOREIGN KEY (`country_id`) REFERENCES `countries` (`id`)
) ENGINE=InnoDB AUTO_INCREMENT=18 DEFAULT CHARSET=utf8mb4 COLLATE=utf8mb4_unicode_ci;
/*!40101 SET character_set_client = @saved_cs_client */;

--
-- Dumping data for table `immap_offices`
--

LOCK TABLES `immap_offices` WRITE;
/*!40000 ALTER TABLE `immap_offices` DISABLE KEYS */;
INSERT INTO `immap_offices` VALUES (1,'Kabul',4,1,0,'2019-11-11 04:07:16','2019-11-11 04:07:16'),(2,'Cox\'s Bazar',10,1,0,'2019-11-11 04:10:07','2019-11-11 04:10:07'),(3,'Bogota',21,1,0,'2019-11-11 04:10:24','2019-11-11 04:10:24'),(4,'Addis Ababa',33,1,0,'2019-11-11 04:10:42','2019-11-11 04:10:42'),(5,'Marseille',36,1,1,'2019-11-11 04:11:03','2019-11-11 04:11:03'),(6,'Erbil/Basra',47,1,0,'2019-11-11 04:11:23','2019-11-11 04:11:23'),(7,'Amman',53,1,0,'2019-11-11 04:11:35','2019-11-11 04:11:35'),(8,'Abuja/Maiduguri',72,1,0,'2019-11-11 04:11:58','2019-11-11 04:11:58'),(9,'Geneva',94,1,0,'2019-11-11 04:12:12','2019-11-11 04:12:12'),(10,'Syria',95,1,0,'2019-11-11 04:12:24','2019-11-11 04:12:24'),(11,'Bangkok',98,1,0,'2019-11-11 04:12:39','2019-11-11 04:12:39'),(12,'Washington DC',104,1,1,'2019-11-11 04:12:57','2020-03-05 08:18:25'),(13,'Sana\'a',219,1,0,'2019-11-11 04:13:14','2019-11-11 04:13:14'),(14,'Home Based',231,1,0,NULL,NULL),(17,'Turkey',101,1,0,'2020-04-01 05:11:20','2020-04-01 05:11:20');
/*!40000 ALTER TABLE `immap_offices` ENABLE KEYS */;
UNLOCK TABLES;

--
-- Table structure for table `interview_questions`
--

DROP TABLE IF EXISTS `interview_questions`;
/*!40101 SET @saved_cs_client     = @@character_set_client */;
/*!40101 SET character_set_client = utf8 */;
CREATE TABLE `interview_questions` (
  `id` bigint(20) unsigned NOT NULL AUTO_INCREMENT,
  `question_type` varchar(255) COLLATE utf8_unicode_ci NOT NULL DEFAULT 'number',
  `question` text COLLATE utf8_unicode_ci NOT NULL,
  `editable` tinyint(1) NOT NULL,
  `job_id` int(10) unsigned DEFAULT NULL,
  `user_id` int(10) unsigned DEFAULT NULL,
  `created_at` timestamp NULL DEFAULT NULL,
  `updated_at` timestamp NULL DEFAULT NULL,
  `roster_process_id` bigint(20) unsigned DEFAULT NULL,
  `roster_profile_id` bigint(20) unsigned DEFAULT NULL,
  PRIMARY KEY (`id`),
  KEY `interview_questions_job_id_foreign` (`job_id`),
  KEY `interview_questions_user_id_foreign` (`user_id`),
  KEY `interview_questions_roster_process_id_foreign` (`roster_process_id`),
  KEY `interview_questions_roster_profile_id_foreign` (`roster_profile_id`),
  CONSTRAINT `interview_questions_job_id_foreign` FOREIGN KEY (`job_id`) REFERENCES `jobs` (`id`) ON DELETE CASCADE,
  CONSTRAINT `interview_questions_roster_process_id_foreign` FOREIGN KEY (`roster_process_id`) REFERENCES `roster_processes` (`id`) ON DELETE CASCADE,
  CONSTRAINT `interview_questions_roster_profile_id_foreign` FOREIGN KEY (`roster_profile_id`) REFERENCES `profile_roster_processes` (`id`) ON DELETE CASCADE,
  CONSTRAINT `interview_questions_user_id_foreign` FOREIGN KEY (`user_id`) REFERENCES `users` (`id`) ON DELETE CASCADE
) ENGINE=InnoDB AUTO_INCREMENT=66 DEFAULT CHARSET=utf8 COLLATE=utf8_unicode_ci;
/*!40101 SET character_set_client = @saved_cs_client */;

--
-- Dumping data for table `interview_questions`
--

LOCK TABLES `interview_questions` WRITE;
/*!40000 ALTER TABLE `interview_questions` DISABLE KEYS */;
INSERT INTO `interview_questions` VALUES (1,'number','the question here',1,33,3,'2022-05-19 06:34:35','2022-05-19 06:34:35',NULL,NULL),(2,'text','the other question',1,33,3,'2022-05-19 06:34:41','2022-05-19 06:34:41',NULL,NULL),(10,'number','the adit question',1,NULL,3,'2022-06-14 02:27:29','2022-06-14 02:27:29',5,NULL),(11,'number','the question edited 2',0,NULL,3,'2022-06-21 04:11:58','2022-07-04 05:33:09',5,NULL),(12,'text','the second questyion ed',0,NULL,3,'2022-06-21 04:23:31','2022-07-04 05:33:09',5,1099),(13,'number','uu',0,NULL,3,'2022-06-22 00:48:09','2022-07-04 05:33:09',5,1099),(14,'number','the last one',0,NULL,3,'2022-06-23 02:53:34','2022-07-04 05:33:09',5,1099),(17,'number','the question new',1,NULL,3,'2022-07-07 04:48:24','2022-07-07 04:48:24',5,1099),(21,'number','the quesiton 1',0,NULL,3,'2022-08-12 03:29:19','2022-08-23 03:04:50',1,1117),(22,'text','the question 2',0,NULL,3,'2022-08-12 03:29:28','2022-08-23 03:04:50',1,1117),(57,'number','the question',0,40,2073,'2022-10-07 05:59:52','2022-10-07 05:59:52',NULL,NULL),(58,'number','res question',0,40,3,'2022-10-07 06:00:05','2022-10-07 06:00:05',NULL,NULL),(59,'number','the other q',0,40,3,'2022-10-07 06:00:11','2022-10-07 06:00:11',NULL,NULL),(60,'number','twtwtw',0,40,3,'2022-10-07 06:00:14','2022-10-07 06:00:14',NULL,NULL),(61,'number','impre',0,39,2073,'2023-04-13 01:19:11','2023-04-13 01:19:11',NULL,NULL),(62,'text','imprepre',0,39,2073,'2023-04-13 01:19:17','2023-04-13 01:19:17',NULL,NULL),(65,'number','question',0,39,3,'2023-04-21 02:18:47','2023-04-21 02:18:47',NULL,NULL);
/*!40000 ALTER TABLE `interview_questions` ENABLE KEYS */;
UNLOCK TABLES;

--
-- Table structure for table `interview_score_comments`
--

DROP TABLE IF EXISTS `interview_score_comments`;
/*!40101 SET @saved_cs_client     = @@character_set_client */;
/*!40101 SET character_set_client = utf8 */;
CREATE TABLE `interview_score_comments` (
  `id` bigint(20) unsigned NOT NULL AUTO_INCREMENT,
  `applicant_id` int(10) unsigned DEFAULT NULL,
  `manager_id` bigint(20) unsigned DEFAULT NULL,
  `comment` longtext COLLATE utf8_unicode_ci NOT NULL,
  `editable` tinyint(1) NOT NULL,
  `created_at` timestamp NULL DEFAULT NULL,
  `updated_at` timestamp NULL DEFAULT NULL,
  `roster_profile_idu` bigint(20) unsigned DEFAULT NULL,
  `roster_profile_id` bigint(20) unsigned DEFAULT NULL,
  `roster_process_id` bigint(20) unsigned DEFAULT NULL,
  `manager_user_id` int(11) DEFAULT NULL,
  PRIMARY KEY (`id`),
  KEY `interview_score_comments_applicant_id_foreign` (`applicant_id`),
  KEY `interview_score_comments_manager_id_foreign` (`manager_id`),
  CONSTRAINT `interview_score_comments_applicant_id_foreign` FOREIGN KEY (`applicant_id`) REFERENCES `job_user` (`id`) ON DELETE CASCADE,
  CONSTRAINT `interview_score_comments_manager_id_foreign` FOREIGN KEY (`manager_id`) REFERENCES `job_managers` (`id`) ON DELETE CASCADE
) ENGINE=InnoDB AUTO_INCREMENT=23 DEFAULT CHARSET=utf8 COLLATE=utf8_unicode_ci;
/*!40101 SET character_set_client = @saved_cs_client */;

--
-- Dumping data for table `interview_score_comments`
--

LOCK TABLES `interview_score_comments` WRITE;
/*!40000 ALTER TABLE `interview_score_comments` DISABLE KEYS */;
INSERT INTO `interview_score_comments` VALUES (15,336,69,'the comment modifed',0,'2022-08-24 04:16:35','2022-08-24 04:16:56',NULL,NULL,NULL,NULL),(16,NULL,NULL,'global',0,'2022-08-29 03:11:32','2022-08-29 03:11:32',NULL,1117,1,2073),(17,NULL,NULL,'global impre',0,'2022-08-29 03:24:54','2022-08-29 03:24:54',NULL,1117,1,3),(18,336,78,'global impre',0,'2023-04-13 01:18:48','2023-04-13 01:18:48',NULL,NULL,NULL,NULL),(19,336,78,'global impre',0,'2023-04-13 01:19:35','2023-04-13 01:19:35',NULL,NULL,NULL,NULL),(20,NULL,NULL,'global impre',0,'2023-04-13 01:21:33','2023-04-13 01:21:33',NULL,1117,1,2073),(21,336,69,'the comment modifed twice',0,'2023-04-21 02:15:05','2023-04-21 02:15:05',NULL,NULL,NULL,NULL),(22,336,69,'rthe comment modifed',0,'2023-04-21 02:19:04','2023-04-21 02:19:04',NULL,NULL,NULL,NULL);
/*!40000 ALTER TABLE `interview_score_comments` ENABLE KEYS */;
UNLOCK TABLES;

--
-- Table structure for table `interview_scores`
--

DROP TABLE IF EXISTS `interview_scores`;
/*!40101 SET @saved_cs_client     = @@character_set_client */;
/*!40101 SET character_set_client = utf8 */;
CREATE TABLE `interview_scores` (
  `id` bigint(20) unsigned NOT NULL AUTO_INCREMENT,
  `applicant_id` int(10) unsigned DEFAULT NULL,
  `interview_question_id` bigint(20) unsigned NOT NULL,
  `score` int(11) DEFAULT NULL,
  `editable` tinyint(1) NOT NULL,
  `created_at` timestamp NULL DEFAULT NULL,
  `updated_at` timestamp NULL DEFAULT NULL,
  `comment` text COLLATE utf8_unicode_ci DEFAULT NULL,
  `roster_profile_id` bigint(20) unsigned DEFAULT NULL,
  PRIMARY KEY (`id`),
  KEY `interview_scores_applicant_id_foreign` (`applicant_id`),
  KEY `interview_scores_interview_question_id_foreign` (`interview_question_id`),
  KEY `interview_scores_roster_profile_id_foreign` (`roster_profile_id`),
  CONSTRAINT `interview_scores_applicant_id_foreign` FOREIGN KEY (`applicant_id`) REFERENCES `job_user` (`id`) ON DELETE CASCADE,
  CONSTRAINT `interview_scores_interview_question_id_foreign` FOREIGN KEY (`interview_question_id`) REFERENCES `interview_questions` (`id`) ON DELETE CASCADE,
  CONSTRAINT `interview_scores_roster_profile_id_foreign` FOREIGN KEY (`roster_profile_id`) REFERENCES `profile_roster_processes` (`id`) ON DELETE CASCADE
) ENGINE=InnoDB AUTO_INCREMENT=82 DEFAULT CHARSET=utf8 COLLATE=utf8_unicode_ci;
/*!40101 SET character_set_client = @saved_cs_client */;

--
-- Dumping data for table `interview_scores`
--

LOCK TABLES `interview_scores` WRITE;
/*!40000 ALTER TABLE `interview_scores` DISABLE KEYS */;
INSERT INTO `interview_scores` VALUES (76,NULL,21,4,0,NULL,NULL,'comment',1117),(77,NULL,22,0,0,NULL,NULL,'comment',1117),(79,336,61,5,0,NULL,NULL,'impre',NULL),(80,336,62,0,0,NULL,NULL,'uminun',NULL),(81,336,65,3,0,NULL,NULL,'commeny',NULL);
/*!40000 ALTER TABLE `interview_scores` ENABLE KEYS */;
UNLOCK TABLES;

--
-- Table structure for table `job`
--

DROP TABLE IF EXISTS `job`;
/*!40101 SET @saved_cs_client     = @@character_set_client */;
/*!40101 SET character_set_client = utf8 */;
CREATE TABLE `job` (
  `id` bigint(20) unsigned NOT NULL AUTO_INCREMENT,
  `queue` varchar(255) COLLATE utf8mb4_unicode_ci NOT NULL,
  `payload` longtext COLLATE utf8mb4_unicode_ci NOT NULL,
  `attempts` tinyint(3) unsigned NOT NULL,
  `reserved_at` int(10) unsigned DEFAULT NULL,
  `available_at` int(10) unsigned NOT NULL,
  `created_at` int(10) unsigned NOT NULL,
  PRIMARY KEY (`id`),
  KEY `job_queue_index` (`queue`)
) ENGINE=InnoDB DEFAULT CHARSET=utf8mb4 COLLATE=utf8mb4_unicode_ci;
/*!40101 SET character_set_client = @saved_cs_client */;

--
-- Dumping data for table `job`
--

LOCK TABLES `job` WRITE;
/*!40000 ALTER TABLE `job` DISABLE KEYS */;
/*!40000 ALTER TABLE `job` ENABLE KEYS */;
UNLOCK TABLES;

--
-- Table structure for table `job_interview_request_contracts`
--

DROP TABLE IF EXISTS `job_interview_request_contracts`;
/*!40101 SET @saved_cs_client     = @@character_set_client */;
/*!40101 SET character_set_client = utf8 */;
CREATE TABLE `job_interview_request_contracts` (
  `id` bigint(20) unsigned NOT NULL AUTO_INCREMENT,
  `job_id` int(10) unsigned DEFAULT NULL,
  `profile_id` int(10) unsigned NOT NULL,
  `request_type` varchar(255) COLLATE utf8_unicode_ci NOT NULL DEFAULT 'new-contract',
  `first_name` varchar(255) COLLATE utf8_unicode_ci DEFAULT NULL,
  `last_name` varchar(255) COLLATE utf8_unicode_ci DEFAULT NULL,
  `paid_from` tinyint(1) NOT NULL DEFAULT 0,
  `project_code` varchar(255) COLLATE utf8_unicode_ci DEFAULT NULL,
  `project_task` varchar(255) COLLATE utf8_unicode_ci DEFAULT NULL,
  `supervisor` int(10) unsigned DEFAULT NULL,
  `unanet_approver_name` int(10) unsigned DEFAULT NULL,
  `hosting_agency` varchar(255) COLLATE utf8_unicode_ci DEFAULT NULL,
  `duty_station` varchar(255) COLLATE utf8_unicode_ci DEFAULT NULL,
  `monthly_rate` varchar(255) COLLATE utf8_unicode_ci DEFAULT NULL,
  `housing` tinyint(1) NOT NULL DEFAULT 0,
  `perdiem` tinyint(1) NOT NULL DEFAULT 0,
  `phone` tinyint(1) NOT NULL DEFAULT 0,
  `is_other` tinyint(1) NOT NULL DEFAULT 0,
  `not_applicable` tinyint(1) NOT NULL DEFAULT 0,
  `other` varchar(255) COLLATE utf8_unicode_ci DEFAULT NULL,
  `contract_start` date DEFAULT NULL,
  `contract_end` date DEFAULT NULL,
  `created_at` timestamp NULL DEFAULT NULL,
  `updated_at` timestamp NULL DEFAULT NULL,
  `cost_center` bigint(20) unsigned DEFAULT NULL,
  `under_surge_program` tinyint(1) NOT NULL DEFAULT 0,
  `currency` varchar(255) COLLATE utf8_unicode_ci NOT NULL,
  `request_status` varchar(255) COLLATE utf8_unicode_ci NOT NULL DEFAULT 'unsent' COMMENT 'Contract Request Status, (value: done, sent, unsent)',
  `position` varchar(255) COLLATE utf8_unicode_ci DEFAULT NULL,
  `immap_office_id` bigint(20) unsigned DEFAULT NULL,
  PRIMARY KEY (`id`),
  KEY `job_interview_request_contracts_profile_id_foreign` (`profile_id`),
  KEY `job_interview_request_contracts_job_id_foreign` (`job_id`),
  KEY `job_interview_request_contracts_supervisor_foreign` (`supervisor`),
  KEY `job_interview_request_contracts_unanet_approver_name_foreign` (`unanet_approver_name`),
  KEY `job_interview_request_contracts_cost_center_foreign` (`cost_center`),
  KEY `job_interview_request_contracts_immap_office_id_foreign` (`immap_office_id`),
  CONSTRAINT `job_interview_request_contracts_cost_center_foreign` FOREIGN KEY (`cost_center`) REFERENCES `immap_offices` (`id`) ON DELETE CASCADE,
  CONSTRAINT `job_interview_request_contracts_immap_office_id_foreign` FOREIGN KEY (`immap_office_id`) REFERENCES `immap_offices` (`id`) ON DELETE CASCADE,
  CONSTRAINT `job_interview_request_contracts_job_id_foreign` FOREIGN KEY (`job_id`) REFERENCES `jobs` (`id`) ON DELETE CASCADE,
  CONSTRAINT `job_interview_request_contracts_profile_id_foreign` FOREIGN KEY (`profile_id`) REFERENCES `profiles` (`id`) ON DELETE CASCADE,
  CONSTRAINT `job_interview_request_contracts_supervisor_foreign` FOREIGN KEY (`supervisor`) REFERENCES `users` (`id`) ON DELETE CASCADE,
  CONSTRAINT `job_interview_request_contracts_unanet_approver_name_foreign` FOREIGN KEY (`unanet_approver_name`) REFERENCES `users` (`id`) ON DELETE CASCADE
) ENGINE=InnoDB DEFAULT CHARSET=utf8 COLLATE=utf8_unicode_ci;
/*!40101 SET character_set_client = @saved_cs_client */;

--
-- Dumping data for table `job_interview_request_contracts`
--

LOCK TABLES `job_interview_request_contracts` WRITE;
/*!40000 ALTER TABLE `job_interview_request_contracts` DISABLE KEYS */;
/*!40000 ALTER TABLE `job_interview_request_contracts` ENABLE KEYS */;
UNLOCK TABLES;

--
-- Table structure for table `job_language`
--

DROP TABLE IF EXISTS `job_language`;
/*!40101 SET @saved_cs_client     = @@character_set_client */;
/*!40101 SET character_set_client = utf8 */;
CREATE TABLE `job_language` (
  `id` int(10) unsigned NOT NULL AUTO_INCREMENT,
  `job_id` int(10) unsigned NOT NULL,
  `language_id` int(10) unsigned NOT NULL,
  `read` tinyint(1) DEFAULT NULL,
  `write` tinyint(1) DEFAULT NULL,
  `speak` tinyint(1) DEFAULT NULL,
  `understand` tinyint(1) DEFAULT NULL,
  `created_at` timestamp NULL DEFAULT NULL,
  `updated_at` timestamp NULL DEFAULT NULL,
  PRIMARY KEY (`id`),
  KEY `job_language_job_id_foreign` (`job_id`),
  KEY `job_language_language_id_foreign` (`language_id`),
  CONSTRAINT `job_language_job_id_foreign` FOREIGN KEY (`job_id`) REFERENCES `jobs` (`id`),
  CONSTRAINT `job_language_language_id_foreign` FOREIGN KEY (`language_id`) REFERENCES `languages` (`id`)
) ENGINE=InnoDB AUTO_INCREMENT=64 DEFAULT CHARSET=utf8mb4 COLLATE=utf8mb4_unicode_ci;
/*!40101 SET character_set_client = @saved_cs_client */;

--
-- Dumping data for table `job_language`
--

LOCK TABLES `job_language` WRITE;
/*!40000 ALTER TABLE `job_language` DISABLE KEYS */;
INSERT INTO `job_language` VALUES (51,33,2,NULL,NULL,NULL,NULL,NULL,NULL),(52,33,4,NULL,NULL,NULL,NULL,NULL,NULL),(59,39,2,NULL,NULL,NULL,NULL,NULL,NULL),(60,40,2,NULL,NULL,NULL,NULL,NULL,NULL),(61,41,2,NULL,NULL,NULL,NULL,NULL,NULL),(62,42,2,NULL,NULL,NULL,NULL,NULL,NULL),(63,43,2,NULL,NULL,NULL,NULL,NULL,NULL);
/*!40000 ALTER TABLE `job_language` ENABLE KEYS */;
UNLOCK TABLES;

--
-- Table structure for table `job_manager_comments`
--

DROP TABLE IF EXISTS `job_manager_comments`;
/*!40101 SET @saved_cs_client     = @@character_set_client */;
/*!40101 SET character_set_client = utf8 */;
CREATE TABLE `job_manager_comments` (
  `id` bigint(20) unsigned NOT NULL AUTO_INCREMENT,
  `job_id` int(10) unsigned DEFAULT NULL,
  `user_id` int(10) unsigned DEFAULT NULL,
  `comments` text COLLATE utf8mb4_unicode_ci DEFAULT NULL,
  `comment_by_id` int(10) unsigned DEFAULT NULL,
  `root` bigint(20) unsigned NOT NULL,
  `created_at` timestamp NULL DEFAULT NULL,
  `updated_at` timestamp NULL DEFAULT NULL,
  `manager_id` int(10) unsigned DEFAULT NULL,
  `order_job_status` tinyint(3) unsigned NOT NULL DEFAULT 0,
  PRIMARY KEY (`id`),
  KEY `job_manager_comments_user_id_foreign` (`user_id`),
  KEY `job_manager_comments_job_id_foreign` (`job_id`),
  CONSTRAINT `job_manager_comments_job_id_foreign` FOREIGN KEY (`job_id`) REFERENCES `jobs` (`id`) ON DELETE CASCADE,
  CONSTRAINT `job_manager_comments_user_id_foreign` FOREIGN KEY (`user_id`) REFERENCES `users` (`id`) ON DELETE CASCADE
) ENGINE=InnoDB AUTO_INCREMENT=17 DEFAULT CHARSET=utf8mb4 COLLATE=utf8mb4_unicode_ci;
/*!40101 SET character_set_client = @saved_cs_client */;

--
-- Dumping data for table `job_manager_comments`
--

LOCK TABLES `job_manager_comments` WRITE;
/*!40000 ALTER TABLE `job_manager_comments` DISABLE KEYS */;
/*!40000 ALTER TABLE `job_manager_comments` ENABLE KEYS */;
UNLOCK TABLES;

--
-- Table structure for table `job_managers`
--

DROP TABLE IF EXISTS `job_managers`;
/*!40101 SET @saved_cs_client     = @@character_set_client */;
/*!40101 SET character_set_client = utf8 */;
CREATE TABLE `job_managers` (
  `id` bigint(20) unsigned NOT NULL AUTO_INCREMENT,
  `job_id` int(10) unsigned NOT NULL,
  `user_id` int(10) unsigned NOT NULL,
  `email` varchar(60) COLLATE utf8mb4_unicode_ci NOT NULL,
  `label` varchar(255) COLLATE utf8mb4_unicode_ci NOT NULL,
  `name` varchar(50) COLLATE utf8mb4_unicode_ci NOT NULL,
  `created_at` timestamp NULL DEFAULT NULL,
  `updated_at` timestamp NULL DEFAULT NULL,
  `jobuser` int(10) unsigned DEFAULT 0,
  `has_been_notified` varchar(1) COLLATE utf8mb4_unicode_ci DEFAULT '0',
  PRIMARY KEY (`id`),
  KEY `job_managers_job_id_foreign` (`job_id`),
  CONSTRAINT `job_managers_job_id_foreign` FOREIGN KEY (`job_id`) REFERENCES `jobs` (`id`) ON DELETE CASCADE
) ENGINE=InnoDB AUTO_INCREMENT=80 DEFAULT CHARSET=utf8mb4 COLLATE=utf8mb4_unicode_ci;
/*!40101 SET character_set_client = @saved_cs_client */;

--
-- Dumping data for table `job_managers`
--

LOCK TABLES `job_managers` WRITE;
/*!40000 ALTER TABLE `job_managers` DISABLE KEYS */;
INSERT INTO `job_managers` VALUES (68,33,3,'awirjono@immap.org','awirjono@immap.org - (Adityo Ashari Wirjono)','Adityo Ashari Wirjno','2020-07-28 21:42:31','2020-07-28 21:42:31',0,'0'),(69,39,3,'dummy@immap.org','dummy@immap.org - (Adityo Ashari Wirjno)','Adityo Ashari Wirjno','2022-05-20 02:44:47','2022-05-20 02:45:21',0,'1'),(76,40,2073,'lem@gmail.com','lem@gmail.com - (roula moussa)','roula moussa','2022-08-30 04:41:58','2022-08-30 04:42:06',0,'1'),(77,40,3,'dummy@immap.org','dummy@immap.org - (Adityo Ashari Wirjno)','Adityo Ashari Wirjno','2022-08-30 04:42:06','2022-08-30 04:42:10',0,'1'),(78,39,2073,'lem@gmail.com','roula moussa','roula moussa','2022-10-17 03:18:34','2023-05-16 01:00:03',0,'1'),(79,41,2073,'lem@immap.org','lem@immap.org - (roula moussa)','roula moussa','2023-03-06 06:53:38','2023-03-06 06:54:01',0,'1');
/*!40000 ALTER TABLE `job_managers` ENABLE KEYS */;
UNLOCK TABLES;

--
-- Table structure for table `job_sections`
--

DROP TABLE IF EXISTS `job_sections`;
/*!40101 SET @saved_cs_client     = @@character_set_client */;
/*!40101 SET character_set_client = utf8 */;
CREATE TABLE `job_sections` (
  `id` bigint(20) unsigned NOT NULL AUTO_INCREMENT,
  `job_id` int(10) unsigned DEFAULT NULL,
  `sub_section` varchar(255) COLLATE utf8mb4_unicode_ci NOT NULL,
  `sub_section_content` text COLLATE utf8mb4_unicode_ci NOT NULL,
  `created_at` timestamp NULL DEFAULT NULL,
  `updated_at` timestamp NULL DEFAULT NULL,
  PRIMARY KEY (`id`),
  KEY `job_sections_job_id_foreign` (`job_id`),
  CONSTRAINT `job_sections_job_id_foreign` FOREIGN KEY (`job_id`) REFERENCES `jobs` (`id`)
) ENGINE=InnoDB AUTO_INCREMENT=545 DEFAULT CHARSET=utf8mb4 COLLATE=utf8mb4_unicode_ci;
/*!40101 SET character_set_client = @saved_cs_client */;

--
-- Dumping data for table `job_sections`
--

LOCK TABLES `job_sections` WRITE;
/*!40000 ALTER TABLE `job_sections` DISABLE KEYS */;
INSERT INTO `job_sections` VALUES (480,33,'Organization','<p><em>iMMAP is an international non-for-profit organisation that provides information management services to humanitarian and development organizations. Through information management, we help our partners target assistance to the worlds most vulnerable populations. Our core philosophy is that better data leads to better decisions and that better decisions lead to better outcomes. iMMAPs critical support to information value chains helps to solve operational and strategic challenges of our partners in both emergency and development contexts by enabling evidence-based decision-making for better outcomes.</em></p>','2020-07-28 21:42:31','2020-07-28 21:42:31'),(481,33,'Scope of Work','<p><span style=\"color: rgb(85, 85, 85);\">Provide support to the Washington HQ in terms of HR operations support and policies development.</span></p>','2020-07-28 21:42:31','2020-07-28 21:42:31'),(482,33,'Description of Duties','<p><span style=\"color: rgb(85, 85, 85);\">1.&nbsp;&nbsp;&nbsp;&nbsp;&nbsp;Support in reviewing the PSEA policy.</span></p><p><span style=\"color: rgb(85, 85, 85);\">2.&nbsp;&nbsp;&nbsp;&nbsp;&nbsp;Development of policy on prevention of financing terrorism and implementation procedure.</span></p><p><span style=\"color: rgb(85, 85, 85);\">3.&nbsp;&nbsp;&nbsp;&nbsp;&nbsp;Development of GDPR policy and implementation procedure.</span></p><p><span style=\"color: rgb(85, 85, 85);\">4.&nbsp;&nbsp;&nbsp;&nbsp;&nbsp;Development of Cyber-security policy and implementation procedure.</span></p><p><span style=\"color: rgb(85, 85, 85);\">5.&nbsp;&nbsp;&nbsp;&nbsp;&nbsp;Development of Data protection policy and implementation procedure.</span></p><p><span style=\"color: rgb(85, 85, 85);\">6.&nbsp;&nbsp;&nbsp;&nbsp;&nbsp;Development of an anti-discrimination (HIV/AIDS, gender and disabilities) policy and procedure.</span></p><p><span style=\"color: rgb(85, 85, 85);\">7.&nbsp;&nbsp;&nbsp;&nbsp;&nbsp;Development of a Duty of Care policy.</span></p><p><span style=\"color: rgb(85, 85, 85);\">8.&nbsp;&nbsp;&nbsp;&nbsp;&nbsp;Development of Attention to the environment policy and procedure.</span></p><p><span style=\"color: rgb(85, 85, 85);\">9.&nbsp;&nbsp;&nbsp;&nbsp;&nbsp;Development of a Wages policy.</span></p><p><span style=\"color: rgb(85, 85, 85);\">10.&nbsp;&nbsp;Support in the review of the Recruitment Policy and Performance Evaluation Report procedure.</span></p><p><span style=\"color: rgb(85, 85, 85);\">11.&nbsp;&nbsp;&nbsp;Implementation of above policy and recruitment process into the new HR roster / platform</span></p><p><span style=\"color: rgb(85, 85, 85);\">12.&nbsp;&nbsp;Development of onboarding recruitment package and training.</span></p><p><span style=\"color: rgb(85, 85, 85);\">13.&nbsp;&nbsp;Support in the creation of generic job profiles for iMMAP, following the existing job profiles and the HR platform structure.</span></p><p><span style=\"color: rgb(85, 85, 85);\">14.&nbsp;&nbsp;Support in updating the policy tracker and any additional task related to policy development and implementation at the global level.</span></p>','2020-07-28 21:42:31','2020-07-28 21:42:31'),(483,33,'Supervision - Working Relations','<p><span style=\"color: rgb(51, 51, 51);\">Supervision: </span><span style=\"color: rgb(85, 85, 85);\">He/she will report directly to the Global HR Director</span></p><p><span style=\"color: rgb(51, 51, 51);\">Working Relations: </span><span style=\"color: rgb(85, 85, 85);\">He/she will coordinate with both HQ members.</span></p>','2020-07-28 21:42:31','2020-07-28 21:42:31'),(484,33,'Qualifications','<p><span style=\"color: rgb(85, 85, 85);\">&nbsp;&nbsp;&nbsp;&nbsp;&nbsp;&nbsp;&nbsp;Fluency in written and spoken English required;</span></p><p><span style=\"color: rgb(85, 85, 85);\">&nbsp;&nbsp;&nbsp;&nbsp;&nbsp;&nbsp;&nbsp;Fluency in written and spoken French required;</span></p><p><span style=\"color: rgb(85, 85, 85);\">&nbsp;&nbsp;&nbsp;&nbsp;&nbsp;&nbsp;&nbsp;Bachelors degree in HR, politics, economics, or related field required;</span></p><p><span style=\"color: rgb(85, 85, 85);\">&nbsp;&nbsp;&nbsp;&nbsp;&nbsp;&nbsp;&nbsp;5 years experience with humanitarian work, operations management, regulations of European Donors and US donors.</span></p><p><span style=\"color: rgb(85, 85, 85);\">&nbsp;&nbsp;&nbsp;&nbsp;&nbsp;&nbsp;&nbsp;Knowledge of Microsoft office package.</span></p>','2020-07-28 21:42:31','2020-07-28 21:42:31'),(497,40,'Organization','<p><em>iMMAP is an international nongovernmental organisation that provides information management services to humanitarian and development organizations. Through information management, we help our partners target assistance to the worlds most vulnerable populations. Our core philosophy is that better data leads to better decisions and that better decisions lead to better outcomes. iMMAPs critical support to information value chains helps to solve operational and strategic challenges of our partners in both emergency and development contexts by enabling evidence-based decision-making for better outcomes.</em></p>','2022-10-07 05:57:46','2022-10-07 05:57:46'),(498,40,'Background','<p><em>Country specific</em></p>','2022-10-07 05:57:46','2022-10-07 05:57:46'),(499,40,'Description of Duties','<p><em> la carte, then listed in sub-categories:</em></p><p><br></p><p><br></p><ul><li>Supervise and coordinate the provision of all administrative, personnel and financial support require to the project, ensuring that appropriate control reporting structure are maintained in accordance with the organisations rules and regulations.</li><li>Manage projects accounting and financial system by ensuring that appropriate cashbook prepared for each month expenses.</li><li>Coordinate and act as focal point for issues relating to finance (including salary, payment of per diem, rent, hazardous, R &amp;R, process of invoices and receipt of funds).</li><li>Coordinate the asset inventory process, including procurement and reporting in established forms to iMMAP.</li><li>Manage admin/finance issues with iMMAP head quarter office when required.</li><li>Manage logistic issues for iMMAP activities support to national mine action offices.</li><li>Undertake other duties as requested by the line manager.</li><li>Prepare all finance reports and monthly cashbook for iMMAP Syria with scanning all receipts.</li></ul>','2022-10-07 05:57:46','2022-10-07 05:57:46'),(500,40,'Requirements','<ul><li><strong>Education</strong></li><li class=\"ql-indent-1\">University an Institute degree in business administration, finance or relevant field</li><li><strong>Experience</strong></li><li class=\"ql-indent-1\">With at least XXX years or work experience in Administration field.</li><li><strong>Soft skills</strong></li><li class=\"ql-indent-1\">Flexible and adaptable to any situation.</li><li class=\"ql-indent-1\">Ability to translate XX to XX and XX to XX</li><li class=\"ql-indent-1\">Ability to work independently while under pressure and during long hours.</li><li class=\"ql-indent-1\">Excellent work habits with a willingness to work in a multi-cultural environment.</li><li class=\"ql-indent-1\">Excellent organizational skills, including proven ability in administration, financial and logistics.</li><li class=\"ql-indent-1\">Excellent communication skills, including drafting documents;</li><li><strong>Programmes</strong></li><li class=\"ql-indent-1\"><strong></strong>Excellent computer skills in the Windows and Microsoft Office especially MS Excel and MS Access.</li></ul>','2022-10-07 05:57:46','2022-10-07 05:57:46'),(513,42,'Organization','<p><em>iMMAP is an international nongovernmental organisation that provides information management services to humanitarian and development organizations. Through information management, we help our partners target assistance to the worlds most vulnerable populations. Our core philosophy is that better data leads to better decisions and that better decisions lead to better outcomes. iMMAPs critical support to information value chains helps to solve operational and strategic challenges of our partners in both emergency and development contexts by enabling evidence-based decision-making for better outcomes.</em></p>','2023-03-06 07:04:32','2023-03-06 07:04:32'),(514,42,'Background','<p><em>Country specific</em></p>','2023-03-06 07:04:32','2023-03-06 07:04:32'),(515,42,'Description of Duties','<p><em> la carte, then listed in sub-categories:</em></p><p><br></p><p><br></p><ul><li>Supervise and coordinate the provision of all administrative, personnel and financial support require to the project, ensuring that appropriate control reporting structure are maintained in accordance with the organisations rules and regulations.</li><li>Manage projects accounting and financial system by ensuring that appropriate cashbook prepared for each month expenses.</li><li>Coordinate and act as focal point for issues relating to finance (including salary, payment of per diem, rent, hazardous, R &amp;R, process of invoices and receipt of funds).</li><li>Coordinate the asset inventory process, including procurement and reporting in established forms to iMMAP.</li><li>Manage admin/finance issues with iMMAP head quarter office when required.</li><li>Manage logistic issues for iMMAP activities support to national mine action offices.</li><li>Undertake other duties as requested by the line manager.</li><li>Prepare all finance reports and monthly cashbook for iMMAP Syria with scanning all receipts.</li></ul>','2023-03-06 07:04:32','2023-03-06 07:04:32'),(516,42,'Requirements','<ul><li><strong>Education</strong></li><li class=\"ql-indent-1\">University an Institute degree in business administration, finance or relevant field</li><li><strong>Experience</strong></li><li class=\"ql-indent-1\">With at least XXX years or work experience in Administration field.</li><li><strong>Soft skills</strong></li><li class=\"ql-indent-1\">Flexible and adaptable to any situation.</li><li class=\"ql-indent-1\">Ability to translate XX to XX and XX to XX</li><li class=\"ql-indent-1\">Ability to work independently while under pressure and during long hours.</li><li class=\"ql-indent-1\">Excellent work habits with a willingness to work in a multi-cultural environment.</li><li class=\"ql-indent-1\">Excellent organizational skills, including proven ability in administration, financial and logistics.</li><li class=\"ql-indent-1\">Excellent communication skills, including drafting documents;</li><li><strong>Programmes</strong></li><li class=\"ql-indent-1\"><strong></strong>Excellent computer skills in the Windows and Microsoft Office especially MS Excel and MS Access.</li></ul>','2023-03-06 07:04:32','2023-03-06 07:04:32'),(533,43,'Organization','<p><em>iMMAP is an international nongovernmental organisation that provides information management services to humanitarian and development organizations. Through information management, we help our partners target assistance to the worlds most vulnerable populations. Our core philosophy is that better data leads to better decisions and that better decisions lead to better outcomes. iMMAPs critical support to information value chains helps to solve operational and strategic challenges of our partners in both emergency and development contexts by enabling evidence-based decision-making for better outcomes.</em></p>','2023-04-04 04:47:54','2023-04-04 04:47:54'),(534,43,'Background','<p><em>Country specific</em></p>','2023-04-04 04:47:54','2023-04-04 04:47:54'),(535,43,'Description of Duties','<p><em> la carte, then listed in sub-categories:</em></p><p><br></p><p><br></p><ul><li>Supervise and coordinate the provision of all administrative, personnel and financial support require to the project, ensuring that appropriate control reporting structure are maintained in accordance with the organisations rules and regulations.</li><li>Manage projects accounting and financial system by ensuring that appropriate cashbook prepared for each month expenses.</li><li>Coordinate and act as focal point for issues relating to finance (including salary, payment of per diem, rent, hazardous, R &amp;R, process of invoices and receipt of funds).</li><li>Coordinate the asset inventory process, including procurement and reporting in established forms to iMMAP.</li><li>Manage admin/finance issues with iMMAP head quarter office when required.</li><li>Manage logistic issues for iMMAP activities support to national mine action offices.</li><li>Undertake other duties as requested by the line manager.</li><li>Prepare all finance reports and monthly cashbook for iMMAP Syria with scanning all receipts.</li></ul>','2023-04-04 04:47:54','2023-04-04 04:47:54'),(536,43,'Requirements','<ul><li><strong>Education</strong></li><li class=\"ql-indent-1\">University an Institute degree in business administration, finance or relevant field</li><li><strong>Experience</strong></li><li class=\"ql-indent-1\">With at least XXX years or work experience in Administration field.</li><li><strong>Soft skills</strong></li><li class=\"ql-indent-1\">Flexible and adaptable to any situation.</li><li class=\"ql-indent-1\">Ability to translate XX to XX and XX to XX</li><li class=\"ql-indent-1\">Ability to work independently while under pressure and during long hours.</li><li class=\"ql-indent-1\">Excellent work habits with a willingness to work in a multi-cultural environment.</li><li class=\"ql-indent-1\">Excellent organizational skills, including proven ability in administration, financial and logistics.</li><li class=\"ql-indent-1\">Excellent communication skills, including drafting documents;</li><li><strong>Programmes</strong></li><li class=\"ql-indent-1\"><strong></strong>Excellent computer skills in the Windows and Microsoft Office especially MS Excel and MS Access.</li></ul>','2023-04-04 04:47:54','2023-04-04 04:47:54'),(537,41,'Organization','<p><em>iMMAP is an international nongovernmental organisation that provides information management services to humanitarian and development organizations. Through information management, we help our partners target assistance to the worlds most vulnerable populations. Our core philosophy is that better data leads to better decisions and that better decisions lead to better outcomes. iMMAPs critical support to information value chains helps to solve operational and strategic challenges of our partners in both emergency and development contexts by enabling evidence-based decision-making for better outcomes.</em></p>','2023-05-16 00:59:11','2023-05-16 00:59:11'),(538,41,'Background','<p><em>Country specific</em></p>','2023-05-16 00:59:11','2023-05-16 00:59:11'),(539,41,'Description of Duties','<p><em> la carte, then listed in sub-categories:</em></p><p><br></p><p><br></p><ul><li>Supervise and coordinate the provision of all administrative, personnel and financial support require to the project, ensuring that appropriate control reporting structure are maintained in accordance with the organisations rules and regulations.</li><li>Manage projects accounting and financial system by ensuring that appropriate cashbook prepared for each month expenses.</li><li>Coordinate and act as focal point for issues relating to finance (including salary, payment of per diem, rent, hazardous, R &amp;R, process of invoices and receipt of funds).</li><li>Coordinate the asset inventory process, including procurement and reporting in established forms to iMMAP.</li><li>Manage admin/finance issues with iMMAP head quarter office when required.</li><li>Manage logistic issues for iMMAP activities support to national mine action offices.</li><li>Undertake other duties as requested by the line manager.</li><li>Prepare all finance reports and monthly cashbook for iMMAP Syria with scanning all receipts.</li></ul>','2023-05-16 00:59:11','2023-05-16 00:59:11'),(540,41,'Requirements','<ul><li><strong>Education</strong></li><li class=\"ql-indent-1\">University an Institute degree in business administration, finance or relevant field</li><li><strong>Experience</strong></li><li class=\"ql-indent-1\">With at least XXX years or work experience in Administration field.</li><li><strong>Soft skills</strong></li><li class=\"ql-indent-1\">Flexible and adaptable to any situation.</li><li class=\"ql-indent-1\">Ability to translate XX to XX and XX to XX</li><li class=\"ql-indent-1\">Ability to work independently while under pressure and during long hours.</li><li class=\"ql-indent-1\">Excellent work habits with a willingness to work in a multi-cultural environment.</li><li class=\"ql-indent-1\">Excellent organizational skills, including proven ability in administration, financial and logistics.</li><li class=\"ql-indent-1\">Excellent communication skills, including drafting documents;</li><li><strong>Programmes</strong></li><li class=\"ql-indent-1\"><strong></strong>Excellent computer skills in the Windows and Microsoft Office especially MS Excel and MS Access.</li></ul>','2023-05-16 00:59:11','2023-05-16 00:59:11'),(541,39,'Organization','<p><em>iMMAP is an international nongovernmental organisation that provides information management services to humanitarian and development organizations. Through information management, we help our partners target assistance to the worlds most vulnerable populations. Our core philosophy is that better data leads to better decisions and that better decisions lead to better outcomes. iMMAPs critical support to information value chains helps to solve operational and strategic challenges of our partners in both emergency and development contexts by enabling evidence-based decision-making for better outcomes.</em></p>','2023-05-16 00:59:54','2023-05-16 00:59:54'),(542,39,'Background','<p><em>Country specific</em></p>','2023-05-16 00:59:54','2023-05-16 00:59:54'),(543,39,'Description of Duties','<p><em> la carte, then listed in sub-categories:</em></p><p><br></p><p><br></p><ul><li>Supervise and coordinate the provision of all administrative, personnel and financial support require to the project, ensuring that appropriate control reporting structure are maintained in accordance with the organisations rules and regulations.</li><li>Manage projects accounting and financial system by ensuring that appropriate cashbook prepared for each month expenses.</li><li>Coordinate and act as focal point for issues relating to finance (including salary, payment of per diem, rent, hazardous, R &amp;R, process of invoices and receipt of funds).</li><li>Coordinate the asset inventory process, including procurement and reporting in established forms to iMMAP.</li><li>Manage admin/finance issues with iMMAP head quarter office when required.</li><li>Manage logistic issues for iMMAP activities support to national mine action offices.</li><li>Undertake other duties as requested by the line manager.</li><li>Prepare all finance reports and monthly cashbook for iMMAP Syria with scanning all receipts.</li></ul>','2023-05-16 00:59:54','2023-05-16 00:59:54'),(544,39,'Requirements','<ul><li><strong>Education</strong></li><li class=\"ql-indent-1\">University an Institute degree in business administration, finance or relevant field</li><li><strong>Experience</strong></li><li class=\"ql-indent-1\">With at least XXX years or work experience in Administration field.</li><li><strong>Soft skills</strong></li><li class=\"ql-indent-1\">Flexible and adaptable to any situation.</li><li class=\"ql-indent-1\">Ability to translate XX to XX and XX to XX</li><li class=\"ql-indent-1\">Ability to work independently while under pressure and during long hours.</li><li class=\"ql-indent-1\">Excellent work habits with a willingness to work in a multi-cultural environment.</li><li class=\"ql-indent-1\">Excellent organizational skills, including proven ability in administration, financial and logistics.</li><li class=\"ql-indent-1\">Excellent communication skills, including drafting documents;</li><li><strong>Programmes</strong></li><li class=\"ql-indent-1\"><strong></strong>Excellent computer skills in the Windows and Microsoft Office especially MS Excel and MS Access.</li></ul>','2023-05-16 00:59:54','2023-05-16 00:59:54');
/*!40000 ALTER TABLE `job_sections` ENABLE KEYS */;
UNLOCK TABLES;

--
-- Table structure for table `job_status`
--

DROP TABLE IF EXISTS `job_status`;
/*!40101 SET @saved_cs_client     = @@character_set_client */;
/*!40101 SET character_set_client = utf8 */;
CREATE TABLE `job_status` (
  `id` int(10) unsigned NOT NULL AUTO_INCREMENT,
  `status` varchar(255) COLLATE utf8mb4_unicode_ci NOT NULL,
  `slug` varchar(255) COLLATE utf8mb4_unicode_ci NOT NULL,
  `default_status` tinyint(1) NOT NULL DEFAULT 0,
  `last_step` tinyint(1) NOT NULL DEFAULT 0,
  `order` int(10) unsigned NOT NULL,
  `is_interview` tinyint(1) NOT NULL DEFAULT 0,
  `created_at` timestamp NULL DEFAULT NULL,
  `updated_at` timestamp NULL DEFAULT NULL,
  `set_as_shortlist` tinyint(1) NOT NULL DEFAULT 0,
  `set_as_rejected` tinyint(1) NOT NULL DEFAULT 0,
  `under_sbp_program` varchar(255) COLLATE utf8mb4_unicode_ci NOT NULL DEFAULT 'no' COMMENT 'jobs step under sbp program: yes/no',
  `status_under_sbp_program` varchar(255) COLLATE utf8mb4_unicode_ci DEFAULT NULL COMMENT 'status name if under_sbp_program = yes',
  `has_reference_check` int(11) NOT NULL DEFAULT 0,
  `set_as_test` tinyint(1) NOT NULL DEFAULT 0,
  `set_as_first_test` tinyint(1) NOT NULL DEFAULT 0,
  `set_as_second_test` tinyint(1) NOT NULL DEFAULT 0,
  PRIMARY KEY (`id`),
  UNIQUE KEY `job_status_slug_unique` (`slug`)
) ENGINE=InnoDB AUTO_INCREMENT=10 DEFAULT CHARSET=utf8mb4 COLLATE=utf8mb4_unicode_ci;
/*!40101 SET character_set_client = @saved_cs_client */;

--
-- Dumping data for table `job_status`
--

LOCK TABLES `job_status` WRITE;
/*!40000 ALTER TABLE `job_status` DISABLE KEYS */;
INSERT INTO `job_status` VALUES (1,'Accepted','accepted',0,1,4,0,'2019-04-03 17:37:11','2023-03-06 07:16:46',0,0,'yes','Accepted',0,0,0,0),(4,'Interview','interview',0,0,2,1,'2019-04-03 20:26:14','2023-03-06 07:16:46',0,0,'no',NULL,0,0,0,0),(6,'Rejected','rejected',0,0,5,0,'2019-04-03 20:26:27','2023-03-06 07:16:46',0,0,'no',NULL,0,0,0,0),(7,'Active','active',1,0,0,0,'2019-04-03 20:34:04','2023-03-06 07:16:46',0,0,'yes','Active',0,0,0,0),(8,'Shortlisted','shortlisted',0,0,1,0,'2020-04-15 23:52:14','2023-03-06 07:16:46',0,0,'no',NULL,0,0,0,0),(9,'Reference Check','reference-check',0,0,3,0,NULL,'2023-03-06 07:17:42',0,0,'yes','Erefence Check',1,0,0,0);
/*!40000 ALTER TABLE `job_status` ENABLE KEYS */;
UNLOCK TABLES;

--
-- Table structure for table `job_user`
--

DROP TABLE IF EXISTS `job_user`;
/*!40101 SET @saved_cs_client     = @@character_set_client */;
/*!40101 SET character_set_client = utf8 */;
CREATE TABLE `job_user` (
  `id` int(10) unsigned NOT NULL AUTO_INCREMENT,
  `job_id` int(10) unsigned NOT NULL,
  `user_id` int(10) unsigned NOT NULL,
  `created_at` timestamp NULL DEFAULT NULL,
  `updated_at` timestamp NULL DEFAULT NULL,
  `job_status_id` int(10) unsigned DEFAULT NULL,
  `interview_date` timestamp NULL DEFAULT NULL,
  `interview_invitation_done` tinyint(1) NOT NULL DEFAULT 0,
  `timezone` varchar(255) COLLATE utf8mb4_unicode_ci NOT NULL DEFAULT '',
  `skype_id` varchar(255) COLLATE utf8mb4_unicode_ci DEFAULT NULL,
  `panel_interview` longtext CHARACTER SET utf8mb4 COLLATE utf8mb4_bin DEFAULT NULL CHECK (json_valid(`panel_interview`)),
  `interview_type` tinyint(1) NOT NULL DEFAULT 0,
  `interview_address` text COLLATE utf8mb4_unicode_ci DEFAULT NULL,
  `cover_letter_url` text COLLATE utf8mb4_unicode_ci DEFAULT NULL,
  `start_date_availability` date DEFAULT NULL,
  `departing_from` text COLLATE utf8mb4_unicode_ci DEFAULT NULL,
  `final_interview_score` double DEFAULT NULL,
  `reference_check_sent` int(11) NOT NULL DEFAULT 0,
  PRIMARY KEY (`id`),
  UNIQUE KEY `job_user_job_id_user_id_unique` (`job_id`,`user_id`),
  KEY `job_user_job_status_id_foreign` (`job_status_id`),
  CONSTRAINT `job_user_job_status_id_foreign` FOREIGN KEY (`job_status_id`) REFERENCES `job_status` (`id`)
) ENGINE=InnoDB AUTO_INCREMENT=341 DEFAULT CHARSET=utf8mb4 COLLATE=utf8mb4_unicode_ci;
/*!40101 SET character_set_client = @saved_cs_client */;

--
-- Dumping data for table `job_user`
--

LOCK TABLES `job_user` WRITE;
/*!40000 ALTER TABLE `job_user` DISABLE KEYS */;
INSERT INTO `job_user` VALUES (327,33,3,'2020-06-24 02:57:15','2022-05-19 06:34:50',4,NULL,0,'Africa/Abidjan',NULL,'[{\"id\":3,\"label\":\"Adityo Ashari Wirjno\",\"value\":\"awirjono@immap.org\"}]',0,NULL,'https://devcareers.immap.org/storage/5346/document.pdf',NULL,NULL,0,0),(331,33,1593,'2020-07-23 01:33:37','2022-05-19 06:34:49',7,NULL,0,'Africa/Abidjan',NULL,NULL,0,NULL,'https://devcareers.immap.org/storage/5355/Twilio-SendGrid-API-Plan-Comparison.pdf',NULL,NULL,0,0),(332,33,2068,'2020-07-23 01:40:12','2022-05-19 06:34:49',7,NULL,0,'Africa/Abidjan',NULL,NULL,0,NULL,'https://devcareers.immap.org/storage/5357/dummy.pdf',NULL,NULL,0,0),(333,33,2070,'2020-07-23 01:48:47','2020-07-23 01:48:47',7,NULL,0,'Africa/Abidjan',NULL,NULL,0,NULL,'https://devcareers.immap.org/storage/5359/177052-ID-studi-pembuatan-bahan-alternatif-plastik.pdf',NULL,NULL,NULL,0),(336,39,3,'2022-05-30 11:17:56','2023-04-21 02:19:04',4,'2022-10-07 22:10:00',1,'Africa/Accra','','[{\"id\":3,\"label\":\"dummy@immap.org - (Adityo Ashari Wirjno)\",\"value\":\"dummy@immap.org\"},{\"id\":2073,\"label\":\"roula moussa\",\"value\":\"lem@gmail.com\"}]',1,'goma',NULL,NULL,NULL,4,1),(337,40,1593,'2022-10-07 05:58:03','2022-10-07 06:00:31',4,NULL,0,'',NULL,'[{\"id\":2073,\"label\":\"roula moussa\",\"value\":\"lem@gmail.com\"},{\"id\":3,\"label\":\"Adityo Ashari Wirjno\",\"value\":\"dummy@immap.org\"}]',0,NULL,NULL,NULL,NULL,0,0),(338,40,3,'2022-10-07 05:58:59','2023-02-10 04:50:19',9,'2022-10-07 08:00:33',0,'Africa/Abidjan',NULL,'[{\"id\":2073,\"label\":\"roula moussa\",\"value\":\"lem@gmail.com\"},{\"id\":3,\"label\":\"Adityo Ashari Wirjno\",\"value\":\"dummy@immap.org\"}]',0,NULL,NULL,NULL,NULL,0,1),(339,41,3,'2023-03-06 06:54:28','2023-03-23 02:17:01',4,NULL,0,'',NULL,'[{\"id\":2073,\"label\":\"lem@immap.org - (roula moussa)\",\"value\":\"lem@immap.org\"}]',0,NULL,NULL,NULL,NULL,0,0),(340,43,3,'2023-03-06 07:08:39','2023-03-06 07:18:04',9,NULL,0,'',NULL,NULL,0,NULL,NULL,'2023-03-07','jkjkjjjjkkj',0,0);
/*!40000 ALTER TABLE `job_user` ENABLE KEYS */;
UNLOCK TABLES;

--
-- Table structure for table `job_user_move_status_history`
--

DROP TABLE IF EXISTS `job_user_move_status_history`;
/*!40101 SET @saved_cs_client     = @@character_set_client */;
/*!40101 SET character_set_client = utf8 */;
CREATE TABLE `job_user_move_status_history` (
  `id` bigint(20) unsigned NOT NULL AUTO_INCREMENT,
  `job_id` int(10) unsigned DEFAULT NULL,
  `user_id` int(10) unsigned DEFAULT NULL,
  `job_status_id` int(10) unsigned DEFAULT NULL,
  `user_move_id` int(10) unsigned DEFAULT NULL,
  `is_current_status` tinyint(1) NOT NULL DEFAULT 1,
  `created_at` timestamp NULL DEFAULT NULL,
  `updated_at` timestamp NULL DEFAULT NULL,
  `deleted` varchar(1) COLLATE utf8mb4_unicode_ci NOT NULL DEFAULT '0',
  `order_job_status` tinyint(3) unsigned NOT NULL DEFAULT 0,
  PRIMARY KEY (`id`),
  KEY `job_user_move_status_history_user_id_foreign` (`user_id`),
  CONSTRAINT `job_user_move_status_history_user_id_foreign` FOREIGN KEY (`user_id`) REFERENCES `users` (`id`) ON DELETE CASCADE
) ENGINE=InnoDB AUTO_INCREMENT=80 DEFAULT CHARSET=utf8mb4 COLLATE=utf8mb4_unicode_ci;
/*!40101 SET character_set_client = @saved_cs_client */;

--
-- Dumping data for table `job_user_move_status_history`
--

LOCK TABLES `job_user_move_status_history` WRITE;
/*!40000 ALTER TABLE `job_user_move_status_history` DISABLE KEYS */;
INSERT INTO `job_user_move_status_history` VALUES (17,30,3,7,0,1,'2020-06-15 22:34:16','2020-06-15 22:34:16','0',0),(27,34,3,7,0,0,'2020-06-24 02:56:17','2020-07-23 01:27:57','1',0),(32,34,3,4,3,0,'2020-06-25 19:52:57','2020-07-23 01:27:57','1',0),(33,33,3,4,3,1,'2020-06-25 19:54:42','2020-06-25 19:54:42','0',0),(40,34,3,7,64,0,'2020-07-23 01:19:59','2020-07-23 01:27:57','0',0),(41,34,3,8,64,0,'2020-07-23 01:21:06','2020-07-23 01:27:57','0',0),(42,34,3,4,64,0,'2020-07-23 01:21:36','2020-07-23 01:27:57','0',0),(43,34,3,1,64,0,'2020-07-23 01:26:47','2020-07-23 01:27:57','1',0),(44,34,3,6,64,0,'2020-07-23 01:27:05','2020-07-23 01:27:57','1',0),(45,34,3,1,64,1,'2020-07-23 01:27:57','2020-07-23 01:27:57','0',0),(46,34,1593,7,0,0,'2020-07-23 01:32:57','2020-07-24 01:24:59','0',0),(47,34,1593,8,64,0,'2020-07-24 01:24:35','2020-07-24 01:24:59','0',0),(48,34,1593,4,64,1,'2020-07-24 01:24:59','2020-07-24 01:24:59','0',0),(54,39,3,7,NULL,0,'2022-05-30 11:17:56','2023-04-13 01:12:21','0',0),(55,39,3,4,3,0,'2022-05-30 11:18:17','2023-04-13 01:12:21','1',0),(56,39,3,9,3,0,'2022-09-29 11:53:36','2023-04-13 01:12:21','1',0),(57,39,3,4,3,0,'2022-09-30 03:27:37','2023-04-13 01:12:21','1',0),(58,39,3,9,3,0,'2022-09-30 03:34:33','2023-04-13 01:12:21','0',0),(59,39,3,4,3,0,'2022-09-30 03:45:10','2023-04-13 01:12:21','1',0),(60,39,3,9,3,0,'2022-09-30 03:45:13','2023-04-13 01:12:21','0',0),(61,39,3,4,3,0,'2022-10-03 18:10:16','2023-04-13 01:12:21','1',0),(62,39,3,9,3,0,'2022-10-03 18:10:18','2023-04-13 01:12:21','0',0),(63,39,3,4,3,0,'2022-10-05 05:39:29','2023-04-13 01:12:21','1',0),(64,40,1593,7,NULL,0,'2022-10-07 05:58:03','2022-10-07 06:00:31','0',0),(65,40,3,7,NULL,0,'2022-10-07 05:58:59','2023-02-10 04:25:16','0',0),(66,40,3,4,3,0,'2022-10-07 06:00:26','2023-02-10 04:25:16','0',0),(67,40,1593,4,3,1,'2022-10-07 06:00:31','2022-10-07 06:00:31','0',0),(68,39,3,9,3,0,'2022-10-17 02:59:37','2023-04-13 01:12:21','0',0),(69,39,3,4,3,0,'2022-10-17 03:18:23','2023-04-13 01:12:21','1',0),(70,39,3,9,3,0,'2022-10-17 03:21:34','2023-04-13 01:12:21','0',0),(71,39,3,1,3,0,'2022-11-08 12:05:17','2023-04-13 01:12:21','1',0),(72,40,3,9,3,1,'2023-02-10 04:25:16','2023-02-10 04:25:16','0',0),(73,39,3,9,3,0,'2023-02-10 04:33:19','2023-04-13 01:12:21','0',0),(74,41,3,7,NULL,0,'2023-03-06 06:54:28','2023-03-23 02:17:01','0',0),(75,41,3,1,3,0,'2023-03-06 06:55:02','2023-03-23 02:17:01','1',0),(76,43,3,7,NULL,0,'2023-03-06 07:08:39','2023-03-06 07:18:04','0',0),(77,43,3,9,3,1,'2023-03-06 07:18:04','2023-03-06 07:18:04','0',0),(78,41,3,4,3,1,'2023-03-23 02:17:01','2023-03-23 02:17:01','0',0),(79,39,3,4,3,1,'2023-04-13 01:12:21','2023-04-13 01:12:21','0',0);
/*!40000 ALTER TABLE `job_user_move_status_history` ENABLE KEYS */;
UNLOCK TABLES;

--
-- Table structure for table `job_user_tests`
--

DROP TABLE IF EXISTS `job_user_tests`;
/*!40101 SET @saved_cs_client     = @@character_set_client */;
/*!40101 SET character_set_client = utf8 */;
CREATE TABLE `job_user_tests` (
  `id` bigint(20) unsigned NOT NULL AUTO_INCREMENT,
  `job_user_id` int(10) unsigned NOT NULL,
  `test_link` text COLLATE utf8_unicode_ci NOT NULL,
  `test_score` int(11) NOT NULL,
  `position_to_interview_step` varchar(255) COLLATE utf8_unicode_ci NOT NULL,
  `created_at` timestamp NULL DEFAULT NULL,
  `updated_at` timestamp NULL DEFAULT NULL,
  PRIMARY KEY (`id`),
  KEY `job_user_tests_job_user_id_foreign` (`job_user_id`),
  CONSTRAINT `job_user_tests_job_user_id_foreign` FOREIGN KEY (`job_user_id`) REFERENCES `job_user` (`id`) ON DELETE CASCADE
) ENGINE=InnoDB DEFAULT CHARSET=utf8 COLLATE=utf8_unicode_ci;
/*!40101 SET character_set_client = @saved_cs_client */;

--
-- Dumping data for table `job_user_tests`
--

LOCK TABLES `job_user_tests` WRITE;
/*!40000 ALTER TABLE `job_user_tests` DISABLE KEYS */;
/*!40000 ALTER TABLE `job_user_tests` ENABLE KEYS */;
UNLOCK TABLES;

--
-- Table structure for table `jobs`
--

DROP TABLE IF EXISTS `jobs`;
/*!40101 SET @saved_cs_client     = @@character_set_client */;
/*!40101 SET character_set_client = utf8 */;
CREATE TABLE `jobs` (
  `id` int(10) unsigned NOT NULL AUTO_INCREMENT,
  `title` varchar(255) COLLATE utf8mb4_unicode_ci NOT NULL,
  `status` tinyint(1) NOT NULL,
  `opening_date` date NOT NULL,
  `closing_date` date NOT NULL,
  `country_id` int(10) unsigned DEFAULT NULL,
  `immap_office_id` bigint(20) unsigned DEFAULT NULL,
  `created_at` timestamp NULL DEFAULT NULL,
  `updated_at` timestamp NULL DEFAULT NULL,
  `contract_start` date DEFAULT NULL,
  `contract_end` date DEFAULT NULL,
  `contract_length` int(10) unsigned NOT NULL,
  `tor_id` bigint(20) unsigned DEFAULT NULL,
  `exclude_immaper` text COLLATE utf8mb4_unicode_ci DEFAULT NULL,
  `include_cover_letter` tinyint(1) NOT NULL DEFAULT 0,
  `show_contract` tinyint(1) NOT NULL DEFAULT 1,
  `show_salary` tinyint(1) NOT NULL DEFAULT 0,
  `surge_alert_sent` varchar(255) COLLATE utf8mb4_unicode_ci NOT NULL DEFAULT 'no' COMMENT 'Surge Alert Has Been Sent or Not (value: yes / no)',
  `interview_order` varchar(255) COLLATE utf8mb4_unicode_ci DEFAULT NULL,
  `use_test_step` tinyint(1) NOT NULL DEFAULT 0,
  `test_step_position` varchar(255) COLLATE utf8mb4_unicode_ci DEFAULT NULL COMMENT 'Test step position according to the interview step (value: before / after)',
  PRIMARY KEY (`id`),
  KEY `jobs_country_id_foreign` (`country_id`),
  KEY `jobs_tor_id_foreign` (`tor_id`),
  KEY `jobs_immap_office_id_foreign` (`immap_office_id`),
  CONSTRAINT `jobs_country_id_foreign` FOREIGN KEY (`country_id`) REFERENCES `countries` (`id`),
  CONSTRAINT `jobs_immap_office_id_foreign` FOREIGN KEY (`immap_office_id`) REFERENCES `immap_offices` (`id`),
  CONSTRAINT `jobs_tor_id_foreign` FOREIGN KEY (`tor_id`) REFERENCES `hr_tor` (`id`)
) ENGINE=InnoDB AUTO_INCREMENT=44 DEFAULT CHARSET=utf8mb4 COLLATE=utf8mb4_unicode_ci;
/*!40101 SET character_set_client = @saved_cs_client */;

--
-- Dumping data for table `jobs`
--

LOCK TABLES `jobs` WRITE;
/*!40000 ALTER TABLE `jobs` DISABLE KEYS */;
INSERT INTO `jobs` VALUES (33,'Job With Cover Letter',3,'2020-06-24','2020-11-30',36,5,'2020-06-24 02:55:38','2023-04-04 05:40:01','2020-03-01','2020-05-31',3,15,NULL,1,1,0,'no',NULL,0,NULL),(39,'title',1,'2022-05-20','2023-07-30',4,1,'2022-05-20 02:44:47','2023-05-16 00:59:54','2022-05-20','2022-11-20',6,40,NULL,0,0,0,'no','3,2073',0,'before'),(40,'title',1,'2022-08-30','2022-10-31',4,1,'2022-08-30 04:41:58','2022-10-07 05:57:46','2022-05-20','2022-11-20',6,40,NULL,0,0,0,'no',NULL,0,NULL),(41,'sbp job',1,'2023-03-06','2023-05-21',6,1,'2023-03-06 06:53:37','2023-05-16 00:59:11','2023-03-01','2023-09-01',6,42,NULL,0,0,0,'no',NULL,0,'before'),(42,'title surge alert',0,'2023-03-06','2023-04-06',6,NULL,'2023-03-06 07:04:32','2023-03-06 07:04:32','2023-03-06','2023-09-06',6,43,NULL,0,0,0,'no',NULL,0,'before'),(43,'title surge alert and alert',3,'2023-03-06','2023-04-06',6,NULL,'2023-03-06 07:07:12','2023-04-05 15:45:33','2023-03-06','2023-09-06',6,43,NULL,0,0,0,'no',NULL,0,'before');
/*!40000 ALTER TABLE `jobs` ENABLE KEYS */;
UNLOCK TABLES;

--
-- Table structure for table `jobs_interview_files`
--

DROP TABLE IF EXISTS `jobs_interview_files`;
/*!40101 SET @saved_cs_client     = @@character_set_client */;
/*!40101 SET character_set_client = utf8 */;
CREATE TABLE `jobs_interview_files` (
  `id` bigint(20) unsigned NOT NULL AUTO_INCREMENT,
  `user_id` int(10) unsigned DEFAULT NULL,
  `job_id` int(10) unsigned DEFAULT NULL,
  `media_id` bigint(20) DEFAULT NULL,
  `attachments_id` bigint(20) DEFAULT NULL,
  `file_name` varchar(255) COLLATE utf8mb4_unicode_ci DEFAULT NULL,
  `download_url` varchar(255) COLLATE utf8mb4_unicode_ci DEFAULT NULL,
  `created_at` timestamp NULL DEFAULT NULL,
  `updated_at` timestamp NULL DEFAULT NULL,
  `user_interview_id` int(10) unsigned NOT NULL,
  `user_interview_name` varchar(255) COLLATE utf8mb4_unicode_ci NOT NULL,
  `user_interview_email` varchar(255) COLLATE utf8mb4_unicode_ci NOT NULL,
  PRIMARY KEY (`id`),
  KEY `jobs_interview_files_user_id_foreign` (`user_id`),
  KEY `jobs_interview_files_user_interview_id_foreign` (`user_interview_id`),
  KEY `jobs_interview_files_job_id_foreign` (`job_id`),
  CONSTRAINT `jobs_interview_files_job_id_foreign` FOREIGN KEY (`job_id`) REFERENCES `jobs` (`id`) ON DELETE CASCADE,
  CONSTRAINT `jobs_interview_files_user_id_foreign` FOREIGN KEY (`user_id`) REFERENCES `users` (`id`) ON DELETE CASCADE,
  CONSTRAINT `jobs_interview_files_user_interview_id_foreign` FOREIGN KEY (`user_interview_id`) REFERENCES `users` (`id`)
) ENGINE=InnoDB AUTO_INCREMENT=6 DEFAULT CHARSET=utf8mb4 COLLATE=utf8mb4_unicode_ci;
/*!40101 SET character_set_client = @saved_cs_client */;

--
-- Dumping data for table `jobs_interview_files`
--

LOCK TABLES `jobs_interview_files` WRITE;
/*!40000 ALTER TABLE `jobs_interview_files` DISABLE KEYS */;
/*!40000 ALTER TABLE `jobs_interview_files` ENABLE KEYS */;
UNLOCK TABLES;

--
-- Table structure for table `language_levels`
--

DROP TABLE IF EXISTS `language_levels`;
/*!40101 SET @saved_cs_client     = @@character_set_client */;
/*!40101 SET character_set_client = utf8 */;
CREATE TABLE `language_levels` (
  `id` bigint(20) unsigned NOT NULL AUTO_INCREMENT,
  `name` varchar(255) COLLATE utf8mb4_unicode_ci NOT NULL,
  `slug` varchar(255) COLLATE utf8mb4_unicode_ci NOT NULL,
  `order` bigint(20) unsigned NOT NULL,
  `created_at` timestamp NULL DEFAULT NULL,
  `updated_at` timestamp NULL DEFAULT NULL,
  PRIMARY KEY (`id`)
) ENGINE=InnoDB AUTO_INCREMENT=4 DEFAULT CHARSET=utf8mb4 COLLATE=utf8mb4_unicode_ci;
/*!40101 SET character_set_client = @saved_cs_client */;

--
-- Dumping data for table `language_levels`
--

LOCK TABLES `language_levels` WRITE;
/*!40000 ALTER TABLE `language_levels` DISABLE KEYS */;
INSERT INTO `language_levels` VALUES (1,'Basic','basic',0,'2019-10-01 02:57:44','2019-10-01 02:57:44'),(2,'Intermediate','intermediate',1,'2019-10-01 02:57:54','2019-10-01 02:57:54'),(3,'Advanced','advanced',2,'2019-10-01 02:58:01','2019-10-01 02:58:01');
/*!40000 ALTER TABLE `language_levels` ENABLE KEYS */;
UNLOCK TABLES;

--
-- Table structure for table `languages`
--

DROP TABLE IF EXISTS `languages`;
/*!40101 SET @saved_cs_client     = @@character_set_client */;
/*!40101 SET character_set_client = utf8 */;
CREATE TABLE `languages` (
  `id` int(10) unsigned NOT NULL AUTO_INCREMENT,
  `name` varchar(255) COLLATE utf8mb4_unicode_ci NOT NULL,
  `slug` varchar(255) COLLATE utf8mb4_unicode_ci NOT NULL,
  `created_at` timestamp NULL DEFAULT NULL,
  `updated_at` timestamp NULL DEFAULT NULL,
  PRIMARY KEY (`id`)
) ENGINE=InnoDB AUTO_INCREMENT=139 DEFAULT CHARSET=utf8mb4 COLLATE=utf8mb4_unicode_ci;
/*!40101 SET character_set_client = @saved_cs_client */;

--
-- Dumping data for table `languages`
--

LOCK TABLES `languages` WRITE;
/*!40000 ALTER TABLE `languages` DISABLE KEYS */;
INSERT INTO `languages` VALUES (1,'Bahasa','bahasa','2019-01-27 18:35:16','2019-01-27 18:35:16'),(2,'English','english','2019-01-28 12:32:34','2019-01-28 12:32:34'),(3,'Spanish','spanish','2019-01-28 12:32:45','2019-01-28 12:32:45'),(4,'French','french','2019-01-28 12:32:49','2019-01-28 12:32:49'),(5,'Arabic','arabic','2019-01-28 12:32:53','2019-02-24 18:45:53'),(7,'Mandarin Chinese','mandarin-chinese','2019-03-14 14:37:42','2019-10-01 20:29:45'),(8,'German','german','2019-04-11 04:32:43','2019-04-11 04:32:43'),(9,'Russian','russian','2019-04-11 04:32:47','2019-04-11 04:32:47'),(10,'Portuguese','portuguese','2019-04-11 04:33:01','2019-04-11 04:33:01'),(11,'Akan','akan','2019-10-01 19:40:38','2019-10-01 19:40:38'),(12,'Albanian','albanian','2019-10-01 19:40:45','2019-10-01 19:40:45'),(13,'Amis','amis','2019-10-01 19:40:49','2019-10-01 19:40:49'),(14,'Arabic, Algerian Spoken','arabic-algerian-spoken','2019-10-01 19:41:07','2019-10-01 19:41:07'),(15,'Arabic, Baharna Spoken','arabic-baharna-spoken','2019-10-01 19:42:43','2019-10-01 19:42:43'),(16,'Arabic, Egyptian Spoken','arabic-egyptian-spoken','2019-10-01 19:42:55','2019-10-01 19:42:55'),(17,'Armenian','armenian','2019-10-01 19:43:44','2019-10-01 19:43:44'),(18,'Australian','australian','2019-10-01 19:43:50','2019-10-01 19:43:50'),(19,'Azerbaijani, North','azerbaijani-north','2019-10-01 19:44:15','2019-10-01 19:44:15'),(20,'Bavarian','bavarian','2019-10-01 19:44:22','2019-10-01 19:44:22'),(21,'Belarusan','belarusan','2019-10-01 19:44:47','2019-10-01 19:44:47'),(22,'Bengali','bengali','2019-10-01 19:44:54','2019-10-01 19:44:54'),(23,'Beti','beti','2019-10-01 19:45:00','2019-10-01 19:45:00'),(24,'Bosnian','bosnian','2019-10-01 19:45:05','2019-10-01 19:45:05'),(25,'Bribi','bribi','2019-10-01 19:45:09','2019-10-01 19:45:09'),(26,'Bube','bube','2019-10-01 19:45:13','2019-10-01 19:45:13'),(27,'Bulgarian','bulgarian','2019-10-01 19:45:18','2019-10-01 19:45:18'),(28,'Burmese','burmese','2019-10-01 19:45:23','2019-10-01 19:45:23'),(29,'Carib','carib','2019-10-01 19:45:27','2019-10-01 19:45:27'),(30,'Central Algonquian','central-algonquian','2019-10-01 20:14:14','2019-10-01 20:14:14'),(31,'Central K\'iche\' (Mayan)','central-kiche-mayan','2019-10-01 20:14:22','2019-10-01 20:14:22'),(32,'Cherokee','cherokee','2019-10-01 20:14:30','2019-10-01 20:14:30'),(33,'Chibchan','chibchan','2019-10-01 20:14:37','2019-10-01 20:14:37'),(34,'Chimborazo Highland Quichua','chimborazo-highland-quichua','2019-10-01 20:14:46','2019-10-01 20:14:46'),(35,'Comorian','comorian','2019-10-01 20:14:53','2019-10-01 20:14:53'),(36,'Croatian','croatian','2019-10-01 20:15:00','2019-10-01 20:15:00'),(37,'Cusco Quechua','cusco-quechua','2019-10-01 20:15:08','2019-10-01 20:15:08'),(38,'Czech','czech','2019-10-01 20:15:15','2019-10-01 20:15:15'),(39,'Danish','danish','2019-10-01 20:15:21','2019-10-01 20:15:21'),(40,'Dutch','dutch','2019-10-01 20:15:29','2019-10-01 20:15:29'),(41,'Dzonghka','dzonghka','2019-10-01 20:15:38','2019-10-01 20:15:38'),(42,'Estonian','estonian','2019-10-01 20:15:47','2019-10-01 20:15:47'),(43,'Ewe','ewe','2019-10-01 20:23:45','2019-10-01 20:23:45'),(44,'Fijian','fijian','2019-10-01 20:24:31','2019-10-01 20:24:31'),(45,'Finnish','finnish','2019-10-01 20:24:38','2019-10-01 20:24:38'),(47,'Ganda','ganda','2019-10-01 20:25:08','2019-10-01 20:25:08'),(48,'Georgian','georgian','2019-10-01 20:25:16','2019-10-01 20:25:16'),(49,'Greek','greek','2019-10-01 20:25:33','2019-10-01 20:25:33'),(50,'Hausa','hausa','2019-10-01 20:25:40','2019-10-01 20:25:40'),(51,'Hindi','hindi','2019-10-01 20:25:45','2019-10-01 20:25:45'),(52,'Hungarian','hungarian','2019-10-01 20:25:57','2019-10-01 20:25:57'),(53,'Icelandic','icelandic','2019-10-01 20:26:15','2019-10-01 20:26:15'),(54,'Irish','irish','2019-10-01 20:26:33','2019-10-01 20:26:33'),(55,'Island Carib','island-carib','2019-10-01 20:26:53','2019-10-01 20:26:53'),(56,'Italian','italian','2019-10-01 20:27:00','2019-10-01 20:27:00'),(57,'Japanese','japanese','2019-10-01 20:27:11','2019-10-01 20:27:11'),(58,'Javanese','javanese','2019-10-01 20:27:16','2019-10-01 20:27:16'),(59,'Kalanga','kalanga','2019-10-01 20:27:20','2019-10-01 20:27:20'),(60,'Kazah','kazah','2019-10-01 20:27:28','2019-10-01 20:27:28'),(61,'Khmer, Central','khmer-central','2019-10-01 20:27:34','2019-10-01 20:27:34'),(62,'Kikuyu','kikuyu','2019-10-01 20:27:39','2019-10-01 20:27:39'),(63,'Kirgyz','kirgyz','2019-10-01 20:27:44','2019-10-01 20:27:44'),(64,'Koongo','koongo','2019-10-01 20:27:54','2019-10-01 20:27:54'),(65,'Korean','korean','2019-10-01 20:27:58','2019-10-01 20:27:58'),(66,'Lao','lao','2019-10-01 20:28:07','2019-10-01 20:28:07'),(67,'Latvian','latvian','2019-10-01 20:28:11','2019-10-01 20:28:11'),(68,'Lenca','lenca','2019-10-01 20:28:17','2019-10-01 20:28:17'),(69,'Liberia Kpelle','liberia-kpelle','2019-10-01 20:28:23','2019-10-01 20:28:23'),(70,'Lithuanian','lithuanian','2019-10-01 20:28:28','2019-10-01 20:28:28'),(71,'Luba-Kasai','luba-kasai','2019-10-01 20:28:39','2019-10-01 20:28:39'),(72,'Luxembourgeois','luxembourgeois','2019-10-01 20:28:50','2019-10-01 20:28:50'),(73,'Macedonian','macedonian','2019-10-01 20:28:59','2019-10-01 20:28:59'),(74,'Makhuwa','makhuwa','2019-10-01 20:29:06','2019-10-01 20:29:06'),(75,'Malagasy','malagasy','2019-10-01 20:29:12','2019-10-01 20:29:12'),(76,'Malay','malay','2019-10-01 20:29:19','2019-10-01 20:29:19'),(77,'Maltese','maltese','2019-10-01 20:29:25','2019-10-01 20:29:25'),(78,'Mandinka','mandinka','2019-10-01 20:31:08','2019-10-01 20:31:08'),(79,'Maninka','maninka','2019-10-01 20:31:28','2019-10-01 20:31:28'),(80,'Manza','manza','2019-10-01 20:31:34','2019-10-01 20:31:34'),(81,'Maori','maori','2019-10-01 20:31:39','2019-10-01 20:31:39'),(82,'Mapudungun','mapudungun','2019-10-01 20:31:45','2019-10-01 20:31:45'),(83,'Mayan','mayan','2019-10-01 20:33:44','2019-10-01 20:33:53'),(84,'Mbere','mbere','2019-10-01 20:34:01','2019-10-01 20:34:01'),(85,'Mbundu','mbundu','2019-10-01 20:34:12','2019-10-01 20:34:12'),(86,'Miskito','miskito','2019-10-01 20:34:17','2019-10-01 20:34:17'),(87,'Mongolian, Halh','mongolian-halh','2019-10-01 20:34:27','2019-10-01 20:34:27'),(88,'MOR','moore','2019-10-01 20:35:24','2019-10-01 20:35:24'),(89,'Nahuatl','nahuatl','2019-10-01 20:35:31','2019-10-01 20:35:31'),(90,'Nepali','nepali','2019-10-01 20:35:37','2019-10-01 20:35:37'),(91,'Ngabere','ngabere','2019-10-01 20:35:45','2019-10-01 20:35:45'),(92,'Ngambay','ngambay','2019-10-01 20:35:53','2019-10-01 20:35:53'),(93,'Norwegian','norwegian','2019-10-01 20:36:00','2019-10-01 20:36:00'),(94,'Nyanja','nyanja','2019-10-01 20:36:06','2019-10-01 20:36:06'),(95,'Oromo','oromo','2019-10-01 20:36:13','2019-10-01 20:36:13'),(96,'Panjabi','panjabi','2019-10-01 20:36:17','2019-10-01 20:36:31'),(97,'Papuan','papuan','2019-10-01 20:36:41','2019-10-01 20:36:41'),(98,'Pashto','pashto','2019-10-01 20:36:49','2019-10-01 20:36:49'),(99,'Pipil','pipil','2019-10-01 20:36:53','2019-10-01 20:36:53'),(100,'Polish','polish','2019-10-01 20:37:00','2019-10-01 20:37:00'),(101,'Pulaar','pulaar','2019-10-01 20:37:10','2019-10-01 20:37:10'),(102,'Quechua','quechua','2019-10-01 20:37:17','2019-10-01 20:37:17'),(103,'Rarotongan','rarotongan','2019-10-01 20:37:22','2019-10-01 20:37:22'),(104,'Romanian','romanian','2019-10-01 20:37:28','2019-10-01 20:37:28'),(105,'Rundi','rundi','2019-10-01 20:37:38','2019-10-01 20:37:38'),(107,'Rwanda','rwanda','2019-10-01 20:37:47','2019-10-01 20:37:47'),(108,'Samoan','samoan','2019-10-01 20:37:54','2019-10-01 20:37:54'),(109,'Senoufo','senoufo','2019-10-01 20:38:09','2019-10-01 20:38:09'),(110,'Serbian','serbian','2019-10-01 20:38:13','2019-10-01 20:38:13'),(111,'Shona','shona','2019-10-01 20:38:18','2019-10-01 20:38:18'),(112,'Sinhala','sinhala','2019-10-01 20:38:24','2019-10-01 20:38:24'),(113,'Slovak','slovak','2019-10-01 20:38:33','2019-10-01 20:38:33'),(114,'Slovenian','slovenian','2019-10-01 20:38:38','2019-10-01 20:38:38'),(115,'Somali','somali','2019-10-01 20:38:44','2019-10-01 20:38:44'),(116,'Sotho','sotho','2019-10-01 20:38:50','2019-10-01 20:38:50'),(118,'Sukuma','sukuma','2019-10-01 20:39:13','2019-10-01 20:39:13'),(119,'Swedish','swedish','2019-10-01 20:39:19','2019-10-01 20:39:19'),(120,'Swiss German','swiss-german','2019-10-01 20:39:25','2019-10-01 20:39:25'),(121,'Tagalog','tagalog','2019-10-01 20:39:29','2019-10-01 20:39:29'),(122,'Tajiki','tajiki','2019-10-01 20:39:34','2019-10-01 20:39:34'),(123,'Temne','temne','2019-10-01 20:39:40','2019-10-01 20:39:40'),(124,'Tetun','tetun','2019-10-01 20:39:46','2019-10-01 20:39:46'),(125,'Thai','thai','2019-10-01 20:39:52','2019-10-01 20:39:52'),(126,'Tigrinya','tigrinya','2019-10-01 20:39:59','2019-10-01 20:39:59'),(127,'Tongan','tongan','2019-10-01 20:40:04','2019-10-01 20:40:04'),(128,'Tupi-Guarani','tupi-guarani','2019-10-01 20:40:12','2019-10-01 20:40:12'),(129,'Turkish','turkish','2019-10-01 20:40:22','2019-10-01 20:40:22'),(130,'Turkmen','turkmen','2019-10-01 20:40:26','2019-10-01 20:40:26'),(131,'Ukrainian','ukrainian','2019-10-01 20:40:32','2019-10-01 20:40:32'),(132,'Uzbek','uzbek','2019-10-01 20:40:39','2019-10-01 20:40:39'),(133,'Vietnamese','vietnamese','2019-10-01 20:40:46','2019-10-01 20:40:46'),(134,'Wayuu','wayuu','2019-10-01 20:40:51','2019-10-01 20:40:51'),(135,'Wolof','wolof','2019-10-01 20:40:59','2019-10-01 20:40:59'),(136,'Zulu','zulu','2019-10-01 20:41:08','2019-10-01 20:41:08'),(137,'Dari','dari','2019-12-16 02:04:35','2019-12-16 02:04:35'),(138,'Kurdish','kurdish','2020-02-03 02:02:46','2020-02-03 02:02:46');
/*!40000 ALTER TABLE `languages` ENABLE KEYS */;
UNLOCK TABLES;

--
-- Table structure for table `media`
--

DROP TABLE IF EXISTS `media`;
/*!40101 SET @saved_cs_client     = @@character_set_client */;
/*!40101 SET character_set_client = utf8 */;
CREATE TABLE `media` (
  `id` int(10) unsigned NOT NULL AUTO_INCREMENT,
  `model_type` varchar(255) COLLATE utf8mb4_unicode_ci NOT NULL,
  `model_id` bigint(20) unsigned NOT NULL,
  `collection_name` varchar(255) COLLATE utf8mb4_unicode_ci NOT NULL,
  `name` varchar(255) COLLATE utf8mb4_unicode_ci NOT NULL,
  `file_name` varchar(255) COLLATE utf8mb4_unicode_ci NOT NULL,
  `mime_type` varchar(255) COLLATE utf8mb4_unicode_ci DEFAULT NULL,
  `disk` varchar(255) COLLATE utf8mb4_unicode_ci NOT NULL,
  `size` int(10) unsigned NOT NULL,
  `manipulations` longtext CHARACTER SET utf8mb4 COLLATE utf8mb4_bin NOT NULL CHECK (json_valid(`manipulations`)),
  `custom_properties` longtext CHARACTER SET utf8mb4 COLLATE utf8mb4_bin NOT NULL CHECK (json_valid(`custom_properties`)),
  `responsive_images` longtext CHARACTER SET utf8mb4 COLLATE utf8mb4_bin NOT NULL CHECK (json_valid(`responsive_images`)),
  `order_column` int(10) unsigned DEFAULT NULL,
  `created_at` timestamp NULL DEFAULT NULL,
  `updated_at` timestamp NULL DEFAULT NULL,
  PRIMARY KEY (`id`),
  KEY `media_model_type_model_id_index` (`model_type`,`model_id`)
) ENGINE=InnoDB AUTO_INCREMENT=5552 DEFAULT CHARSET=utf8mb4 COLLATE=utf8mb4_unicode_ci;
/*!40101 SET character_set_client = @saved_cs_client */;

--
-- Dumping data for table `media`
--

LOCK TABLES `media` WRITE;
/*!40000 ALTER TABLE `media` DISABLE KEYS */;
INSERT INTO `media` VALUES (5,'App\\Models\\Attachment',6,'diploma_files','immap-login','immap-login.png','image/png','public',44766,'[]','{\"custom_headers\": []}','[]',5,'2019-03-03 12:51:36','2019-03-03 12:51:36'),(6,'App\\Models\\Attachment',7,'diploma_files','immap-dashboard','immap-dashboard.png','image/png','public',255283,'[]','{\"custom_headers\": []}','[]',6,'2019-03-03 12:55:04','2019-03-03 12:55:04'),(7,'App\\Models\\Attachment',8,'diploma_files','immap-login','immap-login.png','image/png','public',44766,'[]','{\"custom_headers\": []}','[]',7,'2019-03-03 13:13:02','2019-03-03 13:13:02'),(8,'App\\Models\\Attachment',9,'diploma_files','Khalied-Al-Taher_story','Khalied-Al-Taher_story.jpg','image/jpeg','public',51900,'[]','{\"custom_headers\": []}','[]',8,'2019-03-03 13:27:32','2019-03-03 13:27:32'),(9,'App\\Models\\Attachment',10,'diploma_files','pagespeed-desktop-2018-11-28','pagespeed-desktop-2018-11-28.pdf','application/pdf','public',564782,'[]','{\"custom_headers\": []}','[]',9,'2019-03-03 13:56:28','2019-03-03 13:56:28'),(19,'App\\Models\\Attachment',20,'portfolios','immap-fb-feed-wireframe','immap-fb-feed-wireframe.jpg','image/jpeg','public',448058,'[]','{\"custom_headers\": []}','[]',12,'2019-03-13 02:49:39','2019-03-13 02:49:39'),(31,'App\\Models\\Attachment',31,'diploma_files','pagespeed-desktop-2018-11-28','pagespeed-desktop-2018-11-28.pdf','application/pdf','public',564782,'[]','{\"custom_headers\": []}','[]',17,'2019-03-26 03:04:48','2019-03-26 03:04:48'),(32,'App\\Models\\Attachment',32,'diploma_files','pagespeed-mobile-2018-11-28','pagespeed-mobile-2018-11-28.pdf','application/pdf','public',646730,'[]','{\"custom_headers\": []}','[]',18,'2019-03-26 03:15:00','2019-03-26 03:15:00'),(33,'App\\Models\\Attachment',33,'certificate_files','pagespeed-desktop-2018-11-28','pagespeed-desktop-2018-11-28.pdf','application/pdf','public',564782,'[]','{\"custom_headers\": []}','[]',19,'2019-03-26 03:16:08','2019-03-26 03:16:08'),(34,'App\\Models\\Attachment',34,'certificate_files','pagespeed-mobile-2018-11-28','pagespeed-mobile-2018-11-28.pdf','application/pdf','public',646730,'[]','{\"custom_headers\": []}','[]',20,'2019-03-26 03:17:01','2019-03-26 03:17:01'),(35,'App\\Models\\Attachment',35,'cv_files','pagespeed-desktop-2018-11-28','pagespeed-desktop-2018-11-28.pdf','application/pdf','public',564782,'[]','{\"custom_headers\": []}','[]',21,'2019-04-01 13:18:35','2019-04-01 13:18:35'),(37,'App\\Models\\Attachment',37,'signature_files','immap-login','immap-login.png','image/png','public',44766,'[]','{\"custom_headers\": []}','[]',23,'2019-04-01 13:18:35','2019-04-01 13:18:35'),(40,'App\\Models\\Attachment',39,'passport_files','immap-login','immap-login.png','image/png','public',44766,'[]','{\"custom_headers\": []}','[]',25,'2019-04-01 13:57:25','2019-04-01 13:57:25'),(41,'App\\Models\\Attachment',40,'portfolios','adityo-ashari-wirjono-small-cropped','adityo-ashari-wirjono-small-cropped.jpg','image/jpeg','public',43417,'[]','{\"custom_headers\": []}','[]',26,'2019-04-10 18:28:57','2019-04-10 18:28:57'),(42,'App\\Models\\Attachment',41,'diploma_files','HR Roster Flow-01','HR-Roster-Flow-01.png','image/png','public',28387,'[]','{\"custom_headers\": []}','[]',27,'2019-04-11 04:36:34','2019-04-11 04:36:34'),(43,'App\\Models\\Attachment',42,'certificate_files','HR Roster Flow-01','HR-Roster-Flow-01.png','image/png','public',28387,'[]','{\"custom_headers\": []}','[]',28,'2019-04-11 04:43:00','2019-04-11 04:43:00'),(46,'App\\Models\\Attachment',45,'portfolios','iconfinder_square-facebook_317727','iconfinder_square-facebook_317727.png','image/png','public',6196,'[]','{\"custom_headers\": []}','[]',29,'2019-04-11 14:23:20','2019-04-11 14:23:20'),(47,'App\\Models\\Attachment',46,'portfolios','iconfinder_square-facebook_317727','iconfinder_square-facebook_317727.png','image/png','public',6196,'[]','{\"custom_headers\": []}','[]',30,'2019-04-11 14:25:28','2019-04-11 14:25:28'),(53,'App\\Models\\Attachment',51,'cv_files','UN-P11','UN-P11.pdf','application/pdf','public',568491,'[]','{\"custom_headers\": []}','[]',35,'2019-04-11 14:31:25','2019-04-11 14:31:25'),(54,'App\\Models\\Attachment',52,'passport_files','iconfinder_square-facebook_317727','iconfinder_square-facebook_317727.png','image/png','public',6196,'[]','{\"custom_headers\": []}','[]',36,'2019-04-11 14:31:26','2019-04-11 14:31:26'),(55,'App\\Models\\Attachment',53,'signature_files','iconfinder_square-facebook_317727','iconfinder_square-facebook_317727.png','image/png','public',6196,'[]','{\"custom_headers\": []}','[]',37,'2019-04-11 14:31:26','2019-04-11 14:31:26'),(60,'App\\Models\\Attachment',57,'cv_files','f_Logo_Guidelines','f_Logo_Guidelines.pdf','application/pdf','public',1322198,'[]','{\"custom_headers\": []}','[]',41,'2019-04-14 11:55:57','2019-04-14 11:55:57'),(68,'App\\Models\\Attachment',60,'diploma_files','f_Logo_Guidelines','f_Logo_Guidelines.pdf','application/pdf','public',1322198,'[]','{\"custom_headers\": []}','[]',49,'2019-04-14 14:34:18','2019-04-14 14:34:18'),(69,'App\\Models\\Attachment',61,'diploma_files','f_Logo_Guidelines','f_Logo_Guidelines.pdf','application/pdf','public',1322198,'[]','{\"custom_headers\": []}','[]',50,'2019-04-14 14:35:31','2019-04-14 14:35:31'),(70,'App\\Models\\Attachment',62,'certificate_files','f_Logo_Guidelines','f_Logo_Guidelines.pdf','application/pdf','public',1322198,'[]','{\"custom_headers\": []}','[]',51,'2019-04-14 14:37:05','2019-04-14 14:37:05'),(71,'App\\Models\\Attachment',63,'portfolios','flogo_RGB_HEX-1024','flogo_RGB_HEX-1024.png','image/png','public',11993,'[]','{\"custom_headers\": []}','[]',52,'2019-04-14 14:51:42','2019-04-14 14:51:42'),(72,'App\\Models\\Attachment',64,'cv_files','f_Logo_Guidelines','f_Logo_Guidelines.pdf','application/pdf','public',1322198,'[]','{\"custom_headers\": []}','[]',53,'2019-04-14 14:53:47','2019-04-14 14:53:47'),(73,'App\\Models\\Attachment',65,'passport_files','flogo_RGB_HEX-1024','flogo_RGB_HEX-1024.png','image/png','public',11993,'[]','{\"custom_headers\": []}','[]',54,'2019-04-14 14:53:47','2019-04-14 14:53:47'),(74,'App\\Models\\Attachment',66,'signature_files','flogo_RGB_HEX-1024','flogo_RGB_HEX-1024.png','image/png','public',11993,'[]','{\"custom_headers\": []}','[]',55,'2019-04-14 14:53:47','2019-04-14 14:53:47'),(75,'App\\Models\\Profile',24,'photos','flogo_RGB_HEX-1024','flogo_RGB_HEX-1024.png','image/png','public',11993,'[]','{\"custom_headers\": [], \"generated_conversions\": {\"thumb\": true}}','[]',56,'2019-04-14 14:53:47','2019-04-14 14:53:47'),(76,'App\\Models\\Attachment',67,'cv_files','iMMAP_ToR__ Information_Management_Officer_International','iMMAP_ToR__-Information_Management_Officer_International.pdf','application/pdf','public',509307,'[]','{\"custom_headers\": []}','[]',57,'2019-04-16 09:17:17','2019-04-16 09:17:17'),(77,'App\\Models\\Attachment',68,'passport_files','iMMAP Logo','iMMAP-Logo.png','image/png','public',2136,'[]','{\"custom_headers\": []}','[]',58,'2019-04-16 09:17:17','2019-04-16 09:17:17'),(78,'App\\Models\\Attachment',69,'signature_files','Tampon iMMAP','Tampon-iMMAP.jpg','image/jpeg','public',45892,'[]','{\"custom_headers\": []}','[]',59,'2019-04-16 09:17:17','2019-04-16 09:17:17'),(80,'App\\Models\\Attachment',70,'cv_files','iu.jpeg','iu.jpeg.pdf','application/pdf','public',31683,'[]','{\"custom_headers\": []}','[]',61,'2019-04-23 06:55:44','2019-04-23 06:55:44'),(81,'App\\Models\\Attachment',71,'passport_files','iu','iu.png','image/png','public',299495,'[]','{\"custom_headers\": []}','[]',62,'2019-04-23 06:55:44','2019-04-23 06:55:44'),(82,'App\\Models\\Attachment',72,'signature_files','iu','iu.png','image/png','public',299495,'[]','{\"custom_headers\": []}','[]',63,'2019-04-23 06:55:44','2019-04-23 06:55:44'),(84,'App\\Models\\Attachment',73,'passport_files','071_Bangladesh2018_Tremeau_1R6A1582-2070x1440','071_Bangladesh2018_Tremeau_1R6A1582-2070x1440.jpg','image/jpeg','public',455618,'[]','{\"custom_headers\": []}','[]',65,'2019-08-01 00:26:35','2019-08-01 00:26:35'),(85,'App\\Models\\Attachment',74,'passport_files','071_Bangladesh2018_Tremeau_1R6A1582-2070x1440','071_Bangladesh2018_Tremeau_1R6A1582-2070x1440.jpg','image/jpeg','public',455618,'[]','{\"custom_headers\": []}','[]',66,'2019-08-01 00:26:35','2019-08-01 00:26:35'),(86,'App\\Models\\Attachment',75,'passport_files','20150702-sous-vide-hamburger-anova-primary-1500x1125','20150702-sous-vide-hamburger-anova-primary-1500x1125.jpg','image/jpeg','public',190387,'[]','{\"custom_headers\": []}','[]',67,'2019-08-01 00:26:53','2019-08-01 00:26:53'),(91,'App\\Models\\Attachment',79,'cv_files','ToRs Template RED','ToRs-Template-RED.pdf','application/pdf','public',927773,'[]','{\"custom_headers\": []}','[]',72,'2019-09-05 02:23:58','2019-09-05 02:23:58'),(92,'App\\Models\\Attachment',80,'passport_files','Preuve remise memoire','Preuve-remise-memoire.PNG','image/png','public',432859,'[]','{\"custom_headers\": []}','[]',73,'2019-09-05 02:23:58','2019-09-05 02:23:58'),(93,'App\\Models\\Attachment',81,'signature_files','iMMAP Brand Identity_Full Color (1)','iMMAP-Brand-Identity_Full-Color-(1).png','image/png','public',8585,'[]','{\"custom_headers\": []}','[]',74,'2019-09-05 02:23:58','2019-09-05 02:23:58'),(99,'App\\Models\\Attachment',85,'cv_files','iMMAP - Unanet Procedures - Timesheet','iMMAP---Unanet-Procedures---Timesheet.pdf','application/pdf','public',1073841,'[]','[]','[]',80,'2019-09-17 08:48:35','2019-09-17 08:48:35'),(100,'App\\Models\\Attachment',86,'signature_files','avatar-3','avatar-3.png','image/png','public',7155,'[]','{\"generated_conversions\": {\"thumb\": true, \"p11-thumb\": true}}','[]',81,'2019-09-17 08:48:51','2019-09-17 08:48:51'),(106,'App\\Models\\Attachment',89,'diploma_files','tor','tor.pdf','application/pdf','public',49464,'[]','[]','[]',86,'2019-10-03 00:31:57','2019-10-03 00:31:57'),(107,'App\\Models\\Attachment',90,'certificate_files','tor','tor.pdf','application/pdf','public',49464,'[]','[]','[]',87,'2019-10-03 00:32:41','2019-10-03 00:32:41'),(108,'App\\Models\\Attachment',91,'cv_files','6863900a-b857-452b-b164-2fb195e917a1','6863900a-b857-452b-b164-2fb195e917a1.pdf','application/pdf','public',23635,'[]','[]','[]',88,'2019-10-21 21:21:01','2019-10-21 21:21:01'),(109,'App\\Models\\Attachment',92,'signature_files','99554_d15d_13','99554_d15d_13.jpg','image/jpeg','public',24331,'[]','{\"generated_conversions\": {\"thumb\": true, \"p11-thumb\": true}}','[]',89,'2019-10-21 21:21:09','2019-10-21 21:21:09'),(127,'App\\Models\\Attachment',94,'signature_files','verstappen','verstappen.jpg','image/jpeg','public',385990,'[]','{\"generated_conversions\": {\"thumb\": true, \"p11-thumb\": true}}','[]',96,'2019-11-13 03:01:14','2019-11-13 03:01:14'),(129,'App\\Models\\Attachment',95,'cv_files','CV Louis Le Sager iMMAP','CV-Louis-Le-Sager-iMMAP.pdf','application/pdf','public',1653365,'[]','[]','[]',98,'2019-11-13 07:08:50','2019-11-13 07:08:50'),(132,'App\\Models\\Attachment',98,'cv_files','file-sample_150kB','file-sample_150kB.pdf','application/pdf','public',142786,'[]','[]','[]',100,'2019-11-20 20:13:35','2019-11-20 20:13:35'),(135,'App\\Models\\Attachment',99,'cv_files','pdftest','pdftest.pdf','application/pdf','public',111869,'[]','[]','[]',102,'2019-11-27 03:17:37','2019-11-27 03:17:37'),(142,'App\\Models\\Attachment',106,'cv_files','Resume M_Glaczynska','Resume-M_Glaczynska.pdf','application/pdf','public',133700,'[]','[]','[]',109,'2019-12-02 21:57:51','2019-12-02 21:57:51'),(143,'App\\Models\\Attachment',107,'signature_files','Signature Glaczynska','Signature-Glaczynska.jpg','image/jpeg','public',1156,'[]','{\"generated_conversions\": {\"thumb\": true, \"p11-thumb\": true}}','[]',110,'2019-12-02 21:59:25','2019-12-02 21:59:26'),(149,'App\\Models\\Attachment',109,'cv_files','ToR-41-Front-End-Developer-Indonesia','ToR-41-Front-End-Developer-Indonesia.pdf','application/pdf','public',53791,'[]','[]','[]',113,'2019-12-03 01:03:18','2019-12-03 01:03:18'),(153,'App\\Models\\Attachment',113,'cv_files','Shorouq\'s CV - Updated','Shorouq\'s-CV---Updated.pdf','application/pdf','public',133442,'[]','[]','[]',117,'2019-12-03 02:55:14','2019-12-03 02:55:14'),(156,'App\\Models\\Attachment',116,'certificate_files','SANDF_Army_GIS_certificate_course_Arie_Claassens','SANDF_Army_GIS_certificate_course_Arie_Claassens.pdf','application/pdf','public',1153815,'[]','[]','[]',120,'2019-12-03 03:09:28','2019-12-03 03:09:28'),(157,'App\\Models\\Attachment',117,'cv_files','Tariq Mansi CV 2018','Tariq-Mansi-CV-2018.pdf','application/pdf','public',781408,'[]','[]','[]',121,'2019-12-03 03:12:24','2019-12-03 03:12:24'),(159,'App\\Models\\Attachment',119,'publication_files','Effectiveness of GIS in Mine Action','Effectiveness-of-GIS-in-Mine-Action.pdf','application/pdf','public',774840,'[]','[]','[]',123,'2019-12-03 03:19:47','2019-12-03 03:19:47'),(160,'App\\Models\\Attachment',120,'cv_files','ArieClaassens2018CV','ArieClaassens2018CV.pdf','application/pdf','public',138866,'[]','[]','[]',124,'2019-12-03 04:08:22','2019-12-03 04:08:22'),(162,'App\\Models\\Attachment',121,'cv_files','CV_Miguel_del_Valle_Merino_EN','CV_Miguel_del_Valle_Merino_EN.pdf','application/pdf','public',599934,'[]','[]','[]',126,'2019-12-03 06:26:02','2019-12-03 06:26:02'),(165,'App\\Models\\Attachment',124,'cv_files','Haneen Al Quran  CV','Haneen-Al-Quran--CV.pdf','application/pdf','public',288358,'[]','[]','[]',129,'2019-12-04 01:02:49','2019-12-04 01:02:49'),(168,'App\\Models\\Attachment',126,'certificate_files','Landmines and ERW safety Training Certificate','Landmines-and-ERW-safety-Training-Certificate.PNG','image/png','public',54442,'[]','{\"generated_conversions\": {\"thumb\": true, \"p11-thumb\": true}}','[]',132,'2019-12-08 04:21:14','2019-12-08 04:21:14'),(172,'App\\Models\\Attachment',128,'cv_files','Ndegwa Mwai Joel - Information Management Officer','Ndegwa-Mwai-Joel---Information-Management-Officer.pdf','application/pdf','public',83472,'[]','[]','[]',135,'2019-12-08 12:37:04','2019-12-08 12:37:04'),(173,'App\\Models\\Attachment',129,'cv_files','cv-portfolio','cv-portfolio.pdf','application/pdf','public',619595,'[]','[]','[]',136,'2019-12-08 21:31:20','2019-12-08 21:31:20'),(174,'App\\Models\\Attachment',130,'cv_files','Hudad Barry_Curriculum Vitae_2019  ','Hudad-Barry_Curriculum-Vitae_2019--.pdf','application/pdf','public',319679,'[]','[]','[]',137,'2019-12-09 06:21:28','2019-12-09 06:21:28'),(176,'App\\Models\\Attachment',131,'signature_files','signiture','signiture.jpg','image/jpeg','public',370281,'[]','{\"generated_conversions\": {\"thumb\": true, \"p11-thumb\": true}}','[]',139,'2019-12-09 06:24:05','2019-12-09 06:24:05'),(179,'App\\Models\\Attachment',134,'certificate_files','IPC_Acute_Level_1_Test_Certificate_V3','IPC_Acute_Level_1_Test_Certificate_V3.pdf','application/pdf','public',1334701,'[]','[]','[]',142,'2019-12-09 06:44:17','2019-12-09 06:44:17'),(183,'App\\Models\\Attachment',138,'cv_files','Jason Searle CV 2019','Jason-Searle-CV-2019.pdf','application/pdf','public',190444,'[]','[]','[]',146,'2019-12-09 22:50:17','2019-12-09 22:50:17'),(186,'App\\Models\\Attachment',141,'diploma_files','University Diploma (2)','University-Diploma-(2).pdf','application/pdf','public',629574,'[]','[]','[]',149,'2019-12-10 02:16:00','2019-12-10 02:16:00'),(187,'App\\Models\\Attachment',142,'diploma_files','University Diploma (2)','University-Diploma-(2).pdf','application/pdf','public',629574,'[]','[]','[]',150,'2019-12-10 02:20:29','2019-12-10 02:20:29'),(189,'App\\Models\\Attachment',144,'diploma_files','University Diploma (2)','University-Diploma-(2).pdf','application/pdf','public',629574,'[]','[]','[]',152,'2019-12-10 02:20:52','2019-12-10 02:20:52'),(191,'App\\Models\\Attachment',145,'certificate_files','ArcGIS','ArcGIS.pdf','application/pdf','public',959138,'[]','[]','[]',154,'2019-12-10 03:35:58','2019-12-10 03:35:58'),(194,'App\\Models\\Attachment',148,'publication_files','gambar-tes','gambar-tes.png','image/png','public',34487,'[]','{\"generated_conversions\": {\"thumb\": true, \"p11-thumb\": true}}','[]',157,'2019-12-10 03:55:28','2019-12-10 03:55:28'),(196,'App\\Models\\Attachment',150,'cv_files','tor','tor.pdf','application/pdf','public',49464,'[]','[]','[]',159,'2019-12-10 03:59:49','2019-12-10 03:59:49'),(197,'App\\Models\\Attachment',151,'cv_files','Ahmed Mahdi_CV - NGO','Ahmed-Mahdi_CV---NGO.pdf','application/pdf','public',326584,'[]','[]','[]',160,'2019-12-10 04:07:31','2019-12-10 04:07:31'),(198,'App\\Models\\Attachment',152,'cv_files','Carlos_L.Barrio_CV_10.2019','Carlos_L.Barrio_CV_10.2019.pdf','application/pdf','public',124356,'[]','[]','[]',161,'2019-12-10 09:44:53','2019-12-10 09:44:53'),(199,'App\\Models\\Attachment',153,'signature_files','Signature','Signature.png','image/png','public',12621,'[]','{\"generated_conversions\": {\"thumb\": true, \"p11-thumb\": true}}','[]',162,'2019-12-10 09:45:07','2019-12-10 09:45:07'),(201,'App\\Models\\Attachment',154,'cv_files','Ayat\'s Resume (1) (2)','Ayat\'s-Resume-(1)-(2).pdf','application/pdf','public',52856,'[]','[]','[]',164,'2019-12-10 15:17:50','2019-12-10 15:17:50'),(205,'App\\Models\\Attachment',157,'diploma_files','img20050805_10185525','img20050805_10185525.jpg','image/jpeg','public',944159,'[]','{\"generated_conversions\": {\"thumb\": true, \"p11-thumb\": true}}','[]',168,'2019-12-11 03:12:32','2019-12-11 03:12:33'),(206,'App\\Models\\Attachment',158,'diploma_files','img20050805_10185525','img20050805_10185525.jpg','image/jpeg','public',944159,'[]','{\"generated_conversions\": {\"thumb\": true, \"p11-thumb\": true}}','[]',169,'2019-12-11 03:12:34','2019-12-11 03:12:37'),(207,'App\\Models\\Attachment',159,'diploma_files','img20050805_10185525','img20050805_10185525.jpg','image/jpeg','public',944159,'[]','{\"generated_conversions\": {\"thumb\": true, \"p11-thumb\": true}}','[]',170,'2019-12-11 03:12:34','2019-12-11 03:12:37'),(209,'App\\Models\\Attachment',161,'cv_files','Toyese Oyelade CV','Toyese-Oyelade-CV.pdf','application/pdf','public',230145,'[]','[]','[]',172,'2019-12-11 03:45:38','2019-12-11 03:45:38'),(210,'App\\Models\\Attachment',162,'signature_files','signature','signature.jpg','image/jpeg','public',9656,'[]','{\"generated_conversions\": {\"thumb\": true, \"p11-thumb\": true}}','[]',173,'2019-12-11 03:47:46','2019-12-11 03:47:46'),(215,'App\\Models\\Attachment',166,'certificate_files','Auto CAD','Auto-CAD.pdf','application/pdf','public',1083404,'[]','[]','[]',178,'2019-12-11 22:25:59','2019-12-11 22:25:59'),(220,'App\\Models\\Attachment',171,'certificate_files','Hassibullah Azerakhsh CIT Certidficate','Hassibullah-Azerakhsh-CIT-Certidficate.pdf','application/pdf','public',422265,'[]','[]','[]',183,'2019-12-11 22:48:28','2019-12-11 22:48:28'),(234,'App\\Models\\Attachment',185,'publication_files','Hassibullah Research-Landslide Hazard Assessment Using GIS and Remote Sensing Technology ','Hassibullah-Research-Landslide-Hazard-Assessment-Using-GIS-and-Remote-Sensing-Technology-.pdf','application/pdf','public',1902906,'[]','[]','[]',197,'2019-12-11 23:32:28','2019-12-11 23:32:28'),(235,'App\\Models\\Attachment',186,'certificate_files','3Ds MAX','3Ds-MAX.pdf','application/pdf','public',1076411,'[]','[]','[]',198,'2019-12-11 23:50:53','2019-12-11 23:50:53'),(238,'App\\Models\\Attachment',189,'cv_files','Hassibullah_CV_Update_Aug_2019','Hassibullah_CV_Update_Aug_2019.pdf','application/pdf','public',229669,'[]','[]','[]',201,'2019-12-12 00:05:49','2019-12-12 00:05:49'),(245,'App\\Models\\Attachment',194,'certificate_files','Google Sketch Up01','Google-Sketch-Up01.pdf','application/pdf','public',819943,'[]','[]','[]',207,'2019-12-12 00:17:49','2019-12-12 00:17:49'),(246,'App\\Models\\Attachment',195,'signature_files','Hassibullah Signture','Hassibullah-Signture.PNG','image/png','public',88339,'[]','{\"generated_conversions\": {\"thumb\": true, \"p11-thumb\": true}}','[]',208,'2019-12-12 00:18:16','2019-12-12 00:18:16'),(252,'App\\Models\\Attachment',201,'certificate_files','Proposel Writting','Proposel-Writting.pdf','application/pdf','public',1213843,'[]','[]','[]',214,'2019-12-12 00:29:15','2019-12-12 00:29:15'),(253,'App\\Models\\Attachment',202,'portfolios','Afg_DRR_iMMAP_Travel_Time_Accessibility_To_Tire1_A3_V3_final_001','Afg_DRR_iMMAP_Travel_Time_Accessibility_To_Tire1_A3_V3_final_001.jpg','image/jpeg','public',817455,'[]','{\"generated_conversions\": {\"thumb\": true, \"p11-thumb\": true}}','[]',215,'2019-12-12 00:31:46','2019-12-12 00:31:46'),(255,'App\\Models\\Attachment',204,'certificate_files','CRIDA Certification','CRIDA-Certification.pdf','application/pdf','public',817304,'[]','[]','[]',217,'2019-12-12 00:32:16','2019-12-12 00:32:16'),(256,'App\\Models\\Attachment',205,'certificate_files','CRIDA Certification','CRIDA-Certification.pdf','application/pdf','public',817304,'[]','[]','[]',218,'2019-12-12 01:15:34','2019-12-12 01:15:34'),(260,'App\\Models\\Attachment',209,'certificate_files','ELCLC_ Word','ELCLC_-Word.pdf','application/pdf','public',1434637,'[]','[]','[]',222,'2019-12-12 01:30:10','2019-12-12 01:30:10'),(263,'App\\Models\\Attachment',212,'diploma_files','University_Diploma','University_Diploma.pdf','application/pdf','public',997765,'[]','[]','[]',225,'2019-12-12 01:40:35','2019-12-12 01:40:35'),(267,'App\\Models\\Attachment',216,'certificate_files','GIS','GIS.jpg','image/jpeg','public',956679,'[]','{\"generated_conversions\": {\"thumb\": true, \"p11-thumb\": true}}','[]',229,'2019-12-12 01:49:34','2019-12-12 01:49:34'),(270,'App\\Models\\Attachment',219,'diploma_files','University_Degree','University_Degree.pdf','application/pdf','public',1993354,'[]','[]','[]',232,'2019-12-12 01:52:35','2019-12-12 01:52:35'),(272,'App\\Models\\Attachment',221,'diploma_files','University_Degree','University_Degree.pdf','application/pdf','public',1993354,'[]','[]','[]',234,'2019-12-12 01:58:24','2019-12-12 01:58:24'),(273,'App\\Models\\Attachment',222,'certificate_files','Certificate of participation at a leadership seminar ','Certificate-of-participation-at-a-leadership-seminar-.pdf','application/pdf','public',671822,'[]','[]','[]',235,'2019-12-12 02:00:29','2019-12-12 02:00:29'),(274,'App\\Models\\Attachment',223,'certificate_files','Certificate of participation at a leadership seminar ','Certificate-of-participation-at-a-leadership-seminar-.pdf','application/pdf','public',671822,'[]','[]','[]',236,'2019-12-12 02:01:27','2019-12-12 02:01:27'),(275,'App\\Models\\Attachment',224,'certificate_files','ICDEL Certification','ICDEL-Certification.jpg','image/jpeg','public',467854,'[]','{\"generated_conversions\": {\"thumb\": true, \"p11-thumb\": true}}','[]',237,'2019-12-12 02:12:07','2019-12-12 02:12:07'),(276,'App\\Models\\Attachment',225,'certificate_files','ICDEL Certification','ICDEL-Certification.jpg','image/jpeg','public',467854,'[]','{\"generated_conversions\": {\"thumb\": true, \"p11-thumb\": true}}','[]',238,'2019-12-12 02:12:11','2019-12-12 02:12:11'),(278,'App\\Models\\Attachment',227,'certificate_files','Hassibullah Secondary School Certificate','Hassibullah-Secondary-School-Certificate.pdf','application/pdf','public',708024,'[]','[]','[]',240,'2019-12-12 02:38:50','2019-12-12 02:38:50'),(279,'App\\Models\\Attachment',228,'certificate_files','Hassibullah -UN_eniviroment_workshop_Certificate','Hassibullah--UN_eniviroment_workshop_Certificate.pdf','application/pdf','public',675449,'[]','[]','[]',241,'2019-12-12 02:48:31','2019-12-12 02:48:31'),(285,'App\\Models\\Attachment',234,'signature_files','Signature','Signature.jpg','image/jpeg','public',58821,'[]','{\"generated_conversions\": {\"thumb\": true, \"p11-thumb\": true}}','[]',245,'2019-12-12 03:49:42','2019-12-12 03:49:42'),(289,'App\\Models\\Attachment',236,'certificate_files','Certificate of participation at an nternational Youth Summer Camp','Certificate-of-participation-at-an-nternational-Youth-Summer-Camp.pdf','application/pdf','public',808995,'[]','[]','[]',248,'2019-12-12 04:13:52','2019-12-12 04:13:52'),(292,'App\\Models\\Attachment',239,'cv_files','CV_Craig_von_Hagen_2018','CV_Craig_von_Hagen_2018.pdf','application/pdf','public',195960,'[]','[]','[]',251,'2019-12-12 06:52:12','2019-12-12 06:52:12'),(293,'App\\Models\\Attachment',240,'signature_files','sign','sign.jpg','image/jpeg','public',7249,'[]','{\"generated_conversions\": {\"thumb\": true, \"p11-thumb\": true}}','[]',252,'2019-12-12 06:52:41','2019-12-12 06:52:41'),(295,'App\\Models\\Attachment',241,'diploma_files','U_CERTIFICATE','U_CERTIFICATE.jpg','image/jpeg','public',541662,'[]','{\"generated_conversions\": {\"thumb\": true, \"p11-thumb\": true}}','[]',254,'2019-12-12 12:52:49','2019-12-12 12:52:50'),(298,'App\\Models\\Attachment',244,'cv_files','Yaseen Al Ademi C.V','Yaseen-Al-Ademi-C.V.pdf','application/pdf','public',218351,'[]','[]','[]',256,'2019-12-12 13:20:53','2019-12-12 13:20:53'),(299,'App\\Models\\Attachment',245,'cv_files','CV William Barron 2016','CV-William-Barron-2016.pdf','application/pdf','public',107272,'[]','[]','[]',257,'2019-12-12 13:26:47','2019-12-12 13:26:47'),(306,'App\\Models\\Attachment',251,'certificate_files','Upper Intermediate English C','Upper-Intermediate-English-C.jpg','image/jpeg','public',1591110,'[]','{\"generated_conversions\": {\"thumb\": true, \"p11-thumb\": true}}','[]',264,'2019-12-12 14:15:08','2019-12-12 14:15:09'),(309,'App\\Models\\Attachment',254,'cv_files','Daniel Chaplin CV','Daniel-Chaplin-CV.pdf','application/pdf','public',56995,'[]','[]','[]',267,'2019-12-13 01:37:39','2019-12-13 01:37:39'),(312,'App\\Models\\Attachment',255,'signature_files','Signature ','Signature-.png','image/png','public',11674,'[]','{\"generated_conversions\": {\"thumb\": true, \"p11-thumb\": true}}','[]',269,'2019-12-13 01:38:54','2019-12-13 01:38:54'),(316,'App\\Models\\Attachment',257,'cv_files','F4477B7D3AD2EB6E','F4477B7D3AD2EB6E.pdf','application/pdf','public',1837825,'[]','[]','[]',272,'2019-12-14 00:56:22','2019-12-14 00:56:22'),(317,'App\\Models\\Attachment',258,'signature_files','0F9917E1-046C-4146-9507-71F18EFAB87B','0F9917E1-046C-4146-9507-71F18EFAB87B.jpeg','image/jpeg','public',944643,'[]','{\"generated_conversions\": {\"thumb\": true, \"p11-thumb\": true}}','[]',273,'2019-12-14 01:02:35','2019-12-14 01:02:35'),(321,'App\\Models\\Attachment',262,'diploma_files','Peace and Conflict Studies-Certificate','Peace-and-Conflict-Studies-Certificate.pdf','application/pdf','public',827004,'[]','[]','[]',277,'2019-12-14 12:33:10','2019-12-14 12:33:10'),(327,'App\\Models\\Attachment',268,'cv_files','CV-f-mock','CV-f-mock.pdf','application/pdf','public',12442,'[]','[]','[]',283,'2019-12-14 19:10:28','2019-12-14 19:10:28'),(338,'App\\Models\\Attachment',279,'certificate_files','1-Dip in strategic studies','1-Dip-in-strategic-studies.pdf','application/pdf','public',938741,'[]','[]','[]',294,'2019-12-14 20:38:11','2019-12-14 20:38:11'),(360,'App\\Models\\Attachment',301,'certificate_files','ArcGIS','ArcGIS.png','image/png','public',937573,'[]','{\"generated_conversions\": {\"thumb\": true, \"p11-thumb\": true}}','[]',314,'2019-12-14 22:55:29','2019-12-14 22:55:29'),(362,'App\\Models\\Attachment',303,'certificate_files','Autocad','Autocad.png','image/png','public',973073,'[]','{\"generated_conversions\": {\"thumb\": true, \"p11-thumb\": true}}','[]',316,'2019-12-14 23:06:27','2019-12-14 23:06:27'),(364,'App\\Models\\Attachment',305,'certificate_files','Autodesk CIVIL3d','Autodesk-CIVIL3d.png','image/png','public',985617,'[]','{\"generated_conversions\": {\"thumb\": true, \"p11-thumb\": true}}','[]',318,'2019-12-14 23:12:42','2019-12-14 23:12:42'),(366,'App\\Models\\Attachment',307,'certificate_files','Revit','Revit.png','image/png','public',925931,'[]','{\"generated_conversions\": {\"thumb\": true, \"p11-thumb\": true}}','[]',320,'2019-12-14 23:18:47','2019-12-14 23:18:47'),(368,'App\\Models\\Attachment',309,'certificate_files','3Ds Max','3Ds-Max.png','image/png','public',851724,'[]','{\"generated_conversions\": {\"thumb\": true, \"p11-thumb\": true}}','[]',322,'2019-12-14 23:25:43','2019-12-14 23:25:43'),(369,'App\\Models\\Attachment',310,'certificate_files','3Ds Max','3Ds-Max.png','image/png','public',851724,'[]','{\"generated_conversions\": {\"thumb\": true, \"p11-thumb\": true}}','[]',323,'2019-12-14 23:25:50','2019-12-14 23:25:50'),(373,'App\\Models\\Attachment',314,'certificate_files','Practical Survey','Practical-Survey.png','image/png','public',995283,'[]','{\"generated_conversions\": {\"thumb\": true, \"p11-thumb\": true}}','[]',327,'2019-12-14 23:35:42','2019-12-14 23:35:42'),(374,'App\\Models\\Attachment',315,'certificate_files','Google Skechup','Google-Skechup.png','image/png','public',1121794,'[]','{\"generated_conversions\": {\"thumb\": true, \"p11-thumb\": true}}','[]',328,'2019-12-14 23:44:59','2019-12-14 23:45:00'),(375,'App\\Models\\Attachment',316,'certificate_files','Google Skechup','Google-Skechup.png','image/png','public',1121794,'[]','{\"generated_conversions\": {\"thumb\": true, \"p11-thumb\": true}}','[]',329,'2019-12-14 23:45:00','2019-12-14 23:45:00'),(377,'App\\Models\\Attachment',318,'certificate_files','img20050805_10185525','img20050805_10185525.jpg','image/jpeg','public',944159,'[]','{\"generated_conversions\": {\"thumb\": true, \"p11-thumb\": true}}','[]',331,'2019-12-14 23:50:05','2019-12-14 23:50:06'),(379,'App\\Models\\Attachment',320,'certificate_files','img20050805_10185525','img20050805_10185525.jpg','image/jpeg','public',944159,'[]','{\"generated_conversions\": {\"thumb\": true, \"p11-thumb\": true}}','[]',333,'2019-12-14 23:50:14','2019-12-14 23:50:16'),(380,'App\\Models\\Attachment',321,'certificate_files','img20050805_10185525','img20050805_10185525.jpg','image/jpeg','public',944159,'[]','{\"generated_conversions\": {\"thumb\": true, \"p11-thumb\": true}}','[]',334,'2019-12-14 23:50:15','2019-12-14 23:50:16'),(385,'App\\Models\\Attachment',326,'certificate_files','presentation skill','presentation-skill.pdf','application/pdf','public',1020379,'[]','[]','[]',339,'2019-12-15 00:09:45','2019-12-15 00:09:45'),(392,'App\\Models\\Attachment',333,'certificate_files','GIS','GIS.pdf','application/pdf','public',1417419,'[]','[]','[]',346,'2019-12-15 00:21:39','2019-12-15 00:21:39'),(394,'App\\Models\\Attachment',335,'certificate_files','GIS','GIS.pdf','application/pdf','public',1417419,'[]','[]','[]',348,'2019-12-15 00:21:42','2019-12-15 00:21:42'),(396,'App\\Models\\Attachment',337,'certificate_files','Autocat program','Autocat-program.pdf','application/pdf','public',1331717,'[]','[]','[]',350,'2019-12-15 00:25:20','2019-12-15 00:25:20'),(398,'App\\Models\\Attachment',339,'certificate_files','Civil 3d program','Civil-3d-program.pdf','application/pdf','public',1367996,'[]','[]','[]',352,'2019-12-15 00:27:48','2019-12-15 00:27:48'),(399,'App\\Models\\Attachment',340,'certificate_files','Civil 3d program','Civil-3d-program.pdf','application/pdf','public',1367996,'[]','[]','[]',353,'2019-12-15 00:27:48','2019-12-15 00:27:48'),(401,'App\\Models\\Attachment',342,'certificate_files','Civil 3d program','Civil-3d-program.pdf','application/pdf','public',1367996,'[]','[]','[]',355,'2019-12-15 00:27:59','2019-12-15 00:27:59'),(403,'App\\Models\\Attachment',344,'cv_files','Jamal Abdullah CV','Jamal-Abdullah-CV.pdf','application/pdf','public',175637,'[]','[]','[]',356,'2019-12-15 00:28:47','2019-12-15 00:28:47'),(404,'App\\Models\\Attachment',345,'signature_files','Signature','Signature.PNG','image/jpeg','public',131821,'[]','{\"generated_conversions\": {\"thumb\": true, \"p11-thumb\": true}}','[]',357,'2019-12-15 00:33:52','2019-12-15 00:33:52'),(418,'App\\Models\\Attachment',356,'certificate_files','Primavera','Primavera.pdf','application/pdf','public',835163,'[]','[]','[]',370,'2019-12-15 01:53:41','2019-12-15 01:53:41'),(419,'App\\Models\\Attachment',357,'certificate_files','Primavera','Primavera.pdf','application/pdf','public',835163,'[]','[]','[]',371,'2019-12-15 01:53:42','2019-12-15 01:53:42'),(420,'App\\Models\\Attachment',358,'certificate_files','Primavera','Primavera.pdf','application/pdf','public',835163,'[]','[]','[]',372,'2019-12-15 01:53:43','2019-12-15 01:53:43'),(423,'App\\Models\\Attachment',361,'certificate_files','Primavera','Primavera.pdf','application/pdf','public',835163,'[]','[]','[]',375,'2019-12-15 01:57:25','2019-12-15 01:57:25'),(424,'App\\Models\\Attachment',362,'certificate_files','Primavera','Primavera.pdf','application/pdf','public',835163,'[]','[]','[]',376,'2019-12-15 01:57:26','2019-12-15 01:57:26'),(425,'App\\Models\\Attachment',363,'certificate_files','Primavera','Primavera.pdf','application/pdf','public',835163,'[]','[]','[]',377,'2019-12-15 01:57:34','2019-12-15 01:57:34'),(426,'App\\Models\\Attachment',364,'certificate_files','Primavera','Primavera.pdf','application/pdf','public',835163,'[]','[]','[]',378,'2019-12-15 01:57:36','2019-12-15 01:57:36'),(427,'App\\Models\\Attachment',365,'certificate_files','Primavera','Primavera.pdf','application/pdf','public',835163,'[]','[]','[]',379,'2019-12-15 01:57:43','2019-12-15 01:57:43'),(428,'App\\Models\\Attachment',366,'certificate_files','Primavera','Primavera.pdf','application/pdf','public',835163,'[]','[]','[]',380,'2019-12-15 01:57:48','2019-12-15 01:57:48'),(429,'App\\Models\\Attachment',367,'certificate_files','Primavera','Primavera.pdf','application/pdf','public',835163,'[]','[]','[]',381,'2019-12-15 01:57:49','2019-12-15 01:57:49'),(430,'App\\Models\\Attachment',368,'certificate_files','Primavera','Primavera.pdf','application/pdf','public',835163,'[]','[]','[]',382,'2019-12-15 01:57:50','2019-12-15 01:57:50'),(431,'App\\Models\\Attachment',369,'certificate_files','Primavera','Primavera.pdf','application/pdf','public',835163,'[]','[]','[]',383,'2019-12-15 01:57:52','2019-12-15 01:57:52'),(432,'App\\Models\\Attachment',370,'certificate_files','Primavera','Primavera.pdf','application/pdf','public',835163,'[]','[]','[]',384,'2019-12-15 01:59:31','2019-12-15 01:59:31'),(433,'App\\Models\\Attachment',371,'certificate_files','Primavera','Primavera.pdf','application/pdf','public',835163,'[]','[]','[]',385,'2019-12-15 01:59:42','2019-12-15 01:59:42'),(441,'App\\Models\\Attachment',379,'cv_files','Amanullah CV for IMMAP','Amanullah-CV-for-IMMAP.pdf','application/pdf','public',117801,'[]','[]','[]',392,'2019-12-15 02:32:48','2019-12-15 02:32:48'),(444,'App\\Models\\Attachment',382,'certificate_files','Proposal Writing','Proposal-Writing.png','image/png','public',1026576,'[]','{\"generated_conversions\": {\"thumb\": true, \"p11-thumb\": true}}','[]',395,'2019-12-15 02:38:51','2019-12-15 02:38:51'),(445,'App\\Models\\Attachment',383,'portfolios','40533592_250354222286499_6585589237469413376_n','40533592_250354222286499_6585589237469413376_n.jpg','image/jpeg','public',123158,'[]','{\"generated_conversions\": {\"thumb\": true, \"p11-thumb\": true}}','[]',396,'2019-12-15 03:29:27','2019-12-15 03:29:27'),(446,'App\\Models\\Attachment',384,'portfolios','40533592_250354222286499_6585589237469413376_n','40533592_250354222286499_6585589237469413376_n.jpg','image/jpeg','public',123158,'[]','{\"generated_conversions\": {\"thumb\": true, \"p11-thumb\": true}}','[]',397,'2019-12-15 03:29:28','2019-12-15 03:29:28'),(447,'App\\Models\\Attachment',385,'portfolios','40533592_250354222286499_6585589237469413376_n','40533592_250354222286499_6585589237469413376_n.jpg','image/jpeg','public',123158,'[]','{\"generated_conversions\": {\"thumb\": true, \"p11-thumb\": true}}','[]',398,'2019-12-15 03:29:28','2019-12-15 03:29:28'),(460,'App\\Models\\Attachment',398,'cv_files','NAQI_CV','NAQI_CV.pdf','application/pdf','public',533145,'[]','[]','[]',400,'2019-12-15 03:35:58','2019-12-15 03:35:58'),(475,'App\\Models\\Attachment',403,'signature_files','Sinnature','Sinnature.jpg','image/jpeg','public',1475816,'[]','{\"generated_conversions\": {\"thumb\": true, \"p11-thumb\": true}}','[]',404,'2019-12-15 03:56:06','2019-12-15 03:56:07'),(480,'App\\Models\\Attachment',404,'cv_files','Ahdi_CV_15122019','Ahdi_CV_15122019.pdf','application/pdf','public',285848,'[]','[]','[]',406,'2019-12-15 11:51:29','2019-12-15 11:51:29'),(482,'App\\Models\\Attachment',406,'cv_files','CV_Jonas_Herzog_2019 english','CV_Jonas_Herzog_2019-english.pdf','application/pdf','public',203255,'[]','[]','[]',408,'2019-12-16 02:11:28','2019-12-16 02:11:28'),(485,'App\\Models\\Attachment',408,'cv_files','AsmaaCV-2019','AsmaaCV-2019.pdf','application/pdf','public',896854,'[]','[]','[]',411,'2019-12-16 02:30:54','2019-12-16 02:30:54'),(487,'App\\Models\\Attachment',409,'file_dataset1','IM Test Dataset File','IM-Test-Dataset-File.pdf','application/pdf','public',8938,'[]','[]','[]',413,'2019-12-16 02:37:30','2019-12-16 02:37:30'),(488,'App\\Models\\Attachment',410,'file_dataset2','IM Test Dataset File 2','IM-Test-Dataset-File-2.pdf','application/pdf','public',9104,'[]','[]','[]',414,'2019-12-16 02:37:55','2019-12-16 02:37:55'),(489,'App\\Models\\Attachment',411,'file_dataset1','IM Test Dataset File','IM-Test-Dataset-File.pdf','application/pdf','public',8938,'[]','[]','[]',415,'2019-12-16 02:45:31','2019-12-16 02:45:31'),(490,'App\\Models\\Attachment',412,'file_dataset2','IM Test Dataset File 2','IM-Test-Dataset-File-2.pdf','application/pdf','public',9104,'[]','[]','[]',416,'2019-12-16 02:47:50','2019-12-16 02:47:50'),(493,'App\\Models\\Attachment',415,'certificate_files','Attestation IM Training Temitope Omoyemi','Attestation-IM-Training-Temitope-Omoyemi.pdf','application/pdf','public',63523,'[]','[]','[]',419,'2019-12-16 03:16:49','2019-12-16 03:16:49'),(495,'App\\Models\\Attachment',417,'certificate_files','iMMAP OCHA Information Management Training','iMMAP-OCHA-Information-Management-Training.jpg','image/jpeg','public',343529,'[]','{\"generated_conversions\": {\"thumb\": true, \"p11-thumb\": true}}','[]',421,'2019-12-16 03:25:10','2019-12-16 03:25:11'),(497,'App\\Models\\Attachment',419,'cv_files','CV-Resume - Temitope_Omoyemi','CV-Resume---Temitope_Omoyemi.pdf','application/pdf','public',231459,'[]','[]','[]',423,'2019-12-16 04:36:42','2019-12-16 04:36:42'),(500,'App\\Models\\Attachment',422,'cv_files','CV','CV.pdf','application/pdf','public',383861,'[]','[]','[]',425,'2019-12-16 06:20:33','2019-12-16 06:20:33'),(502,'App\\Models\\Attachment',424,'cv_files','ShtyllaAni_CV','ShtyllaAni_CV.pdf','application/pdf','public',102122,'[]','[]','[]',427,'2019-12-16 06:29:26','2019-12-16 06:29:26'),(503,'App\\Models\\Attachment',425,'signature_files','sign','sign.jpg','image/jpeg','public',47774,'[]','{\"generated_conversions\": {\"thumb\": true, \"p11-thumb\": true}}','[]',428,'2019-12-16 06:30:51','2019-12-16 06:30:51'),(506,'App\\Models\\Attachment',427,'cv_files','Marwan\'s Resume','Marwan\'s-Resume.pdf','application/pdf','public',721026,'[]','[]','[]',430,'2019-12-16 06:41:55','2019-12-16 06:41:55'),(507,'App\\Models\\Attachment',428,'cv_files','20191212_DENIS IGA CV','20191212_DENIS-IGA-CV.pdf','application/pdf','public',411654,'[]','[]','[]',431,'2019-12-16 07:17:32','2019-12-16 07:17:32'),(511,'App\\Models\\Attachment',429,'cv_files','Sarah_Alazaizeh_Resume (1)','Sarah_Alazaizeh_Resume-(1).pdf','application/pdf','public',85714,'[]','[]','[]',433,'2019-12-16 07:30:23','2019-12-16 07:30:23'),(512,'App\\Models\\Attachment',430,'signature_files','signiture','signiture.png','image/png','public',83668,'[]','{\"generated_conversions\": {\"thumb\": true, \"p11-thumb\": true}}','[]',434,'2019-12-16 07:31:36','2019-12-16 07:31:36'),(514,'App\\Models\\Attachment',431,'cv_files','CVZacharyFOREMAN','CVZacharyFOREMAN.pdf','application/pdf','public',443377,'[]','[]','[]',436,'2019-12-16 07:41:50','2019-12-16 07:41:50'),(518,'App\\Models\\Attachment',433,'cv_files','CV_Liliana_Carvajal_EN','CV_Liliana_Carvajal_EN.pdf','application/pdf','public',186867,'[]','[]','[]',439,'2019-12-16 13:49:23','2019-12-16 13:49:23'),(519,'App\\Models\\Attachment',434,'signature_files','Signature','Signature.png','image/png','public',9332,'[]','{\"generated_conversions\": {\"thumb\": true, \"p11-thumb\": true}}','[]',440,'2019-12-16 13:53:49','2019-12-16 13:53:49'),(520,'App\\Models\\Attachment',435,'cv_files','CV','CV.pdf','application/pdf','public',12443,'[]','[]','[]',441,'2019-12-17 03:23:06','2019-12-17 03:23:06'),(521,'App\\Models\\Attachment',436,'cv_files','CV_Tadesse_Habte_Mamo','CV_Tadesse_Habte_Mamo.pdf','application/pdf','public',183655,'[]','[]','[]',442,'2019-12-17 03:44:07','2019-12-17 03:44:07'),(524,'App\\Models\\Attachment',439,'cv_files','CV','CV.pdf','application/pdf','public',833272,'[]','[]','[]',444,'2019-12-17 10:05:19','2019-12-17 10:05:19'),(527,'App\\Models\\Attachment',441,'cv_files','ZARA MOHAMMED-CV','ZARA-MOHAMMED-CV.pdf','application/pdf','public',138074,'[]','[]','[]',447,'2019-12-17 14:41:43','2019-12-17 14:41:43'),(531,'App\\Models\\Attachment',444,'signature_files','Mi_Sig','Mi_Sig.JPG','image/jpeg','public',31657,'[]','{\"generated_conversions\": {\"thumb\": true, \"p11-thumb\": true}}','[]',449,'2019-12-17 14:48:19','2019-12-17 14:48:19'),(541,'App\\Models\\Attachment',454,'cv_files','Muhammad Amin Bahavi Resume','Muhammad-Amin-Bahavi-Resume.pdf','application/pdf','public',244071,'[]','[]','[]',454,'2019-12-19 02:00:52','2019-12-19 02:00:52'),(542,'App\\Models\\Attachment',455,'signature_files','sign','sign.jpg','image/jpeg','public',22081,'[]','{\"generated_conversions\": {\"thumb\": true, \"p11-thumb\": true}}','[]',455,'2019-12-19 02:02:17','2019-12-19 02:02:17'),(545,'App\\Models\\Attachment',456,'cv_files','CV - C LEROY - ','CV---C-LEROY---.pdf','application/pdf','public',200633,'[]','[]','[]',458,'2019-12-21 09:33:10','2019-12-21 09:33:10'),(548,'App\\Models\\Attachment',458,'signature_files','iMMAP Logo','iMMAP-Logo.png','image/png','public',2136,'[]','{\"generated_conversions\": {\"thumb\": true, \"p11-thumb\": true}}','[]',461,'2019-12-21 09:36:18','2019-12-21 09:36:18'),(549,'App\\Models\\Attachment',459,'publication_files','Bridging a Critical Mine Action Information Management Gap_ Complex Conflict Environments','Bridging-a-Critical-Mine-Action-Information-Management-Gap_-Complex-Conflict-Environments.pdf','application/pdf','public',442510,'[]','[]','[]',462,'2019-12-21 10:51:19','2019-12-21 10:51:19'),(550,'App\\Models\\Attachment',460,'publication_files','Bridging a Critical MA IM Gap_ Complex Conflict Environments','Bridging-a-Critical-MA-IM-Gap_-Complex-Conflict-Environments.pdf','application/pdf','public',442510,'[]','[]','[]',463,'2019-12-21 10:55:13','2019-12-21 10:55:13'),(551,'App\\Models\\Attachment',461,'publication_files','Bridging a Critical MA IM Gap_ Complex Conflict Environments','Bridging-a-Critical-MA-IM-Gap_-Complex-Conflict-Environments.pdf','application/pdf','public',442510,'[]','[]','[]',464,'2019-12-21 10:55:14','2019-12-21 10:55:14'),(553,'App\\Models\\Attachment',463,'cv_files','Wisman_CV','Wisman_CV.pdf','application/pdf','public',248971,'[]','[]','[]',466,'2019-12-22 00:54:35','2019-12-22 00:54:35'),(554,'App\\Models\\Attachment',464,'cv_files','Ross Mc Donald - CV 2017','Ross-Mc-Donald---CV-2017.pdf','application/pdf','public',27159,'[]','[]','[]',467,'2019-12-22 01:51:18','2019-12-22 01:51:18'),(556,'App\\Models\\Attachment',466,'signature_files','Electronic Signature','Electronic-Signature.PNG','image/png','public',5973,'[]','{\"generated_conversions\": {\"thumb\": true, \"p11-thumb\": true}}','[]',469,'2019-12-22 03:59:46','2019-12-22 03:59:46'),(557,'App\\Models\\Attachment',467,'cv_files','Curriculum Vitae','Curriculum-Vitae.pdf','application/pdf','public',147861,'[]','[]','[]',470,'2019-12-22 04:08:04','2019-12-22 04:08:04'),(558,'App\\Models\\Attachment',468,'signature_files','signature-Short','signature-Short.png','image/png','public',5028,'[]','{\"generated_conversions\": {\"thumb\": true, \"p11-thumb\": true}}','[]',471,'2019-12-22 04:09:01','2019-12-22 04:09:01'),(563,'App\\Models\\Attachment',472,'cv_files','Decina_CV','Decina_CV.pdf','application/pdf','public',126798,'[]','[]','[]',476,'2019-12-22 20:49:02','2019-12-22 20:49:02'),(564,'App\\Models\\Attachment',473,'signature_files','Signature','Signature.png','image/png','public',30964,'[]','{\"generated_conversions\": {\"thumb\": true, \"p11-thumb\": true}}','[]',477,'2019-12-22 20:52:41','2019-12-22 20:52:41'),(569,'App\\Models\\Attachment',477,'cv_files','Gabriel-Oduori-IMO-CV','Gabriel-Oduori-IMO-CV.pdf','application/pdf','public',39862,'[]','[]','[]',482,'2019-12-23 01:03:25','2019-12-23 01:03:25'),(570,'App\\Models\\Attachment',478,'cv_files','Edwin Ouma Resume -23 Dec 2019','Edwin-Ouma-Resume--23-Dec-2019.pdf','application/pdf','public',236683,'[]','[]','[]',483,'2019-12-23 01:20:14','2019-12-23 01:20:14'),(571,'App\\Models\\Attachment',479,'signature_files','Signature','Signature.jpg','image/jpeg','public',1402641,'[]','{\"generated_conversions\": {\"thumb\": true, \"p11-thumb\": true}}','[]',484,'2019-12-23 01:25:35','2019-12-23 01:25:37'),(575,'App\\Models\\Attachment',482,'cv_files','2019_09_12_CV_Simone_Maffei','2019_09_12_CV_Simone_Maffei.pdf','application/pdf','public',188836,'[]','[]','[]',488,'2019-12-23 04:38:15','2019-12-23 04:38:15'),(580,'App\\Models\\Attachment',485,'signature_files','Sign.','Sign..png','image/png','public',110440,'[]','{\"generated_conversions\": {\"thumb\": true, \"p11-thumb\": true}}','[]',491,'2019-12-23 04:39:01','2019-12-23 04:39:01'),(581,'App\\Models\\Attachment',486,'cv_files','MPaddock CV 2019','MPaddock-CV-2019.pdf','application/pdf','public',123990,'[]','[]','[]',492,'2019-12-23 07:13:07','2019-12-23 07:13:07'),(582,'App\\Models\\Attachment',487,'cv_files','CV-Yahia, 24 12 2019','CV-Yahia,-24-12-2019.pdf','application/pdf','public',210764,'[]','[]','[]',493,'2019-12-24 03:09:09','2019-12-24 03:09:09'),(587,'App\\Models\\Attachment',492,'diploma_files','BSC GEZIRA','BSC-GEZIRA.pdf','application/pdf','public',1349433,'[]','[]','[]',497,'2019-12-24 03:31:55','2019-12-24 03:31:55'),(590,'App\\Models\\Attachment',495,'cv_files','Elisa Alghisi - CV EN updated','Elisa-Alghisi---CV-EN-updated.pdf','application/pdf','public',180055,'[]','[]','[]',500,'2019-12-27 09:26:30','2019-12-27 09:26:30'),(592,'App\\Models\\Attachment',497,'cv_files','Mehtab_CV - 2019','Mehtab_CV---2019.pdf','application/pdf','public',203700,'[]','[]','[]',502,'2019-12-28 11:34:14','2019-12-28 11:34:14'),(595,'App\\Models\\Attachment',500,'publication_files','Water and Hygiene The Case of North Caolina Farmworkers 1986','Water-and-Hygiene-The-Case-of-North-Caolina-Farmworkers-1986.pdf','application/pdf','public',504477,'[]','[]','[]',505,'2019-12-30 08:15:28','2019-12-30 08:15:28'),(596,'App\\Models\\Attachment',501,'publication_files','Estimating the Willingness to Pay for Water Services in Devloping Countries 1990 reduced','Estimating-the-Willingness-to-Pay-for-Water-Services-in-Devloping-Countries-1990-reduced.pdf','application/pdf','public',1262228,'[]','[]','[]',506,'2019-12-30 08:20:51','2019-12-30 08:20:51'),(597,'App\\Models\\Attachment',502,'cv_files','Daniel Nolan CV 12_5_19','Daniel-Nolan-CV-12_5_19.pdf','application/pdf','public',201475,'[]','[]','[]',507,'2019-12-31 13:12:30','2019-12-31 13:12:30'),(600,'App\\Models\\Attachment',505,'cv_files','DANON_Natacha_CV','DANON_Natacha_CV.pdf','application/pdf','public',181118,'[]','[]','[]',510,'2020-01-05 05:46:17','2020-01-05 05:46:17'),(601,'App\\Models\\Attachment',506,'signature_files','Signature','Signature.jpg','image/jpeg','public',48195,'[]','{\"generated_conversions\": {\"thumb\": true, \"p11-thumb\": true}}','[]',511,'2020-01-05 05:47:37','2020-01-05 05:47:38'),(604,'App\\Models\\Attachment',508,'cv_files','asas','asas.pdf','application/pdf','public',930634,'[]','[]','[]',513,'2020-01-05 20:34:59','2020-01-05 20:34:59'),(609,'App\\Models\\Attachment',513,'cv_files','Resume - Cristin Koebele_Humanitarian IM & Coordination','Resume---Cristin-Koebele_Humanitarian-IM-&-Coordination.pdf','application/pdf','public',175159,'[]','[]','[]',518,'2020-01-10 23:19:51','2020-01-10 23:19:51'),(613,'App\\Models\\Attachment',517,'publication_files','Publications_2017_Dr_Clayton_Mashapa','Publications_2017_Dr_Clayton_Mashapa.pdf','application/pdf','public',124717,'[]','[]','[]',522,'2020-01-11 02:34:37','2020-01-11 02:34:37'),(616,'App\\Models\\Attachment',518,'cv_files','Rand CV','Rand-CV.pdf','application/pdf','public',306964,'[]','[]','[]',524,'2020-01-12 00:10:19','2020-01-12 00:10:19'),(617,'App\\Models\\Attachment',519,'signature_files','Rand Signature','Rand-Signature.jpg','image/jpeg','public',17942,'[]','{\"generated_conversions\": {\"thumb\": true, \"p11-thumb\": true}}','[]',525,'2020-01-12 00:12:37','2020-01-12 00:12:37'),(618,'App\\Models\\Attachment',520,'cv_files','bodour_em','bodour_em.pdf','application/pdf','public',158081,'[]','[]','[]',526,'2020-01-12 01:19:21','2020-01-12 01:19:21'),(620,'App\\Models\\Attachment',522,'cv_files','CV_Thair_Karasneh_09.Jul.2019','CV_Thair_Karasneh_09.Jul.2019.pdf','application/pdf','public',220676,'[]','[]','[]',528,'2020-01-12 05:10:43','2020-01-12 05:10:43'),(622,'App\\Models\\Attachment',523,'cv_files','2019 CV Rita Adelevna','2019-CV-Rita-Adelevna.pdf','application/pdf','public',95703,'[]','[]','[]',530,'2020-01-12 08:02:07','2020-01-12 08:02:07'),(623,'App\\Models\\Attachment',524,'publication_files','Publications_2020_Dr_Clayton_Mashapa','Publications_2020_Dr_Clayton_Mashapa.pdf','application/pdf','public',258217,'[]','[]','[]',531,'2020-01-13 10:28:25','2020-01-13 10:28:25'),(624,'App\\Models\\Attachment',525,'publication_files','Publications_2020_Dr_Clayton_Mashapa','Publications_2020_Dr_Clayton_Mashapa.pdf','application/pdf','public',258217,'[]','[]','[]',532,'2020-01-13 10:28:26','2020-01-13 10:28:26'),(626,'App\\Models\\Attachment',527,'cv_files','Clayton-Mashapa_CV_2019_LATEST_PDF','Clayton-Mashapa_CV_2019_LATEST_PDF.pdf','application/pdf','public',270364,'[]','[]','[]',533,'2020-01-13 12:26:19','2020-01-13 12:26:19'),(629,'App\\Models\\Attachment',528,'cv_files','CV_Zolboo_BoldErdene','CV_Zolboo_BoldErdene.pdf','application/pdf','public',26512,'[]','[]','[]',535,'2020-01-13 19:23:55','2020-01-13 19:23:55'),(630,'App\\Models\\Attachment',529,'signature_files','SIGN_20190709_113711_636_130','SIGN_20190709_113711_636_130.png','image/png','public',32111,'[]','{\"generated_conversions\": {\"thumb\": true, \"p11-thumb\": true}}','[]',536,'2020-01-13 19:28:22','2020-01-13 19:28:22'),(633,'App\\Models\\Attachment',532,'certificate_files','UNDSS ASITF Certificate 09 2018','UNDSS-ASITF-Certificate-09-2018.pdf','application/pdf','public',346118,'[]','[]','[]',539,'2020-01-14 07:15:41','2020-01-14 07:15:41'),(635,'App\\Models\\Attachment',533,'signature_files','Signature1','Signature1.png','image/png','public',62944,'[]','{\"generated_conversions\": {\"thumb\": true, \"p11-thumb\": true}}','[]',541,'2020-01-14 07:26:47','2020-01-14 07:26:47'),(636,'App\\Models\\Attachment',534,'cv_files','R.Hughes_CV_2020','R.Hughes_CV_2020.pdf','application/pdf','public',63104,'[]','[]','[]',542,'2020-01-14 07:31:14','2020-01-14 07:31:14'),(638,'App\\Models\\Attachment',536,'cv_files','Adedoyin Akinola Profile','Adedoyin-Akinola-Profile.pdf','application/pdf','public',262313,'[]','[]','[]',543,'2020-01-14 07:49:49','2020-01-14 07:49:49'),(639,'App\\Models\\Attachment',537,'cv_files','Rami Aqarbeh CV155','Rami-Aqarbeh-CV155.pdf','application/pdf','public',200555,'[]','[]','[]',544,'2020-01-14 07:55:00','2020-01-14 07:55:00'),(641,'App\\Models\\Attachment',538,'signature_files','Rami Sign','Rami-Sign.png','image/png','public',46325,'[]','{\"generated_conversions\": {\"thumb\": true, \"p11-thumb\": true}}','[]',546,'2020-01-14 08:20:18','2020-01-14 08:20:18'),(642,'App\\Models\\Attachment',539,'cv_files','P Frost_CV_2019','P-Frost_CV_2019.pdf','application/pdf','public',259865,'[]','[]','[]',547,'2020-01-14 08:23:56','2020-01-14 08:23:56'),(648,'App\\Models\\Attachment',541,'cv_files','Resume','Resume.pdf','application/pdf','public',162432,'[]','[]','[]',551,'2020-01-14 08:32:06','2020-01-14 08:32:06'),(649,'App\\Models\\Attachment',542,'cv_files','Riyad CV','Riyad-CV.pdf','application/pdf','public',356036,'[]','[]','[]',552,'2020-01-14 09:03:49','2020-01-14 09:03:49'),(651,'App\\Models\\Attachment',543,'cv_files','Resume - LEJNAR','Resume---LEJNAR.pdf','application/pdf','public',48603,'[]','[]','[]',554,'2020-01-14 09:10:41','2020-01-14 09:10:41'),(653,'App\\Models\\Attachment',544,'cv_files','Gebreslasie_CV_2020','Gebreslasie_CV_2020.pdf','application/pdf','public',413044,'[]','[]','[]',556,'2020-01-14 12:40:35','2020-01-14 12:40:35'),(654,'App\\Models\\Attachment',545,'signature_files','DSC_0198a','DSC_0198a.jpg','image/jpeg','public',1194701,'[]','{\"generated_conversions\": {\"thumb\": true, \"p11-thumb\": true}}','[]',557,'2020-01-14 12:45:24','2020-01-14 12:45:25'),(658,'App\\Models\\Attachment',546,'cv_files','1. GAVIDIA_ANDREA_HV','1.-GAVIDIA_ANDREA_HV.pdf','application/pdf','public',58370,'[]','[]','[]',559,'2020-01-14 13:51:05','2020-01-14 13:51:05'),(663,'App\\Models\\Attachment',551,'cv_files','CV Rafinkanisa - Nov 2019','CV-Rafinkanisa---Nov-2019.pdf','application/pdf','public',120050,'[]','[]','[]',564,'2020-01-14 20:40:04','2020-01-14 20:40:04'),(664,'App\\Models\\Attachment',552,'cv_files','CV Razinal - July 2019','CV-Razinal---July-2019.pdf','application/pdf','public',154366,'[]','[]','[]',565,'2020-01-14 21:05:19','2020-01-14 21:05:19'),(665,'App\\Models\\Attachment',553,'diploma_files','DES_Diplome','DES_Diplome.pdf','application/pdf','public',473878,'[]','[]','[]',566,'2020-01-14 23:52:36','2020-01-14 23:52:36'),(668,'App\\Models\\Attachment',555,'cv_files','Lina Nasereddin CV','Lina-Nasereddin-CV.pdf','application/pdf','public',94703,'[]','[]','[]',569,'2020-01-15 00:34:57','2020-01-15 00:34:57'),(669,'App\\Models\\Attachment',556,'cv_files','El Tahir Mudawi Ghada CV','El-Tahir-Mudawi-Ghada-CV.pdf','application/pdf','public',309878,'[]','[]','[]',570,'2020-01-15 00:35:25','2020-01-15 00:35:25'),(670,'App\\Models\\Attachment',557,'signature_files','signature','signature.png','image/png','public',3482,'[]','{\"generated_conversions\": {\"thumb\": true, \"p11-thumb\": true}}','[]',571,'2020-01-15 00:36:13','2020-01-15 00:36:13'),(677,'App\\Models\\Attachment',563,'cv_files','Yousif Abdulsalam CV','Yousif-Abdulsalam-CV.pdf','application/pdf','public',569716,'[]','[]','[]',577,'2020-01-15 00:47:11','2020-01-15 00:47:11'),(680,'App\\Models\\Attachment',565,'signature_files','Yousif Signature','Yousif-Signature.jpg','image/jpeg','public',47435,'[]','{\"generated_conversions\": {\"thumb\": true, \"p11-thumb\": true}}','[]',580,'2020-01-15 00:55:12','2020-01-15 00:55:12'),(688,'App\\Models\\Attachment',573,'cv_files','Banchiayehu Girma Bayou','Banchiayehu-Girma-Bayou.pdf','application/pdf','public',860140,'[]','[]','[]',587,'2020-01-15 01:13:40','2020-01-15 01:13:40'),(691,'App\\Models\\Attachment',576,'signature_files','Banchy','Banchy.png','image/png','public',26119,'[]','{\"generated_conversions\": {\"thumb\": true, \"p11-thumb\": true}}','[]',589,'2020-01-15 01:21:40','2020-01-15 01:21:40'),(692,'App\\Models\\Attachment',577,'certificate_files','Attestation_ARGIS 1&2','Attestation_ARGIS-1&2.pdf','application/pdf','public',385767,'[]','[]','[]',590,'2020-01-15 01:26:44','2020-01-15 01:26:44'),(694,'App\\Models\\Attachment',579,'cv_files','BasharAyyashCV','BasharAyyashCV.pdf','application/pdf','public',241278,'[]','[]','[]',592,'2020-01-15 01:37:07','2020-01-15 01:37:07'),(695,'App\\Models\\Attachment',580,'signature_files','Bashar Ayyash','Bashar-Ayyash.png','image/png','public',9665,'[]','{\"generated_conversions\": {\"thumb\": true, \"p11-thumb\": true}}','[]',593,'2020-01-15 01:37:50','2020-01-15 01:37:50'),(699,'App\\Models\\Attachment',583,'cv_files','Nabea Khalid Sabah_ cv','Nabea-Khalid-Sabah_-cv.pdf','application/pdf','public',170642,'[]','[]','[]',597,'2020-01-15 01:48:08','2020-01-15 01:48:08'),(704,'App\\Models\\Attachment',587,'publication_files','2019-IEEE-eHA_NomadicRouteIdentificationforPolioVaccinationActivitiesinBorno','2019-IEEE-eHA_NomadicRouteIdentificationforPolioVaccinationActivitiesinBorno.pdf','application/pdf','public',587148,'[]','[]','[]',602,'2020-01-15 02:09:42','2020-01-15 02:09:42'),(708,'App\\Models\\Attachment',591,'diploma_files','Bachelor Degree','Bachelor-Degree.pdf','application/pdf','public',1318679,'[]','[]','[]',606,'2020-01-15 02:34:44','2020-01-15 02:34:44'),(717,'App\\Models\\Attachment',600,'cv_files','Mohammad Tayseer CV Updated_3-May-2019','Mohammad-Tayseer-CV-Updated_3-May-2019.pdf','application/pdf','public',158549,'[]','[]','[]',615,'2020-01-15 03:34:50','2020-01-15 03:34:50'),(720,'App\\Models\\Attachment',602,'publication_files','GISRINigeria_BMJGH_05Feb2019-1','GISRINigeria_BMJGH_05Feb2019-1.pdf','application/pdf','public',622636,'[]','[]','[]',618,'2020-01-15 03:51:28','2020-01-15 03:51:28'),(721,'App\\Models\\Attachment',603,'signature_files','MY Sign','MY-Sign.jpg','image/jpeg','public',25335,'[]','{\"generated_conversions\": {\"thumb\": true, \"p11-thumb\": true}}','[]',619,'2020-01-15 03:52:08','2020-01-15 03:52:08'),(722,'App\\Models\\Attachment',604,'publication_files','Application of FOSS4G and Open Data to Support Polio Eradication, Vaccine Delivery and Ebola Emergency Response in West Africa_1','Application-of-FOSS4G-and-Open-Data-to-Support-Polio-Eradication,-Vaccine-Delivery-and-Ebola-Emergency-Response-in-West-Africa_1.pdf','application/pdf','public',1554352,'[]','[]','[]',620,'2020-01-15 03:54:11','2020-01-15 03:54:11'),(724,'App\\Models\\Attachment',605,'signature_files','signature','signature.PNG','image/png','public',39720,'[]','{\"generated_conversions\": {\"thumb\": true, \"p11-thumb\": true}}','[]',622,'2020-01-15 04:42:40','2020-01-15 04:42:40'),(725,'App\\Models\\Attachment',606,'cv_files','Adewara_Kehinde_Adebola_Resume','Adewara_Kehinde_Adebola_Resume.pdf','application/pdf','public',329103,'[]','[]','[]',623,'2020-01-15 04:44:15','2020-01-15 04:44:15'),(726,'App\\Models\\Attachment',607,'cv_files','Noha Ammoury Resume_Jan 2020','Noha-Ammoury-Resume_Jan-2020.pdf','application/pdf','public',150862,'[]','[]','[]',624,'2020-01-15 04:55:27','2020-01-15 04:55:27'),(728,'App\\Models\\Attachment',608,'cv_files','Issam Hijjawi Cv 2018 with references-V2','Issam-Hijjawi-Cv-2018-with-references-V2.pdf','application/pdf','public',1085438,'[]','[]','[]',626,'2020-01-15 05:57:12','2020-01-15 05:57:12'),(732,'App\\Models\\Attachment',611,'publication_files','Bridging a Critical Mine Action Information Management Gap_ Complex Conflict Environments','Bridging-a-Critical-Mine-Action-Information-Management-Gap_-Complex-Conflict-Environments.pdf','application/pdf','public',442510,'[]','[]','[]',629,'2020-01-15 06:28:26','2020-01-15 06:28:26'),(738,'App\\Models\\Attachment',615,'cv_files','CVDiseno','CVDiseno.pdf','application/pdf','public',1224131,'[]','[]','[]',634,'2020-01-15 11:32:59','2020-01-15 11:32:59'),(743,'App\\Models\\Attachment',618,'cv_files','Karzan H. Hamad CV','Karzan-H.-Hamad-CV.pdf','application/pdf','public',154505,'[]','[]','[]',639,'2020-01-15 12:25:39','2020-01-15 12:25:39'),(749,'App\\Models\\Attachment',624,'cv_files','CV - Alcastaro - December 2019','CV---Alcastaro---December-2019.pdf','application/pdf','public',262126,'[]','[]','[]',645,'2020-01-15 13:37:27','2020-01-15 13:37:27'),(751,'App\\Models\\Attachment',626,'diploma_files','College Certificate 1','College-Certificate-1.jpg','image/jpeg','public',1330415,'[]','{\"generated_conversions\": {\"thumb\": true, \"p11-thumb\": true}}','[]',647,'2020-01-15 14:37:58','2020-01-15 14:38:00'),(752,'App\\Models\\Attachment',627,'diploma_files','College Certificate 1','College-Certificate-1.jpg','image/jpeg','public',1330415,'[]','{\"generated_conversions\": {\"thumb\": true, \"p11-thumb\": true}}','[]',648,'2020-01-15 14:43:08','2020-01-15 14:43:10'),(753,'App\\Models\\Attachment',628,'diploma_files','College Certificate 1','College-Certificate-1.jpg','image/jpeg','public',1330415,'[]','{\"generated_conversions\": {\"thumb\": true, \"p11-thumb\": true}}','[]',649,'2020-01-15 14:44:17','2020-01-15 14:44:20'),(754,'App\\Models\\Attachment',629,'diploma_files','College Certificate 1','College-Certificate-1.jpg','image/jpeg','public',1330415,'[]','{\"generated_conversions\": {\"thumb\": true, \"p11-thumb\": true}}','[]',650,'2020-01-15 14:44:19','2020-01-15 14:44:22'),(755,'App\\Models\\Attachment',630,'diploma_files','College Certificate 1','College-Certificate-1.jpg','image/jpeg','public',1330415,'[]','{\"generated_conversions\": {\"thumb\": true, \"p11-thumb\": true}}','[]',651,'2020-01-15 14:44:20','2020-01-15 14:44:24'),(756,'App\\Models\\Attachment',631,'diploma_files','College Certificate 1','College-Certificate-1.jpg','image/jpeg','public',1330415,'[]','{\"generated_conversions\": {\"thumb\": true, \"p11-thumb\": true}}','[]',652,'2020-01-15 14:44:55','2020-01-15 14:44:58'),(757,'App\\Models\\Attachment',632,'diploma_files','College Certificate 1','College-Certificate-1.jpg','image/jpeg','public',1330415,'[]','{\"generated_conversions\": {\"thumb\": true, \"p11-thumb\": true}}','[]',653,'2020-01-15 14:45:51','2020-01-15 14:45:53'),(758,'App\\Models\\Attachment',633,'diploma_files','College Certificate 1','College-Certificate-1.jpg','image/jpeg','public',1330415,'[]','{\"generated_conversions\": {\"thumb\": true, \"p11-thumb\": true}}','[]',654,'2020-01-15 14:46:05','2020-01-15 14:46:08'),(759,'App\\Models\\Attachment',634,'diploma_files','College Certificate 1','College-Certificate-1.jpg','image/jpeg','public',1330415,'[]','{\"generated_conversions\": {\"thumb\": true, \"p11-thumb\": true}}','[]',655,'2020-01-15 14:46:25','2020-01-15 14:46:27'),(760,'App\\Models\\Attachment',635,'diploma_files','College Certificate 1','College-Certificate-1.jpg','image/jpeg','public',1330415,'[]','{\"generated_conversions\": {\"thumb\": true, \"p11-thumb\": true}}','[]',656,'2020-01-15 14:46:32','2020-01-15 14:46:36'),(761,'App\\Models\\Attachment',636,'diploma_files','College Certificate 1','College-Certificate-1.jpg','image/jpeg','public',1330415,'[]','{\"generated_conversions\": {\"thumb\": true, \"p11-thumb\": true}}','[]',657,'2020-01-15 14:47:25','2020-01-15 14:47:28'),(762,'App\\Models\\Attachment',637,'diploma_files','College Certificate 1','College-Certificate-1.jpg','image/jpeg','public',1330415,'[]','{\"generated_conversions\": {\"thumb\": true, \"p11-thumb\": true}}','[]',658,'2020-01-15 14:47:43','2020-01-15 14:47:46'),(763,'App\\Models\\Attachment',638,'diploma_files','College Certificate 1','College-Certificate-1.jpg','image/jpeg','public',1330415,'[]','{\"generated_conversions\": {\"thumb\": true, \"p11-thumb\": true}}','[]',659,'2020-01-15 14:47:46','2020-01-15 14:47:49'),(764,'App\\Models\\Attachment',639,'diploma_files','College Certificate 1','College-Certificate-1.jpg','image/jpeg','public',1330415,'[]','{\"generated_conversions\": {\"thumb\": true, \"p11-thumb\": true}}','[]',660,'2020-01-15 14:47:59','2020-01-15 14:48:01'),(765,'App\\Models\\Attachment',640,'diploma_files','College Certificate 1','College-Certificate-1.jpg','image/jpeg','public',1330415,'[]','{\"generated_conversions\": {\"thumb\": true, \"p11-thumb\": true}}','[]',661,'2020-01-15 14:49:12','2020-01-15 14:49:15'),(766,'App\\Models\\Attachment',641,'diploma_files','College Certificate 1','College-Certificate-1.jpg','image/jpeg','public',1330415,'[]','{\"generated_conversions\": {\"thumb\": true, \"p11-thumb\": true}}','[]',662,'2020-01-15 14:49:35','2020-01-15 14:49:38'),(767,'App\\Models\\Attachment',642,'diploma_files','College Certificate 1','College-Certificate-1.jpg','image/jpeg','public',1330415,'[]','{\"generated_conversions\": {\"thumb\": true, \"p11-thumb\": true}}','[]',663,'2020-01-15 14:49:52','2020-01-15 14:49:55'),(768,'App\\Models\\Attachment',643,'diploma_files','College Certificate 1','College-Certificate-1.jpg','image/jpeg','public',1330415,'[]','{\"generated_conversions\": {\"thumb\": true, \"p11-thumb\": true}}','[]',664,'2020-01-15 14:50:21','2020-01-15 14:50:24'),(769,'App\\Models\\Attachment',644,'diploma_files','College Certificate 1','College-Certificate-1.jpg','image/jpeg','public',1330415,'[]','{\"generated_conversions\": {\"thumb\": true, \"p11-thumb\": true}}','[]',665,'2020-01-15 14:50:44','2020-01-15 14:50:46'),(770,'App\\Models\\Attachment',645,'diploma_files','College Certificate 1','College-Certificate-1.jpg','image/jpeg','public',1330415,'[]','{\"generated_conversions\": {\"thumb\": true, \"p11-thumb\": true}}','[]',666,'2020-01-15 14:51:37','2020-01-15 14:51:40'),(771,'App\\Models\\Attachment',646,'diploma_files','College Certificate 1','College-Certificate-1.jpg','image/jpeg','public',1330415,'[]','{\"generated_conversions\": {\"thumb\": true, \"p11-thumb\": true}}','[]',667,'2020-01-15 14:51:50','2020-01-15 14:51:52'),(772,'App\\Models\\Attachment',647,'diploma_files','College Certificate 1','College-Certificate-1.jpg','image/jpeg','public',1330415,'[]','{\"generated_conversions\": {\"thumb\": true, \"p11-thumb\": true}}','[]',668,'2020-01-15 14:51:57','2020-01-15 14:52:00'),(773,'App\\Models\\Attachment',648,'diploma_files','College Certificate 1','College-Certificate-1.jpg','image/jpeg','public',1330415,'[]','{\"generated_conversions\": {\"thumb\": true, \"p11-thumb\": true}}','[]',669,'2020-01-15 14:52:45','2020-01-15 14:52:49'),(774,'App\\Models\\Attachment',649,'diploma_files','College Certificate 1','College-Certificate-1.jpg','image/jpeg','public',1330415,'[]','{\"generated_conversions\": {\"thumb\": true, \"p11-thumb\": true}}','[]',670,'2020-01-15 14:52:46','2020-01-15 14:52:49'),(775,'App\\Models\\Attachment',650,'diploma_files','College Certificate 1','College-Certificate-1.jpg','image/jpeg','public',1330415,'[]','{\"generated_conversions\": {\"thumb\": true, \"p11-thumb\": true}}','[]',671,'2020-01-15 14:53:25','2020-01-15 14:53:28'),(776,'App\\Models\\Attachment',651,'diploma_files','College Certificate 1','College-Certificate-1.jpg','image/jpeg','public',1330415,'[]','{\"generated_conversions\": {\"thumb\": true, \"p11-thumb\": true}}','[]',672,'2020-01-15 14:54:00','2020-01-15 14:54:02'),(777,'App\\Models\\Attachment',652,'diploma_files','College Certificate 1','College-Certificate-1.jpg','image/jpeg','public',1330415,'[]','{\"generated_conversions\": {\"thumb\": true, \"p11-thumb\": true}}','[]',673,'2020-01-15 14:54:34','2020-01-15 14:54:36'),(778,'App\\Models\\Attachment',653,'diploma_files','College Certificate 1','College-Certificate-1.jpg','image/jpeg','public',1330415,'[]','{\"generated_conversions\": {\"thumb\": true, \"p11-thumb\": true}}','[]',674,'2020-01-15 14:54:38','2020-01-15 14:54:41'),(779,'App\\Models\\Attachment',654,'diploma_files','College Certificate 1','College-Certificate-1.jpg','image/jpeg','public',1330415,'[]','{\"generated_conversions\": {\"thumb\": true, \"p11-thumb\": true}}','[]',675,'2020-01-15 14:55:20','2020-01-15 14:55:23'),(780,'App\\Models\\Attachment',655,'diploma_files','College Certificate 1','College-Certificate-1.jpg','image/jpeg','public',1330415,'[]','{\"generated_conversions\": {\"thumb\": true, \"p11-thumb\": true}}','[]',676,'2020-01-15 14:55:52','2020-01-15 14:55:55'),(781,'App\\Models\\Attachment',656,'diploma_files','College Certificate 1','College-Certificate-1.jpg','image/jpeg','public',1330415,'[]','{\"generated_conversions\": {\"thumb\": true, \"p11-thumb\": true}}','[]',677,'2020-01-15 14:56:17','2020-01-15 14:56:20'),(782,'App\\Models\\Attachment',657,'diploma_files','College Certificate 1','College-Certificate-1.jpg','image/jpeg','public',1330415,'[]','{\"generated_conversions\": {\"thumb\": true, \"p11-thumb\": true}}','[]',678,'2020-01-15 14:56:21','2020-01-15 14:56:24'),(783,'App\\Models\\Attachment',658,'diploma_files','College Certificate 1','College-Certificate-1.jpg','image/jpeg','public',1330415,'[]','{\"generated_conversions\": {\"thumb\": true, \"p11-thumb\": true}}','[]',679,'2020-01-15 14:56:46','2020-01-15 14:56:49'),(784,'App\\Models\\Attachment',659,'diploma_files','College Certificate 1','College-Certificate-1.jpg','image/jpeg','public',1330415,'[]','{\"generated_conversions\": {\"thumb\": true, \"p11-thumb\": true}}','[]',680,'2020-01-15 14:56:48','2020-01-15 14:56:51'),(785,'App\\Models\\Attachment',660,'diploma_files','College Certificate 1','College-Certificate-1.jpg','image/jpeg','public',1330415,'[]','{\"generated_conversions\": {\"thumb\": true, \"p11-thumb\": true}}','[]',681,'2020-01-15 14:57:27','2020-01-15 14:57:30'),(786,'App\\Models\\Attachment',661,'diploma_files','College Certificate 1','College-Certificate-1.jpg','image/jpeg','public',1330415,'[]','{\"generated_conversions\": {\"thumb\": true, \"p11-thumb\": true}}','[]',682,'2020-01-15 14:58:01','2020-01-15 14:58:04'),(787,'App\\Models\\Attachment',662,'diploma_files','College Certificate 1','College-Certificate-1.jpg','image/jpeg','public',1330415,'[]','{\"generated_conversions\": {\"thumb\": true, \"p11-thumb\": true}}','[]',683,'2020-01-15 14:58:35','2020-01-15 14:58:38'),(788,'App\\Models\\Attachment',663,'diploma_files','College Certificate 1','College-Certificate-1.jpg','image/jpeg','public',1330415,'[]','{\"generated_conversions\": {\"thumb\": true, \"p11-thumb\": true}}','[]',684,'2020-01-15 14:59:14','2020-01-15 14:59:16'),(789,'App\\Models\\Attachment',664,'diploma_files','College Certificate 1','College-Certificate-1.jpg','image/jpeg','public',1330415,'[]','{\"generated_conversions\": {\"thumb\": true, \"p11-thumb\": true}}','[]',685,'2020-01-15 14:59:23','2020-01-15 14:59:26'),(790,'App\\Models\\Attachment',665,'diploma_files','College Certificate 1','College-Certificate-1.jpg','image/jpeg','public',1330415,'[]','{\"generated_conversions\": {\"thumb\": true, \"p11-thumb\": true}}','[]',686,'2020-01-15 14:59:44','2020-01-15 14:59:46'),(791,'App\\Models\\Attachment',666,'diploma_files','College Certificate 1','College-Certificate-1.jpg','image/jpeg','public',1330415,'[]','{\"generated_conversions\": {\"thumb\": true, \"p11-thumb\": true}}','[]',687,'2020-01-15 14:59:52','2020-01-15 14:59:55'),(792,'App\\Models\\Attachment',667,'diploma_files','College Certificate 1','College-Certificate-1.jpg','image/jpeg','public',1330415,'[]','{\"generated_conversions\": {\"thumb\": true, \"p11-thumb\": true}}','[]',688,'2020-01-15 15:00:13','2020-01-15 15:00:16'),(793,'App\\Models\\Attachment',668,'diploma_files','College Certificate 1','College-Certificate-1.jpg','image/jpeg','public',1330415,'[]','{\"generated_conversions\": {\"thumb\": true, \"p11-thumb\": true}}','[]',689,'2020-01-15 15:00:37','2020-01-15 15:00:40'),(794,'App\\Models\\Attachment',669,'diploma_files','College Certificate 1','College-Certificate-1.jpg','image/jpeg','public',1330415,'[]','{\"generated_conversions\": {\"thumb\": true, \"p11-thumb\": true}}','[]',690,'2020-01-15 15:01:11','2020-01-15 15:01:14'),(795,'App\\Models\\Attachment',670,'diploma_files','College Certificate 1','College-Certificate-1.jpg','image/jpeg','public',1330415,'[]','{\"generated_conversions\": {\"thumb\": true, \"p11-thumb\": true}}','[]',691,'2020-01-15 15:01:26','2020-01-15 15:01:28'),(796,'App\\Models\\Attachment',671,'diploma_files','College Certificate 1','College-Certificate-1.jpg','image/jpeg','public',1330415,'[]','{\"generated_conversions\": {\"thumb\": true, \"p11-thumb\": true}}','[]',692,'2020-01-15 15:01:42','2020-01-15 15:01:44'),(797,'App\\Models\\Attachment',672,'diploma_files','College Certificate 1','College-Certificate-1.jpg','image/jpeg','public',1330415,'[]','{\"generated_conversions\": {\"thumb\": true, \"p11-thumb\": true}}','[]',693,'2020-01-15 15:02:10','2020-01-15 15:02:13'),(798,'App\\Models\\Attachment',673,'diploma_files','College Certificate 1','College-Certificate-1.jpg','image/jpeg','public',1330415,'[]','{\"generated_conversions\": {\"thumb\": true, \"p11-thumb\": true}}','[]',694,'2020-01-15 15:02:19','2020-01-15 15:02:21'),(799,'App\\Models\\Attachment',674,'diploma_files','College Certificate 1','College-Certificate-1.jpg','image/jpeg','public',1330415,'[]','{\"generated_conversions\": {\"thumb\": true, \"p11-thumb\": true}}','[]',695,'2020-01-15 15:02:32','2020-01-15 15:02:35'),(800,'App\\Models\\Attachment',675,'diploma_files','College Certificate 1','College-Certificate-1.jpg','image/jpeg','public',1330415,'[]','{\"generated_conversions\": {\"thumb\": true, \"p11-thumb\": true}}','[]',696,'2020-01-15 15:03:13','2020-01-15 15:03:16'),(801,'App\\Models\\Attachment',676,'diploma_files','College Certificate 1','College-Certificate-1.jpg','image/jpeg','public',1330415,'[]','{\"generated_conversions\": {\"thumb\": true, \"p11-thumb\": true}}','[]',697,'2020-01-15 15:03:49','2020-01-15 15:03:51'),(802,'App\\Models\\Attachment',677,'diploma_files','College Certificate 1','College-Certificate-1.jpg','image/jpeg','public',1330415,'[]','{\"generated_conversions\": {\"thumb\": true, \"p11-thumb\": true}}','[]',698,'2020-01-15 15:04:18','2020-01-15 15:04:21'),(803,'App\\Models\\Attachment',678,'diploma_files','College Certificate 1','College-Certificate-1.jpg','image/jpeg','public',1330415,'[]','{\"generated_conversions\": {\"thumb\": true, \"p11-thumb\": true}}','[]',699,'2020-01-15 15:04:32','2020-01-15 15:04:34'),(804,'App\\Models\\Attachment',679,'diploma_files','College Certificate 1','College-Certificate-1.jpg','image/jpeg','public',1330415,'[]','{\"generated_conversions\": {\"thumb\": true, \"p11-thumb\": true}}','[]',700,'2020-01-15 15:05:10','2020-01-15 15:05:12'),(805,'App\\Models\\Attachment',680,'diploma_files','College Certificate 1','College-Certificate-1.jpg','image/jpeg','public',1330415,'[]','{\"generated_conversions\": {\"thumb\": true, \"p11-thumb\": true}}','[]',701,'2020-01-15 15:05:55','2020-01-15 15:05:57'),(806,'App\\Models\\Attachment',681,'diploma_files','College Certificate 1','College-Certificate-1.jpg','image/jpeg','public',1330415,'[]','{\"generated_conversions\": {\"thumb\": true, \"p11-thumb\": true}}','[]',702,'2020-01-15 15:06:06','2020-01-15 15:06:09'),(807,'App\\Models\\Attachment',682,'diploma_files','College Certificate 1','College-Certificate-1.jpg','image/jpeg','public',1330415,'[]','{\"generated_conversions\": {\"thumb\": true, \"p11-thumb\": true}}','[]',703,'2020-01-15 15:06:06','2020-01-15 15:06:10'),(808,'App\\Models\\Attachment',683,'diploma_files','College Certificate 1','College-Certificate-1.jpg','image/jpeg','public',1330415,'[]','{\"generated_conversions\": {\"thumb\": true, \"p11-thumb\": true}}','[]',704,'2020-01-15 15:06:09','2020-01-15 15:06:12'),(809,'App\\Models\\Attachment',684,'diploma_files','College Certificate 1','College-Certificate-1.jpg','image/jpeg','public',1330415,'[]','{\"generated_conversions\": {\"thumb\": true, \"p11-thumb\": true}}','[]',705,'2020-01-15 15:07:23','2020-01-15 15:07:25'),(810,'App\\Models\\Attachment',685,'diploma_files','College Certificate 1','College-Certificate-1.jpg','image/jpeg','public',1330415,'[]','{\"generated_conversions\": {\"thumb\": true, \"p11-thumb\": true}}','[]',706,'2020-01-15 15:07:26','2020-01-15 15:07:29'),(811,'App\\Models\\Attachment',686,'diploma_files','College Certificate 1','College-Certificate-1.jpg','image/jpeg','public',1330415,'[]','{\"generated_conversions\": {\"thumb\": true, \"p11-thumb\": true}}','[]',707,'2020-01-15 15:07:38','2020-01-15 15:07:41'),(812,'App\\Models\\Attachment',687,'diploma_files','College Certificate 1','College-Certificate-1.jpg','image/jpeg','public',1330415,'[]','{\"generated_conversions\": {\"thumb\": true, \"p11-thumb\": true}}','[]',708,'2020-01-15 15:08:02','2020-01-15 15:08:05'),(813,'App\\Models\\Attachment',688,'diploma_files','College Certificate 1','College-Certificate-1.jpg','image/jpeg','public',1330415,'[]','{\"generated_conversions\": {\"thumb\": true, \"p11-thumb\": true}}','[]',709,'2020-01-15 15:08:27','2020-01-15 15:08:29'),(814,'App\\Models\\Attachment',689,'diploma_files','College Certificate 1','College-Certificate-1.jpg','image/jpeg','public',1330415,'[]','{\"generated_conversions\": {\"thumb\": true, \"p11-thumb\": true}}','[]',710,'2020-01-15 15:09:27','2020-01-15 15:09:30'),(815,'App\\Models\\Attachment',690,'diploma_files','College Certificate 1','College-Certificate-1.jpg','image/jpeg','public',1330415,'[]','{\"generated_conversions\": {\"thumb\": true, \"p11-thumb\": true}}','[]',711,'2020-01-15 15:09:39','2020-01-15 15:09:42'),(816,'App\\Models\\Attachment',691,'diploma_files','College Certificate 1','College-Certificate-1.jpg','image/jpeg','public',1330415,'[]','{\"generated_conversions\": {\"thumb\": true, \"p11-thumb\": true}}','[]',712,'2020-01-15 15:09:48','2020-01-15 15:09:51'),(817,'App\\Models\\Attachment',692,'diploma_files','College Certificate 1','College-Certificate-1.jpg','image/jpeg','public',1330415,'[]','{\"generated_conversions\": {\"thumb\": true, \"p11-thumb\": true}}','[]',713,'2020-01-15 15:10:22','2020-01-15 15:10:25'),(818,'App\\Models\\Attachment',693,'diploma_files','College Certificate 1','College-Certificate-1.jpg','image/jpeg','public',1330415,'[]','{\"generated_conversions\": {\"thumb\": true, \"p11-thumb\": true}}','[]',714,'2020-01-15 15:10:31','2020-01-15 15:10:34'),(819,'App\\Models\\Attachment',694,'diploma_files','College Certificate 1','College-Certificate-1.jpg','image/jpeg','public',1330415,'[]','{\"generated_conversions\": {\"thumb\": true, \"p11-thumb\": true}}','[]',715,'2020-01-15 15:10:35','2020-01-15 15:10:38'),(820,'App\\Models\\Attachment',695,'diploma_files','College Certificate 1','College-Certificate-1.jpg','image/jpeg','public',1330415,'[]','{\"generated_conversions\": {\"thumb\": true, \"p11-thumb\": true}}','[]',716,'2020-01-15 15:11:45','2020-01-15 15:11:48'),(821,'App\\Models\\Attachment',696,'diploma_files','College Certificate 1','College-Certificate-1.jpg','image/jpeg','public',1330415,'[]','{\"generated_conversions\": {\"thumb\": true, \"p11-thumb\": true}}','[]',717,'2020-01-15 15:12:27','2020-01-15 15:12:30'),(822,'App\\Models\\Attachment',697,'diploma_files','College Certificate 1','College-Certificate-1.jpg','image/jpeg','public',1330415,'[]','{\"generated_conversions\": {\"thumb\": true, \"p11-thumb\": true}}','[]',718,'2020-01-15 15:12:31','2020-01-15 15:12:35'),(823,'App\\Models\\Attachment',698,'diploma_files','College Certificate 1','College-Certificate-1.jpg','image/jpeg','public',1330415,'[]','{\"generated_conversions\": {\"thumb\": true, \"p11-thumb\": true}}','[]',719,'2020-01-15 15:12:32','2020-01-15 15:12:35'),(824,'App\\Models\\Attachment',699,'diploma_files','College Certificate 1','College-Certificate-1.jpg','image/jpeg','public',1330415,'[]','{\"generated_conversions\": {\"thumb\": true, \"p11-thumb\": true}}','[]',720,'2020-01-15 15:12:35','2020-01-15 15:12:38'),(825,'App\\Models\\Attachment',700,'diploma_files','College Certificate 1','College-Certificate-1.jpg','image/jpeg','public',1330415,'[]','{\"generated_conversions\": {\"thumb\": true, \"p11-thumb\": true}}','[]',721,'2020-01-15 15:12:45','2020-01-15 15:12:48'),(826,'App\\Models\\Attachment',701,'diploma_files','College Certificate 1','College-Certificate-1.jpg','image/jpeg','public',1330415,'[]','{\"generated_conversions\": {\"thumb\": true, \"p11-thumb\": true}}','[]',722,'2020-01-15 15:12:53','2020-01-15 15:12:56'),(827,'App\\Models\\Attachment',702,'diploma_files','College Certificate 1','College-Certificate-1.jpg','image/jpeg','public',1330415,'[]','{\"generated_conversions\": {\"thumb\": true, \"p11-thumb\": true}}','[]',723,'2020-01-15 15:13:21','2020-01-15 15:13:23'),(828,'App\\Models\\Attachment',703,'diploma_files','College Certificate 1','College-Certificate-1.jpg','image/jpeg','public',1330415,'[]','{\"generated_conversions\": {\"thumb\": true, \"p11-thumb\": true}}','[]',724,'2020-01-15 15:15:32','2020-01-15 15:15:35'),(829,'App\\Models\\Attachment',704,'diploma_files','College Certificate ','College-Certificate-.jpg','image/jpeg','public',172868,'[]','{\"generated_conversions\": {\"thumb\": true, \"p11-thumb\": true}}','[]',725,'2020-01-15 15:18:31','2020-01-15 15:18:32'),(830,'App\\Models\\Attachment',705,'diploma_files','College Certificate ','College-Certificate-.jpg','image/jpeg','public',172868,'[]','{\"generated_conversions\": {\"thumb\": true, \"p11-thumb\": true}}','[]',726,'2020-01-15 15:18:32','2020-01-15 15:18:32'),(831,'App\\Models\\Attachment',706,'diploma_files','College Certificate ','College-Certificate-.jpg','image/jpeg','public',172868,'[]','{\"generated_conversions\": {\"thumb\": true, \"p11-thumb\": true}}','[]',727,'2020-01-15 15:18:32','2020-01-15 15:18:33'),(832,'App\\Models\\Attachment',707,'diploma_files','College Certificate ','College-Certificate-.jpg','image/jpeg','public',172868,'[]','{\"generated_conversions\": {\"thumb\": true, \"p11-thumb\": true}}','[]',728,'2020-01-15 15:18:34','2020-01-15 15:18:34'),(833,'App\\Models\\Attachment',708,'diploma_files','College Certificate ','College-Certificate-.jpg','image/jpeg','public',172868,'[]','{\"generated_conversions\": {\"thumb\": true, \"p11-thumb\": true}}','[]',729,'2020-01-15 15:18:34','2020-01-15 15:18:35'),(836,'App\\Models\\Attachment',711,'diploma_files','College Certificate ','College-Certificate-.jpg','image/jpeg','public',172868,'[]','{\"generated_conversions\": {\"thumb\": true, \"p11-thumb\": true}}','[]',732,'2020-01-15 15:18:51','2020-01-15 15:18:52'),(837,'App\\Models\\Attachment',712,'diploma_files','College Certificate ','College-Certificate-.jpg','image/jpeg','public',172868,'[]','{\"generated_conversions\": {\"thumb\": true, \"p11-thumb\": true}}','[]',733,'2020-01-15 15:18:56','2020-01-15 15:18:56'),(839,'App\\Models\\Attachment',714,'diploma_files','College Certificate ','College-Certificate-.jpg','image/jpeg','public',172868,'[]','{\"generated_conversions\": {\"thumb\": true, \"p11-thumb\": true}}','[]',735,'2020-01-15 15:19:01','2020-01-15 15:19:01'),(840,'App\\Models\\Attachment',715,'diploma_files','College Certificate ','College-Certificate-.jpg','image/jpeg','public',172868,'[]','{\"generated_conversions\": {\"thumb\": true, \"p11-thumb\": true}}','[]',736,'2020-01-15 15:19:04','2020-01-15 15:19:04'),(841,'App\\Models\\Attachment',716,'diploma_files','College Certificate ','College-Certificate-.jpg','image/jpeg','public',172868,'[]','{\"generated_conversions\": {\"thumb\": true, \"p11-thumb\": true}}','[]',737,'2020-01-15 15:19:06','2020-01-15 15:19:06'),(842,'App\\Models\\Attachment',717,'diploma_files','College Certificate ','College-Certificate-.jpg','image/jpeg','public',172868,'[]','{\"generated_conversions\": {\"thumb\": true, \"p11-thumb\": true}}','[]',738,'2020-01-15 15:19:07','2020-01-15 15:19:08'),(843,'App\\Models\\Attachment',718,'diploma_files','College Certificate ','College-Certificate-.jpg','image/jpeg','public',172868,'[]','{\"generated_conversions\": {\"thumb\": true, \"p11-thumb\": true}}','[]',739,'2020-01-15 15:19:09','2020-01-15 15:19:09'),(844,'App\\Models\\Attachment',719,'diploma_files','College Certificate ','College-Certificate-.jpg','image/jpeg','public',172868,'[]','{\"generated_conversions\": {\"thumb\": true, \"p11-thumb\": true}}','[]',740,'2020-01-15 15:19:17','2020-01-15 15:19:17'),(845,'App\\Models\\Attachment',720,'diploma_files','College Certificate ','College-Certificate-.jpg','image/jpeg','public',172868,'[]','{\"generated_conversions\": {\"thumb\": true, \"p11-thumb\": true}}','[]',741,'2020-01-15 15:19:17','2020-01-15 15:19:18'),(846,'App\\Models\\Attachment',721,'diploma_files','College Certificate ','College-Certificate-.jpg','image/jpeg','public',172868,'[]','{\"generated_conversions\": {\"thumb\": true, \"p11-thumb\": true}}','[]',742,'2020-01-15 15:19:21','2020-01-15 15:19:22'),(847,'App\\Models\\Attachment',722,'diploma_files','College Certificate ','College-Certificate-.jpg','image/jpeg','public',172868,'[]','{\"generated_conversions\": {\"thumb\": true, \"p11-thumb\": true}}','[]',743,'2020-01-15 15:19:22','2020-01-15 15:19:22'),(848,'App\\Models\\Attachment',723,'diploma_files','College Certificate ','College-Certificate-.jpg','image/jpeg','public',172868,'[]','{\"generated_conversions\": {\"thumb\": true, \"p11-thumb\": true}}','[]',744,'2020-01-15 15:19:23','2020-01-15 15:19:24'),(849,'App\\Models\\Attachment',724,'diploma_files','College Certificate ','College-Certificate-.jpg','image/jpeg','public',172868,'[]','{\"generated_conversions\": {\"thumb\": true, \"p11-thumb\": true}}','[]',745,'2020-01-15 15:19:23','2020-01-15 15:19:24'),(850,'App\\Models\\Attachment',725,'diploma_files','College Certificate ','College-Certificate-.jpg','image/jpeg','public',172868,'[]','{\"generated_conversions\": {\"thumb\": true, \"p11-thumb\": true}}','[]',746,'2020-01-15 15:19:27','2020-01-15 15:19:27'),(851,'App\\Models\\Attachment',726,'diploma_files','College Certificate ','College-Certificate-.jpg','image/jpeg','public',172868,'[]','{\"generated_conversions\": {\"thumb\": true, \"p11-thumb\": true}}','[]',747,'2020-01-15 15:19:28','2020-01-15 15:19:28'),(852,'App\\Models\\Attachment',727,'diploma_files','College Certificate ','College-Certificate-.jpg','image/jpeg','public',172868,'[]','{\"generated_conversions\": {\"thumb\": true, \"p11-thumb\": true}}','[]',748,'2020-01-15 15:19:32','2020-01-15 15:19:32'),(853,'App\\Models\\Attachment',728,'diploma_files','ToR-10-asdf-Afghanistan (1)','ToR-10-asdf-Afghanistan-(1).pdf','application/pdf','public',40684,'[]','[]','[]',749,'2020-01-15 20:42:03','2020-01-15 20:42:03'),(854,'App\\Models\\Attachment',729,'cv_files','Tareq Abukhadijeh_CV9','Tareq-Abukhadijeh_CV9.pdf','application/pdf','public',305542,'[]','[]','[]',750,'2020-01-16 00:48:44','2020-01-16 00:48:44'),(857,'App\\Models\\Attachment',730,'signature_files','signature','signature.png','image/png','public',7099,'[]','{\"generated_conversions\": {\"thumb\": true, \"p11-thumb\": true}}','[]',752,'2020-01-16 03:33:11','2020-01-16 03:33:11'),(868,'App\\Models\\Attachment',731,'cv_files','DUA\'A MOHAMMED ABDO KAID -CV','DUA\'A-MOHAMMED-ABDO-KAID--CV.pdf','application/pdf','public',272368,'[]','[]','[]',754,'2020-01-16 03:44:12','2020-01-16 03:44:12'),(875,'App\\Models\\Attachment',738,'publication_files','Bashar Aziz-Curriculum Vita - v4','Bashar-Aziz-Curriculum-Vita---v4.pdf','application/pdf','public',101392,'[]','[]','[]',761,'2020-01-16 05:11:31','2020-01-16 05:11:31'),(878,'App\\Models\\Attachment',740,'cv_files','Muhammed Ali Alashger Siddiq CV','Muhammed-Ali-Alashger-Siddiq-CV.pdf','application/pdf','public',200877,'[]','[]','[]',764,'2020-01-16 06:20:52','2020-01-16 06:20:52'),(879,'App\\Models\\Attachment',741,'cv_files','Hunar_Saleem_CV_Present_2020','Hunar_Saleem_CV_Present_2020.pdf','application/pdf','public',502295,'[]','[]','[]',765,'2020-01-16 06:21:04','2020-01-16 06:21:04'),(881,'App\\Models\\Attachment',742,'signature_files','IMG_1113','IMG_1113.JPG','image/jpeg','public',296837,'[]','{\"generated_conversions\": {\"thumb\": true, \"p11-thumb\": true}}','[]',767,'2020-01-16 06:28:38','2020-01-16 06:28:38'),(884,'App\\Models\\Attachment',744,'signature_files','Signature3','Signature3.jpg','image/jpeg','public',13810,'[]','{\"generated_conversions\": {\"thumb\": true, \"p11-thumb\": true}}','[]',770,'2020-01-16 06:36:08','2020-01-16 06:36:08'),(885,'App\\Models\\Attachment',745,'cv_files','Huner Khayyat CV_2019','Huner-Khayyat-CV_2019.pdf','application/pdf','public',841440,'[]','[]','[]',771,'2020-01-16 11:26:29','2020-01-16 11:26:29'),(886,'App\\Models\\Attachment',746,'signature_files','Signature 1','Signature-1.jpg','image/jpeg','public',43608,'[]','{\"generated_conversions\": {\"thumb\": true, \"p11-thumb\": true}}','[]',772,'2020-01-16 11:27:50','2020-01-16 11:27:50'),(889,'App\\Models\\Attachment',748,'cv_files','1 Resume Carlos Vicente Ramirez E012020','1-Resume-Carlos-Vicente-Ramirez-E012020.pdf','application/pdf','public',143908,'[]','[]','[]',775,'2020-01-16 14:10:05','2020-01-16 14:10:05'),(891,'App\\Models\\Attachment',749,'signature_files','firma CVRG','firma-CVRG.JPG','image/jpeg','public',14619,'[]','{\"generated_conversions\": {\"thumb\": true, \"p11-thumb\": true}}','[]',777,'2020-01-16 14:17:35','2020-01-16 14:17:36'),(892,'App\\Models\\Attachment',750,'cv_files','cv','cv.pdf','application/pdf','public',42373,'[]','[]','[]',778,'2020-01-16 19:19:25','2020-01-16 19:19:25'),(895,'App\\Models\\Attachment',753,'portfolios','Health Emergency Support_Ebola and Lassa Fever','Health-Emergency-Support_Ebola-and-Lassa-Fever.pdf','application/pdf','public',786719,'[]','[]','[]',781,'2020-01-17 01:47:29','2020-01-17 01:47:29'),(899,'App\\Models\\Attachment',757,'cv_files','Kazeem kayode Owolabi','Kazeem-kayode-Owolabi.pdf','application/pdf','public',215920,'[]','[]','[]',785,'2020-01-17 03:12:01','2020-01-17 03:12:01'),(900,'App\\Models\\Attachment',758,'signature_files','kazeem\'s signature','kazeem\'s-signature.jpg','image/jpeg','public',186511,'[]','{\"generated_conversions\": {\"thumb\": true, \"p11-thumb\": true}}','[]',786,'2020-01-17 03:25:36','2020-01-17 03:25:36'),(906,'App\\Models\\Attachment',762,'cv_files','Abdulrahman Sufian_CV','Abdulrahman-Sufian_CV.pdf','application/pdf','public',186169,'[]','[]','[]',789,'2020-01-17 11:42:01','2020-01-17 11:42:01'),(908,'App\\Models\\Attachment',763,'signature_files','Signature2','Signature2.jpg','image/png','public',5802,'[]','{\"generated_conversions\": {\"thumb\": true, \"p11-thumb\": true}}','[]',791,'2020-01-18 08:39:30','2020-01-18 08:39:30'),(910,'App\\Models\\Attachment',764,'cv_files','Hawa Alkebsi\'s Resume - 2018','Hawa-Alkebsi\'s-Resume---2018.pdf','application/pdf','public',203815,'[]','[]','[]',793,'2020-01-18 12:01:58','2020-01-18 12:01:58'),(911,'App\\Models\\Attachment',765,'signature_files','IMAG0104_1','IMAG0104_1.jpg','image/jpeg','public',88550,'[]','{\"generated_conversions\": {\"thumb\": true, \"p11-thumb\": true}}','[]',794,'2020-01-18 12:23:37','2020-01-18 12:23:37'),(913,'App\\Models\\Attachment',766,'cv_files','vian hasso1','vian-hasso1.pdf','application/pdf','public',127216,'[]','[]','[]',796,'2020-01-19 01:30:44','2020-01-19 01:30:44'),(916,'App\\Models\\Attachment',768,'cv_files','Eric Agoglia CV - JUN 2019','Eric-Agoglia-CV---JUN-2019.pdf','application/pdf','public',144377,'[]','[]','[]',799,'2020-01-19 05:04:35','2020-01-19 05:04:35'),(918,'App\\Models\\Attachment',769,'cv_files','Bassam Ahmed Mohammed Aklan resume','Bassam-Ahmed-Mohammed-Aklan-resume.pdf','application/pdf','public',492267,'[]','[]','[]',801,'2020-01-20 00:27:00','2020-01-20 00:27:00'),(922,'App\\Models\\Attachment',773,'diploma_files','MSc degree in Geography information system and RS ','MSc-degree-in-Geography-information-system-and-RS-.jpg','image/jpeg','public',617074,'[]','{\"generated_conversions\": {\"thumb\": true, \"p11-thumb\": true}}','[]',803,'2020-01-20 01:59:50','2020-01-20 01:59:51'),(928,'App\\Models\\Attachment',779,'cv_files','Sirwan_CV','Sirwan_CV.pdf','application/pdf','public',104656,'[]','[]','[]',805,'2020-01-20 02:22:04','2020-01-20 02:22:04'),(935,'App\\Models\\Attachment',785,'publication_files','IQEN vol 15 2010 num 19','IQEN-vol-15-2010-num-19.pdf','application/pdf','public',887740,'[]','[]','[]',812,'2020-01-20 10:03:40','2020-01-20 10:03:40'),(936,'App\\Models\\Attachment',786,'cv_files','CV-Michel_Dikkes','CV-Michel_Dikkes.pdf','application/pdf','public',239353,'[]','[]','[]',813,'2020-01-20 13:09:29','2020-01-20 13:09:29'),(937,'App\\Models\\Attachment',787,'cv_files','CV_MariaJosePinzon','CV_MariaJosePinzon.pdf','application/pdf','public',130098,'[]','[]','[]',814,'2020-01-20 13:15:55','2020-01-20 13:15:55'),(940,'App\\Models\\Attachment',790,'cv_files','200121 Hamza Geshouqa CV','200121-Hamza-Geshouqa-CV.pdf','application/pdf','public',135237,'[]','[]','[]',817,'2020-01-21 06:18:08','2020-01-21 06:18:08'),(941,'App\\Models\\Attachment',791,'cv_files','CV 2019 Actualizada 11-2019','CV-2019-Actualizada-11-2019.pdf','application/pdf','public',187733,'[]','[]','[]',818,'2020-01-21 08:08:13','2020-01-21 08:08:13'),(942,'App\\Models\\Attachment',792,'cv_files','271219CV Diana Moreno','271219CV-Diana-Moreno.pdf','application/pdf','public',137038,'[]','[]','[]',819,'2020-01-21 18:22:33','2020-01-21 18:22:33'),(946,'App\\Models\\Attachment',795,'cv_files','Omar CV','Omar-CV.pdf','application/pdf','public',722026,'[]','[]','[]',822,'2020-01-22 05:57:41','2020-01-22 05:57:41'),(949,'App\\Models\\Attachment',796,'cv_files','Zainab-Zanganas-CV','Zainab-Zanganas-CV.pdf','application/pdf','public',113438,'[]','[]','[]',824,'2020-01-22 06:20:35','2020-01-22 06:20:35'),(956,'App\\Models\\Attachment',803,'diploma_files','MSc Certificate','MSc-Certificate.pdf','application/pdf','public',625714,'[]','[]','[]',831,'2020-01-22 08:57:13','2020-01-22 08:57:13'),(957,'App\\Models\\Attachment',804,'diploma_files','BA Certificate','BA-Certificate.pdf','application/pdf','public',707907,'[]','[]','[]',832,'2020-01-22 09:00:38','2020-01-22 09:00:38'),(958,'App\\Models\\Attachment',805,'diploma_files','BA Certificate','BA-Certificate.pdf','application/pdf','public',707907,'[]','[]','[]',833,'2020-01-22 09:00:44','2020-01-22 09:00:44'),(960,'App\\Models\\Attachment',807,'diploma_files','BA Certificate','BA-Certificate.pdf','application/pdf','public',707907,'[]','[]','[]',835,'2020-01-22 09:03:00','2020-01-22 09:03:00'),(962,'App\\Models\\Attachment',809,'certificate_files','GeoTraining','GeoTraining.pdf','application/pdf','public',451968,'[]','[]','[]',837,'2020-01-22 09:11:21','2020-01-22 09:11:21'),(963,'App\\Models\\Attachment',810,'certificate_files','GeoTraining','GeoTraining.pdf','application/pdf','public',451968,'[]','[]','[]',838,'2020-01-22 09:11:22','2020-01-22 09:11:22'),(965,'App\\Models\\Attachment',812,'certificate_files','Bauhaus','Bauhaus.pdf','application/pdf','public',1277970,'[]','[]','[]',840,'2020-01-22 09:14:59','2020-01-22 09:14:59'),(966,'App\\Models\\Attachment',813,'certificate_files','Bauhaus','Bauhaus.pdf','application/pdf','public',1277970,'[]','[]','[]',841,'2020-01-22 09:15:10','2020-01-22 09:15:10'),(967,'App\\Models\\Attachment',814,'certificate_files','Bauhaus','Bauhaus.pdf','application/pdf','public',1277970,'[]','[]','[]',842,'2020-01-22 09:15:19','2020-01-22 09:15:19'),(968,'App\\Models\\Attachment',815,'cv_files','Fanar NABATY_CV','Fanar-NABATY_CV.pdf','application/pdf','public',143976,'[]','[]','[]',843,'2020-01-22 13:11:34','2020-01-22 13:11:34'),(970,'App\\Models\\Attachment',816,'cv_files','cv-sanabani-iMMAP','cv-sanabani-iMMAP.pdf','application/pdf','public',171480,'[]','[]','[]',845,'2020-01-23 03:52:54','2020-01-23 03:52:54'),(975,'App\\Models\\Attachment',820,'cv_files','Maria del Pilar Avila Millan HV','Maria-del-Pilar-Avila-Millan-HV.pdf','application/pdf','public',459204,'[]','[]','[]',850,'2020-01-23 21:03:53','2020-01-23 21:03:53'),(976,'App\\Models\\Attachment',821,'cv_files','Sheinkman_CV_2019','Sheinkman_CV_2019.pdf','application/pdf','public',32218,'[]','[]','[]',851,'2020-01-24 04:56:02','2020-01-24 04:56:02'),(978,'App\\Models\\Attachment',822,'signature_files','Sheinkman_signature','Sheinkman_signature.jpg','image/jpeg','public',49680,'[]','{\"generated_conversions\": {\"thumb\": true, \"p11-thumb\": true}}','[]',853,'2020-01-24 04:57:19','2020-01-24 04:57:19'),(979,'App\\Models\\Attachment',823,'publication_files','climate-06-00058','climate-06-00058.pdf','application/pdf','public',1815642,'[]','[]','[]',854,'2020-01-24 07:07:35','2020-01-24 07:07:35'),(980,'App\\Models\\Attachment',824,'publication_files','GIS BASED (pdf.io) (1)','GIS-BASED-(pdf.io)-(1).pdf','application/pdf','public',2068309,'[]','[]','[]',855,'2020-01-24 07:16:30','2020-01-24 07:16:30'),(981,'App\\Models\\Attachment',825,'publication_files','GIS BASED (pdf.io) (1)','GIS-BASED-(pdf.io)-(1).pdf','application/pdf','public',2068309,'[]','[]','[]',856,'2020-01-24 07:16:47','2020-01-24 07:16:47'),(982,'App\\Models\\Attachment',826,'cv_files','Nahimi_CV','Nahimi_CV.pdf','application/pdf','public',190996,'[]','[]','[]',857,'2020-01-24 08:19:49','2020-01-24 08:19:49'),(983,'App\\Models\\Attachment',827,'signature_files','NAHIMI SIGNATURE','NAHIMI-SIGNATURE.jpg','image/jpeg','public',36262,'[]','{\"generated_conversions\": {\"thumb\": true, \"p11-thumb\": true}}','[]',858,'2020-01-24 08:25:46','2020-01-24 08:25:47'),(994,'App\\Models\\Attachment',836,'cv_files','friba cv update','friba-cv-update.pdf','application/pdf','public',356882,'[]','[]','[]',868,'2020-01-26 02:00:27','2020-01-26 02:00:27'),(998,'App\\Models\\Attachment',838,'cv_files','Nour Lazar CV','Nour-Lazar-CV.pdf','application/pdf','public',961623,'[]','[]','[]',872,'2020-01-26 06:35:06','2020-01-26 06:35:06'),(999,'App\\Models\\Attachment',839,'cv_files','CV_Belay','CV_Belay.pdf','application/pdf','public',164682,'[]','[]','[]',873,'2020-01-26 06:58:17','2020-01-26 06:58:17'),(1002,'App\\Models\\Attachment',841,'cv_files','DipoCorrectResume2019','DipoCorrectResume2019.pdf','application/pdf','public',169292,'[]','[]','[]',876,'2020-01-26 14:22:34','2020-01-26 14:22:34'),(1004,'App\\Models\\Attachment',842,'signature_files','ev','ev.jpg','image/jpeg','public',3697,'[]','{\"generated_conversions\": {\"thumb\": true, \"p11-thumb\": true}}','[]',878,'2020-01-26 14:29:13','2020-01-26 14:29:13'),(1007,'App\\Models\\Attachment',845,'cv_files','Curruculum Vitae_JEROME_SUNDAY_OYETORO_17-01-2020','Curruculum-Vitae_JEROME_SUNDAY_OYETORO_17-01-2020.pdf','application/pdf','public',181480,'[]','[]','[]',881,'2020-01-26 16:07:57','2020-01-26 16:07:57'),(1009,'App\\Models\\Attachment',846,'signature_files','Jerome Oyetoro_Signature','Jerome-Oyetoro_Signature.PNG','image/png','public',7565,'[]','{\"generated_conversions\": {\"thumb\": true, \"p11-thumb\": true}}','[]',883,'2020-01-26 16:23:15','2020-01-26 16:23:15'),(1011,'App\\Models\\Attachment',848,'signature_files','Jerome Oyetoro_Signature','Jerome-Oyetoro_Signature.PNG','image/png','public',7565,'[]','{\"generated_conversions\": {\"thumb\": true, \"p11-thumb\": true}}','[]',884,'2020-01-26 16:23:20','2020-01-26 16:23:20'),(1012,'App\\Models\\Attachment',849,'cv_files','20200126 CV Xitong Zhang','20200126-CV-Xitong-Zhang.pdf','application/pdf','public',64513,'[]','[]','[]',885,'2020-01-26 17:20:39','2020-01-26 17:20:39'),(1013,'App\\Models\\Attachment',850,'signature_files','Signature_Xitong_Zhang','Signature_Xitong_Zhang.png','image/png','public',16237,'[]','{\"generated_conversions\": {\"thumb\": true, \"p11-thumb\": true}}','[]',886,'2020-01-26 17:20:49','2020-01-26 17:20:49'),(1018,'App\\Models\\Attachment',853,'cv_files','CV','CV.pdf','application/pdf','public',602721,'[]','[]','[]',890,'2020-01-27 02:27:05','2020-01-27 02:27:05'),(1023,'App\\Models\\Attachment',858,'cv_files','Saleem_Darbaz Mohammed_CV','Saleem_Darbaz-Mohammed_CV.pdf','application/pdf','public',196074,'[]','[]','[]',895,'2020-01-27 02:45:42','2020-01-27 02:45:42'),(1026,'App\\Models\\Attachment',861,'certificate_files','IMSMA Admin','IMSMA-Admin.pdf','application/pdf','public',311317,'[]','[]','[]',898,'2020-01-27 02:48:54','2020-01-27 02:48:54'),(1027,'App\\Models\\Attachment',862,'certificate_files','Monitering and Evaluation','Monitering-and-Evaluation.pdf','application/pdf','public',291044,'[]','[]','[]',899,'2020-01-27 02:50:46','2020-01-27 02:50:46'),(1029,'App\\Models\\Attachment',864,'cv_files','CV_TK','CV_TK.pdf','application/pdf','public',27092,'[]','[]','[]',901,'2020-01-27 02:53:44','2020-01-27 02:53:44'),(1031,'App\\Models\\Attachment',866,'cv_files','Shanaz Abdullah V2 cv.','Shanaz-Abdullah-V2-cv..pdf','application/pdf','public',859848,'[]','[]','[]',902,'2020-01-27 02:53:48','2020-01-27 02:53:48'),(1032,'App\\Models\\Attachment',867,'signature_files','signeture(3)','signeture(3).jpg','image/jpeg','public',26015,'[]','{\"generated_conversions\": {\"thumb\": true, \"p11-thumb\": true}}','[]',903,'2020-01-27 02:54:02','2020-01-27 02:54:02'),(1034,'App\\Models\\Attachment',868,'cv_files','Ashna_Zada_CV )','Ashna_Zada_CV-).pdf','application/pdf','public',112032,'[]','[]','[]',905,'2020-01-27 02:55:17','2020-01-27 02:55:17'),(1036,'App\\Models\\Attachment',869,'signature_files','sign','sign.jpeg','image/jpeg','public',1616852,'[]','{\"generated_conversions\": {\"thumb\": true, \"p11-thumb\": true}}','[]',907,'2020-01-27 02:59:23','2020-01-27 02:59:25'),(1038,'App\\Models\\Attachment',871,'signature_files','My Signature','My-Signature.png','image/png','public',66410,'[]','{\"generated_conversions\": {\"thumb\": true, \"p11-thumb\": true}}','[]',909,'2020-01-27 03:09:23','2020-01-27 03:09:24'),(1043,'App\\Models\\Attachment',875,'cv_files','Ali Sameer cv PDF','Ali-Sameer-cv-PDF.pdf','application/pdf','public',447197,'[]','[]','[]',911,'2020-01-27 03:11:59','2020-01-27 03:11:59'),(1046,'App\\Models\\Attachment',877,'signature_files','signture','signture.PNG','image/png','public',25885,'[]','{\"generated_conversions\": {\"thumb\": true, \"p11-thumb\": true}}','[]',914,'2020-01-27 03:12:29','2020-01-27 03:12:29'),(1047,'App\\Models\\Attachment',878,'cv_files','sayed sami sadat cv1','sayed-sami-sadat-cv1.pdf','application/pdf','public',229749,'[]','[]','[]',915,'2020-01-27 03:13:59','2020-01-27 03:13:59'),(1049,'App\\Models\\Attachment',879,'signature_files','signture','signture.JPG','image/jpeg','public',9135,'[]','{\"generated_conversions\": {\"thumb\": true, \"p11-thumb\": true}}','[]',917,'2020-01-27 03:22:21','2020-01-27 03:22:21'),(1050,'App\\Models\\Attachment',880,'cv_files','Ghulam Haidar  Faizi CV ','Ghulam-Haidar--Faizi-CV-.pdf','application/pdf','public',232033,'[]','[]','[]',918,'2020-01-27 03:39:06','2020-01-27 03:39:06'),(1053,'App\\Models\\Attachment',883,'cv_files','cv of Karwan Ghazi Rifaat','cv-of-Karwan-Ghazi-Rifaat.pdf','application/pdf','public',185515,'[]','[]','[]',920,'2020-01-27 04:19:13','2020-01-27 04:19:13'),(1054,'App\\Models\\Attachment',884,'signature_files','signature','signature.JPEG','image/jpeg','public',106172,'[]','{\"generated_conversions\": {\"thumb\": true, \"p11-thumb\": true}}','[]',921,'2020-01-27 04:51:44','2020-01-27 04:51:45'),(1056,'App\\Models\\Attachment',885,'cv_files','Anfal Nadheer','Anfal-Nadheer.pdf','application/pdf','public',503069,'[]','[]','[]',923,'2020-01-27 05:25:30','2020-01-27 05:25:30'),(1057,'App\\Models\\Attachment',886,'cv_files','Vian Mohsen  _CV_Update','Vian-Mohsen--_CV_Update.pdf','application/pdf','public',1579169,'[]','[]','[]',924,'2020-01-27 06:12:51','2020-01-27 06:12:51'),(1058,'App\\Models\\Attachment',887,'cv_files','Ghadah Zeyad_CV','Ghadah-Zeyad_CV.pdf','application/pdf','public',248454,'[]','[]','[]',925,'2020-01-27 06:21:09','2020-01-27 06:21:09'),(1059,'App\\Models\\Attachment',888,'signature_files','Signature','Signature.png','image/png','public',13153,'[]','{\"generated_conversions\": {\"thumb\": true, \"p11-thumb\": true}}','[]',926,'2020-01-27 06:21:32','2020-01-27 06:21:32'),(1060,'App\\Models\\Attachment',889,'cv_files','Hashem-Al-Rifai','Hashem-Al-Rifai.pdf','application/pdf','public',408800,'[]','[]','[]',927,'2020-01-27 09:22:49','2020-01-27 09:22:49'),(1061,'App\\Models\\Attachment',890,'cv_files','Joseph Kipkorir Maritim_CV updated on 27 January 2020 final','Joseph-Kipkorir-Maritim_CV-updated-on-27-January-2020-final.pdf','application/pdf','public',239807,'[]','[]','[]',928,'2020-01-27 18:57:13','2020-01-27 18:57:13'),(1067,'App\\Models\\Attachment',894,'cv_files','CV-Waleed Mohammed Qader ','CV-Waleed-Mohammed-Qader-.pdf','application/pdf','public',124290,'[]','[]','[]',932,'2020-01-27 23:50:57','2020-01-27 23:50:57'),(1069,'App\\Models\\Attachment',896,'cv_files','644','644.pdf','application/pdf','public',279008,'[]','[]','[]',934,'2020-01-28 01:54:01','2020-01-28 01:54:01'),(1072,'App\\Models\\Attachment',898,'cv_files','MAMDOOH HAMEED Mahdi CV','MAMDOOH-HAMEED-Mahdi-CV.pdf','application/pdf','public',211431,'[]','[]','[]',937,'2020-01-28 04:39:36','2020-01-28 04:39:36'),(1073,'App\\Models\\Attachment',899,'cv_files','Zozk-CV','Zozk-CV.pdf','application/pdf','public',36047,'[]','[]','[]',938,'2020-01-28 04:56:39','2020-01-28 04:56:39'),(1074,'App\\Models\\Attachment',900,'signature_files','Zozk Signature','Zozk-Signature.png','image/png','public',48825,'[]','{\"generated_conversions\": {\"thumb\": true, \"p11-thumb\": true}}','[]',939,'2020-01-28 04:58:29','2020-01-28 04:58:29'),(1079,'App\\Models\\Attachment',901,'diploma_files','educer_20191106_231','educer_20191106_231.pdf','application/pdf','public',428552,'[]','[]','[]',942,'2020-02-03 07:29:03','2020-02-03 07:29:03'),(1084,'App\\Models\\Attachment',905,'diploma_files','B.A Degree ','B.A-Degree-.pdf','application/pdf','public',212343,'[]','[]','[]',945,'2020-02-03 10:37:18','2020-02-03 10:37:18'),(1086,'App\\Models\\Attachment',907,'diploma_files','MA.Degree','MA.Degree.pdf','application/pdf','public',138551,'[]','[]','[]',947,'2020-02-03 10:44:28','2020-02-03 10:44:28'),(1088,'App\\Models\\Attachment',909,'diploma_files','MA.Degree','MA.Degree.pdf','application/pdf','public',138551,'[]','[]','[]',949,'2020-02-03 10:48:29','2020-02-03 10:48:29'),(1090,'App\\Models\\Attachment',911,'signature_files','Signiture','Signiture.png','image/png','public',5110,'[]','{\"generated_conversions\": {\"thumb\": true, \"p11-thumb\": true}}','[]',951,'2020-02-03 13:29:50','2020-02-03 13:29:50'),(1098,'App\\Models\\Attachment',914,'diploma_files','Diplome et Attestation ok','Diplome-et-Attestation-ok.pdf','application/pdf','public',1930214,'[]','[]','[]',959,'2020-02-04 10:13:34','2020-02-04 10:13:34'),(1099,'App\\Models\\Attachment',915,'cv_files','NIlofar Sadat-Update 2020','NIlofar-Sadat-Update-2020.pdf','application/pdf','public',157673,'[]','[]','[]',960,'2020-02-05 02:23:03','2020-02-05 02:23:03'),(1101,'App\\Models\\Attachment',916,'file_datasetuser_1','IM-Test-Dataset-File-2','IM-Test-Dataset-File-2.pdf','application/pdf','public',9104,'[]','[]','[]',962,'2020-02-09 22:02:15','2020-02-09 22:02:15'),(1102,'App\\Models\\Attachment',917,'file_datasetuser_1','IM-Test-Dataset-File (1)','IM-Test-Dataset-File-(1).pdf','application/pdf','public',8938,'[]','[]','[]',963,'2020-02-09 22:02:36','2020-02-09 22:02:36'),(1103,'App\\Models\\Attachment',918,'file_datasetuser_2','IM-Test-Dataset-File-2','IM-Test-Dataset-File-2.pdf','application/pdf','public',9104,'[]','[]','[]',964,'2020-02-09 22:02:49','2020-02-09 22:02:49'),(1104,'App\\Models\\Attachment',919,'file_datasetuser_3','IM-Test-Dataset-File-2','IM-Test-Dataset-File-2.pdf','application/pdf','public',9104,'[]','[]','[]',965,'2020-02-09 22:02:58','2020-02-09 22:02:58'),(1116,'App\\Models\\Attachment',922,'diploma_files','Ama BSC','Ama-BSC.jpg','image/jpeg','public',1725322,'[]','{\"generated_conversions\": {\"thumb\": true, \"p11-thumb\": true}}','[]',971,'2020-02-11 03:37:16','2020-02-11 03:37:17'),(1117,'App\\Models\\Attachment',923,'diploma_files','Ama BSC','Ama-BSC.jpg','image/jpeg','public',1725322,'[]','{\"generated_conversions\": {\"thumb\": true, \"p11-thumb\": true}}','[]',972,'2020-02-11 03:37:41','2020-02-11 03:37:42'),(1118,'App\\Models\\Attachment',924,'diploma_files','DIPLOME MAITRISE KKM','DIPLOME-MAITRISE-KKM.pdf','application/pdf','public',1834653,'[]','[]','[]',973,'2020-02-11 03:41:46','2020-02-11 03:41:46'),(1121,'App\\Models\\Attachment',927,'cv_files','1danaalkhadeer CV','1danaalkhadeer-CV.pdf','application/pdf','public',158914,'[]','[]','[]',976,'2020-02-11 03:58:55','2020-02-11 03:58:55'),(1122,'App\\Models\\Attachment',928,'cv_files','\'LANGAT_Richard_CV_02022020','\'LANGAT_Richard_CV_02022020.pdf','application/pdf','public',213951,'[]','[]','[]',977,'2020-02-11 04:11:54','2020-02-11 04:11:54'),(1123,'App\\Models\\Attachment',929,'diploma_files','Bachelors of Science in IT - Certificate','Bachelors-of-Science-in-IT---Certificate.jpg','image/jpeg','public',647471,'[]','{\"generated_conversions\": {\"thumb\": true, \"p11-thumb\": true}}','[]',978,'2020-02-11 04:20:24','2020-02-11 04:20:25'),(1124,'App\\Models\\Attachment',930,'diploma_files','Bachelors of Science in IT - Certificate','Bachelors-of-Science-in-IT---Certificate.jpg','image/jpeg','public',647471,'[]','{\"generated_conversions\": {\"thumb\": true, \"p11-thumb\": true}}','[]',979,'2020-02-11 04:20:29','2020-02-11 04:20:31'),(1126,'App\\Models\\Attachment',932,'cv_files','BassineNiang_CV_EN v2','BassineNiang_CV_EN-v2.pdf','application/pdf','public',616639,'[]','[]','[]',981,'2020-02-11 04:26:21','2020-02-11 04:26:21'),(1128,'App\\Models\\Attachment',934,'diploma_files','BSc certificate','BSc-certificate.pdf','application/pdf','public',499369,'[]','[]','[]',983,'2020-02-11 04:28:14','2020-02-11 04:28:14'),(1129,'App\\Models\\Attachment',935,'diploma_files','BSc certificate','BSc-certificate.pdf','application/pdf','public',499369,'[]','[]','[]',984,'2020-02-11 04:28:17','2020-02-11 04:28:17'),(1133,'App\\Models\\Attachment',939,'cv_files','Bekir_YILDIZ_Resume_2019','Bekir_YILDIZ_Resume_2019.pdf','application/pdf','public',43877,'[]','[]','[]',988,'2020-02-11 04:34:09','2020-02-11 04:34:09'),(1137,'App\\Models\\Attachment',942,'diploma_files','bukresult','bukresult.jpg','image/jpeg','public',676683,'[]','{\"generated_conversions\": {\"thumb\": true, \"p11-thumb\": true}}','[]',992,'2020-02-11 04:38:43','2020-02-11 04:38:44'),(1138,'App\\Models\\Attachment',943,'diploma_files','bukresult','bukresult.jpg','image/jpeg','public',676683,'[]','{\"generated_conversions\": {\"thumb\": true, \"p11-thumb\": true}}','[]',993,'2020-02-11 04:38:50','2020-02-11 04:38:51'),(1140,'App\\Models\\Attachment',945,'publication_files','pub-behind_sex_for_grade(1)','pub-behind_sex_for_grade(1).pdf','application/pdf','public',202443,'[]','[]','[]',995,'2020-02-11 04:39:30','2020-02-11 04:39:30'),(1143,'App\\Models\\Attachment',948,'cv_files','TAIWO SEUN OGUNWUMI (Information Management) 2','TAIWO-SEUN-OGUNWUMI-(Information-Management)-2.pdf','application/pdf','public',753765,'[]','[]','[]',998,'2020-02-11 04:51:50','2020-02-11 04:51:50'),(1147,'App\\Models\\Attachment',951,'certificate_files','Certificate-Coursera GIS Data Formats, Design and Quality','Certificate-Coursera-GIS-Data-Formats,-Design-and-Quality.pdf','application/pdf','public',187958,'[]','[]','[]',1002,'2020-02-11 04:58:35','2020-02-11 04:58:35'),(1152,'App\\Models\\Attachment',956,'cv_files','Khalil A Ibrahim_CV_8','Khalil-A-Ibrahim_CV_8.pdf','application/pdf','public',714501,'[]','[]','[]',1007,'2020-02-11 05:04:52','2020-02-11 05:04:52'),(1156,'App\\Models\\Attachment',960,'cv_files','ABDULLAH-OBADA-CV','ABDULLAH-OBADA-CV.pdf','application/pdf','public',210669,'[]','[]','[]',1011,'2020-02-11 05:11:05','2020-02-11 05:11:05'),(1166,'App\\Models\\Attachment',968,'cv_files','CV_Koffi Messou_Kouassi_english 2019','CV_Koffi-Messou_Kouassi_english-2019.pdf','application/pdf','public',224897,'[]','[]','[]',1021,'2020-02-11 05:33:26','2020-02-11 05:33:26'),(1167,'App\\Models\\Attachment',969,'cv_files','Ahmed Alhadi Resume','Ahmed-Alhadi-Resume.pdf','application/pdf','public',684169,'[]','[]','[]',1022,'2020-02-11 05:36:16','2020-02-11 05:36:16'),(1168,'App\\Models\\Attachment',970,'cv_files','CVe. Febian Syafei ST., M.Kom.','CVe.-Febian-Syafei-ST.,-M.Kom..pdf','application/pdf','public',281972,'[]','[]','[]',1023,'2020-02-11 05:49:58','2020-02-11 05:49:58'),(1171,'App\\Models\\Attachment',972,'cv_files','Selam Wudu_Resume','Selam-Wudu_Resume.pdf','application/pdf','public',231370,'[]','[]','[]',1026,'2020-02-11 06:11:11','2020-02-11 06:11:11'),(1172,'App\\Models\\Attachment',973,'cv_files','Ather Mhamood_Khan_English_20191126','Ather-Mhamood_Khan_English_20191126.pdf','application/pdf','public',217116,'[]','[]','[]',1027,'2020-02-11 06:11:24','2020-02-11 06:11:24'),(1174,'App\\Models\\Attachment',974,'cv_files','Hamza Mohammed D.','Hamza-Mohammed-D..pdf','application/pdf','public',646256,'[]','[]','[]',1029,'2020-02-11 06:12:15','2020-02-11 06:12:15'),(1178,'App\\Models\\Attachment',976,'cv_files','Ama CV','Ama-CV.pdf','application/pdf','public',1373776,'[]','[]','[]',1033,'2020-02-11 06:49:04','2020-02-11 06:49:04'),(1182,'App\\Models\\Attachment',979,'cv_files','cv_amadu_octobre_2019','cv_amadu_octobre_2019.pdf','application/pdf','public',33962,'[]','[]','[]',1037,'2020-02-11 07:40:55','2020-02-11 07:40:55'),(1184,'App\\Models\\Attachment',980,'diploma_files','BSc','BSc.pdf','application/pdf','public',409447,'[]','[]','[]',1039,'2020-02-11 08:44:41','2020-02-11 08:44:41'),(1186,'App\\Models\\Attachment',982,'diploma_files','doc211','doc211.pdf','application/pdf','public',918874,'[]','[]','[]',1041,'2020-02-11 08:54:18','2020-02-11 08:54:18'),(1205,'App\\Models\\Attachment',1001,'publication_files','3W_PO_Maradi_Janvier 2020','3W_PO_Maradi_Janvier-2020.pdf','application/pdf','public',1079344,'[]','[]','[]',1060,'2020-02-11 09:37:43','2020-02-11 09:37:43'),(1206,'App\\Models\\Attachment',1002,'cv_files','Mohammad_Bawaneh_CV__v2_June_2019_original','Mohammad_Bawaneh_CV__v2_June_2019_original.pdf','application/pdf','public',248982,'[]','[]','[]',1061,'2020-02-11 10:01:50','2020-02-11 10:01:50'),(1210,'App\\Models\\Attachment',1005,'cv_files','CV_iMMAP','CV_iMMAP.pdf','application/pdf','public',236273,'[]','[]','[]',1065,'2020-02-11 10:13:38','2020-02-11 10:13:38'),(1215,'App\\Models\\Attachment',1007,'diploma_files','NSIMBA NGEMBO_ATTESTATION DE SCOLARITE.DESS','NSIMBA-NGEMBO_ATTESTATION-DE-SCOLARITE.DESS.pdf','application/pdf','public',668420,'[]','[]','[]',1068,'2020-02-11 11:30:43','2020-02-11 11:30:43'),(1218,'App\\Models\\Attachment',1010,'diploma_files','ayo imo cert','ayo-imo-cert.jpg','image/jpeg','public',2073073,'[]','{\"generated_conversions\": {\"thumb\": true, \"p11-thumb\": true}}','[]',1071,'2020-02-11 11:33:28','2020-02-11 11:33:28'),(1219,'App\\Models\\Attachment',1011,'diploma_files','ayo imo cert','ayo-imo-cert.jpg','image/jpeg','public',2073073,'[]','{\"generated_conversions\": {\"thumb\": true, \"p11-thumb\": true}}','[]',1072,'2020-02-11 11:34:22','2020-02-11 11:34:22'),(1221,'App\\Models\\Attachment',1013,'cv_files','AKINWALE AYO CV2','AKINWALE-AYO-CV2.pdf','application/pdf','public',384985,'[]','[]','[]',1074,'2020-02-11 11:49:47','2020-02-11 11:49:47'),(1223,'App\\Models\\Attachment',1014,'certificate_files','15814471885621179629044004144247','15814471885621179629044004144247.jpg','image/jpeg','public',2065771,'[]','{\"generated_conversions\": {\"thumb\": true, \"p11-thumb\": true}}','[]',1076,'2020-02-11 11:55:49','2020-02-11 11:55:50'),(1224,'App\\Models\\Attachment',1015,'cv_files','Anas Alkhouri_CV','Anas-Alkhouri_CV.pdf','application/pdf','public',222445,'[]','[]','[]',1077,'2020-02-11 12:03:36','2020-02-11 12:03:36'),(1226,'App\\Models\\Attachment',1016,'certificate_files','15814478953128302788701471285104','15814478953128302788701471285104.jpg','image/jpeg','public',1967579,'[]','{\"generated_conversions\": {\"thumb\": true, \"p11-thumb\": true}}','[]',1079,'2020-02-11 12:06:56','2020-02-11 12:06:57'),(1227,'App\\Models\\Attachment',1017,'certificate_files','15814478953128302788701471285104','15814478953128302788701471285104.jpg','image/jpeg','public',1967579,'[]','{\"generated_conversions\": {\"thumb\": true, \"p11-thumb\": true}}','[]',1080,'2020-02-11 12:07:39','2020-02-11 12:07:40'),(1230,'App\\Models\\Attachment',1020,'diploma_files','IMG-20200210-WA0002','IMG-20200210-WA0002.jpg','image/jpeg','public',65071,'[]','{\"generated_conversions\": {\"thumb\": true, \"p11-thumb\": true}}','[]',1082,'2020-02-11 13:13:22','2020-02-11 13:13:22'),(1234,'App\\Models\\Attachment',1024,'diploma_files','EMA','EMA.jpg','image/jpeg','public',1461783,'[]','{\"generated_conversions\": {\"thumb\": true, \"p11-thumb\": true}}','[]',1086,'2020-02-11 14:44:18','2020-02-11 14:44:19'),(1235,'App\\Models\\Attachment',1025,'diploma_files','EMA','EMA.jpg','image/jpeg','public',1461783,'[]','{\"generated_conversions\": {\"thumb\": true, \"p11-thumb\": true}}','[]',1087,'2020-02-11 14:44:20','2020-02-11 14:44:22'),(1237,'App\\Models\\Attachment',1027,'diploma_files','ITC Diploma','ITC-Diploma.jpg','image/jpeg','public',625902,'[]','{\"generated_conversions\": {\"thumb\": true, \"p11-thumb\": true}}','[]',1089,'2020-02-11 14:47:57','2020-02-11 14:47:59'),(1239,'App\\Models\\Attachment',1029,'certificate_files','ITC Diploma','ITC-Diploma.jpg','image/jpeg','public',625902,'[]','{\"generated_conversions\": {\"thumb\": true, \"p11-thumb\": true}}','[]',1091,'2020-02-11 14:51:22','2020-02-11 14:51:23'),(1241,'App\\Models\\Attachment',1031,'certificate_files','EMA','EMA.jpg','image/jpeg','public',1461783,'[]','{\"generated_conversions\": {\"thumb\": true, \"p11-thumb\": true}}','[]',1093,'2020-02-11 14:53:43','2020-02-11 14:53:44'),(1244,'App\\Models\\Attachment',1034,'cv_files','CV PDF','CV-PDF.pdf','application/pdf','public',190605,'[]','[]','[]',1096,'2020-02-11 15:53:48','2020-02-11 15:53:48'),(1246,'App\\Models\\Attachment',1035,'cv_files','Curriculum Vitae_Elias_20200212','Curriculum-Vitae_Elias_20200212.pdf','application/pdf','public',312873,'[]','[]','[]',1098,'2020-02-11 16:16:29','2020-02-11 16:16:29'),(1252,'App\\Models\\Attachment',1040,'cv_files','CV Tiba_TraorJan20','CV-Tiba_TraorJan20.pdf','application/pdf','public',586624,'[]','[]','[]',1100,'2020-02-11 16:34:10','2020-02-11 16:34:10'),(1256,'App\\Models\\Attachment',1043,'cv_files','Samaila Yusuf_RESUME','Samaila-Yusuf_RESUME.pdf','application/pdf','public',43586,'[]','[]','[]',1104,'2020-02-11 17:09:39','2020-02-11 17:09:39'),(1260,'App\\Models\\Attachment',1047,'publication_files','Dr.Morah Chibuzor Harvard Certificate _ edX','Dr.Morah-Chibuzor-Harvard-Certificate-_-edX.pdf','application/pdf','public',581875,'[]','[]','[]',1108,'2020-02-11 23:51:20','2020-02-11 23:51:20'),(1261,'App\\Models\\Attachment',1048,'publication_files','Dr.Morah Chibuzor Harvard Certificate _ edX','Dr.Morah-Chibuzor-Harvard-Certificate-_-edX.pdf','application/pdf','public',581875,'[]','[]','[]',1109,'2020-02-11 23:51:24','2020-02-11 23:51:24'),(1266,'App\\Models\\Attachment',1053,'cv_files','JEDYDAH OWINO.cvdocx','JEDYDAH-OWINO.cvdocx.pdf','application/pdf','public',386037,'[]','[]','[]',1114,'2020-02-12 00:12:27','2020-02-12 00:12:27'),(1271,'App\\Models\\Attachment',1058,'publication_files','UNV - Mapping data to aid response to humanitarian emergencies in post-conflict Iraq-2019','UNV---Mapping-data-to-aid-response-to-humanitarian-emergencies-in-post-conflict-Iraq-2019.pdf','application/pdf','public',247326,'[]','[]','[]',1119,'2020-02-12 00:36:50','2020-02-12 00:36:50'),(1275,'App\\Models\\Attachment',1061,'cv_files','MUSA ABUBAKAR_iMMAP_Roster','MUSA-ABUBAKAR_iMMAP_Roster.pdf','application/pdf','public',691413,'[]','[]','[]',1123,'2020-02-12 00:51:44','2020-02-12 00:51:44'),(1281,'App\\Models\\Attachment',1067,'publication_files','PUBLICATIONS','PUBLICATIONS.pdf','application/pdf','public',150063,'[]','[]','[]',1129,'2020-02-12 01:25:33','2020-02-12 01:25:33'),(1287,'App\\Models\\Attachment',1073,'cv_files','Dina Yousef_CV','Dina-Yousef_CV.pdf','application/pdf','public',136967,'[]','[]','[]',1135,'2020-02-12 01:53:20','2020-02-12 01:53:20'),(1288,'App\\Models\\Attachment',1074,'cv_files','Oladipo Akinpelumi_cv','Oladipo-Akinpelumi_cv.pdf','application/pdf','public',255426,'[]','[]','[]',1136,'2020-02-12 02:06:18','2020-02-12 02:06:18'),(1293,'App\\Models\\Attachment',1077,'cv_files','Ebrahim-updated-C.V 2020','Ebrahim-updated-C.V-2020.pdf','application/pdf','public',210382,'[]','[]','[]',1141,'2020-02-12 02:27:32','2020-02-12 02:27:32'),(1295,'App\\Models\\Attachment',1079,'diploma_files','Attestation de fin d\'etude.jpeg','Attestation-de-fin-d\'etude.jpeg.jpg','image/jpeg','public',378883,'[]','{\"generated_conversions\": {\"thumb\": true, \"p11-thumb\": true}}','[]',1143,'2020-02-12 02:29:22','2020-02-12 02:29:22'),(1299,'App\\Models\\Attachment',1083,'certificate_files','Peachtree Accounting','Peachtree-Accounting.pdf','application/pdf','public',2097086,'[]','[]','[]',1147,'2020-02-12 02:35:15','2020-02-12 02:35:15'),(1305,'App\\Models\\Attachment',1088,'certificate_files','Applied Machine Learning in Python','Applied-Machine-Learning-in-Python.pdf','application/pdf','public',169269,'[]','[]','[]',1153,'2020-02-12 02:46:51','2020-02-12 02:46:51'),(1307,'App\\Models\\Attachment',1090,'cv_files','celestine cv 02 (4)','celestine-cv-02-(4).pdf','application/pdf','public',47379,'[]','[]','[]',1155,'2020-02-12 02:49:06','2020-02-12 02:49:06'),(1312,'App\\Models\\Attachment',1095,'cv_files','CV_-_Christian_Shadrack','CV_-_Christian_Shadrack.pdf','application/pdf','public',357573,'[]','[]','[]',1159,'2020-02-12 02:57:42','2020-02-12 02:57:42'),(1314,'App\\Models\\Attachment',1097,'diploma_files','ISTA G3','ISTA-G3.pdf','application/pdf','public',504581,'[]','[]','[]',1161,'2020-02-12 02:58:06','2020-02-12 02:58:06'),(1315,'App\\Models\\Attachment',1098,'certificate_files','ArcGIS Pro Certificate','ArcGIS-Pro-Certificate.pdf','application/pdf','public',139844,'[]','[]','[]',1162,'2020-02-12 03:00:31','2020-02-12 03:00:31'),(1317,'App\\Models\\Attachment',1100,'certificate_files','IMSMA Core','IMSMA-Core.pdf','application/pdf','public',1244430,'[]','[]','[]',1164,'2020-02-12 03:02:45','2020-02-12 03:02:45'),(1318,'App\\Models\\Attachment',1101,'certificate_files','IMSMA Core','IMSMA-Core.pdf','application/pdf','public',1244430,'[]','[]','[]',1165,'2020-02-12 03:02:46','2020-02-12 03:02:46'),(1321,'App\\Models\\Attachment',1104,'certificate_files','IMSMA Core','IMSMA-Core.pdf','application/pdf','public',1244430,'[]','[]','[]',1167,'2020-02-12 03:05:32','2020-02-12 03:05:32'),(1324,'App\\Models\\Attachment',1107,'diploma_files','B.Sc Certificate','B.Sc-Certificate.jpg','image/jpeg','public',1726805,'[]','{\"generated_conversions\": {\"thumb\": true, \"p11-thumb\": true}}','[]',1170,'2020-02-12 03:16:45','2020-02-12 03:16:45'),(1325,'App\\Models\\Attachment',1108,'diploma_files','B.Sc Certificate','B.Sc-Certificate.jpg','image/jpeg','public',1726805,'[]','{\"generated_conversions\": {\"thumb\": true, \"p11-thumb\": true}}','[]',1171,'2020-02-12 03:17:05','2020-02-12 03:17:06'),(1331,'App\\Models\\Attachment',1114,'cv_files','CV Claude','CV-Claude.pdf','application/pdf','public',326701,'[]','[]','[]',1176,'2020-02-12 03:41:18','2020-02-12 03:41:18'),(1335,'App\\Models\\Attachment',1117,'cv_files','20200211_JLappCV','20200211_JLappCV.pdf','application/pdf','public',96453,'[]','[]','[]',1180,'2020-02-12 03:48:56','2020-02-12 03:48:56'),(1336,'App\\Models\\Attachment',1118,'cv_files','bindip Selbut Jacob resume (maid)','bindip-Selbut-Jacob-resume-(maid).pdf','application/pdf','public',455020,'[]','[]','[]',1181,'2020-02-12 03:51:11','2020-02-12 03:51:11'),(1343,'App\\Models\\Attachment',1122,'cv_files','CURRICULUM VIT Yanick LUYA','CURRICULUM-VIT-Yanick-LUYA.pdf','application/pdf','public',388931,'[]','[]','[]',1187,'2020-02-12 04:18:21','2020-02-12 04:18:21'),(1344,'App\\Models\\Attachment',1123,'portfolios','TONY new passport1','TONY-new-passport1.jpg','image/jpeg','public',5575,'[]','{\"generated_conversions\": {\"thumb\": true, \"p11-thumb\": true}}','[]',1188,'2020-02-12 04:20:00','2020-02-12 04:20:00'),(1345,'App\\Models\\Attachment',1124,'portfolios','unimaid','unimaid.JPG','image/jpeg','public',46047,'[]','{\"generated_conversions\": {\"thumb\": true, \"p11-thumb\": true}}','[]',1189,'2020-02-12 04:20:54','2020-02-12 04:20:54'),(1346,'App\\Models\\Attachment',1125,'cv_files','Onoja Anthony CV new','Onoja-Anthony-CV-new.pdf','application/pdf','public',161457,'[]','[]','[]',1190,'2020-02-12 04:21:23','2020-02-12 04:21:23'),(1351,'App\\Models\\Attachment',1128,'cv_files','TSOKAR Orjime Oliver_official','TSOKAR-Orjime-Oliver_official.pdf','application/pdf','public',134911,'[]','[]','[]',1195,'2020-02-12 04:35:38','2020-02-12 04:35:38'),(1354,'App\\Models\\Attachment',1131,'cv_files','CV_David GODIAH','CV_David-GODIAH.pdf','application/pdf','public',231487,'[]','[]','[]',1198,'2020-02-12 04:56:17','2020-02-12 04:56:17'),(1355,'App\\Models\\Attachment',1132,'cv_files','SadAbouKharroub-CV','SadAbouKharroub-CV.pdf','application/pdf','public',94957,'[]','[]','[]',1199,'2020-02-12 05:08:09','2020-02-12 05:08:09'),(1363,'App\\Models\\Attachment',1140,'publication_files','Management and Operations','Management-and-Operations.pdf','application/pdf','public',1004425,'[]','[]','[]',1206,'2020-02-12 05:25:17','2020-02-12 05:25:17'),(1370,'App\\Models\\Attachment',1147,'diploma_files','Diploma','Diploma.pdf','application/pdf','public',1168117,'[]','[]','[]',1213,'2020-02-12 06:03:07','2020-02-12 06:03:07'),(1372,'App\\Models\\Attachment',1149,'cv_files','CVJAMESWHITAKER2020','CVJAMESWHITAKER2020.pdf','application/pdf','public',82894,'[]','[]','[]',1214,'2020-02-12 06:07:17','2020-02-12 06:07:17'),(1375,'App\\Models\\Attachment',1152,'cv_files','Nicky\'s CV_English','Nicky\'s-CV_English.pdf','application/pdf','public',191851,'[]','[]','[]',1217,'2020-02-12 06:14:50','2020-02-12 06:14:50'),(1386,'App\\Models\\Attachment',1161,'diploma_files','NGO\'s Shams customs cv','NGO\'s-Shams-customs-cv.pdf','application/pdf','public',235941,'[]','[]','[]',1228,'2020-02-12 06:52:46','2020-02-12 06:52:46'),(1391,'App\\Models\\Attachment',1165,'cv_files','Rizwan - GIS Developer - UAE','Rizwan---GIS-Developer---UAE.pdf','application/pdf','public',337215,'[]','[]','[]',1233,'2020-02-12 07:00:35','2020-02-12 07:00:35'),(1399,'App\\Models\\Attachment',1172,'cv_files','Resume_Makaka_Norra_tunis','Resume_Makaka_Norra_tunis.pdf','application/pdf','public',211246,'[]','[]','[]',1240,'2020-02-12 07:12:29','2020-02-12 07:12:29'),(1401,'App\\Models\\Attachment',1174,'cv_files','Hoja de Presentacion Carlos Morales','Hoja-de-Presentacion-Carlos-Morales.pdf','application/pdf','public',526827,'[]','[]','[]',1242,'2020-02-12 07:58:58','2020-02-12 07:58:58'),(1403,'App\\Models\\Attachment',1176,'cv_files','CV 5 PAGES','CV-5-PAGES.pdf','application/pdf','public',484733,'[]','[]','[]',1244,'2020-02-12 08:20:52','2020-02-12 08:20:52'),(1406,'App\\Models\\Attachment',1178,'cv_files','CV - John Olufemi Osuntokun','CV---John-Olufemi-Osuntokun.pdf','application/pdf','public',273728,'[]','[]','[]',1246,'2020-02-12 08:29:45','2020-02-12 08:29:45'),(1414,'App\\Models\\Attachment',1180,'cv_files','My_CV2','My_CV2.pdf','application/pdf','public',56045,'[]','[]','[]',1249,'2020-02-12 08:35:15','2020-02-12 08:35:15'),(1416,'App\\Models\\Attachment',1181,'portfolios','CV_LucLango_en','CV_LucLango_en.pdf','application/pdf','public',818438,'[]','[]','[]',1251,'2020-02-12 08:37:27','2020-02-12 08:37:27'),(1417,'App\\Models\\Attachment',1182,'diploma_files','A QUI DE DROIT','A-QUI-DE-DROIT.pdf','application/pdf','public',409825,'[]','[]','[]',1252,'2020-02-12 08:49:53','2020-02-12 08:49:53'),(1418,'App\\Models\\Attachment',1183,'diploma_files','A QUI DE DROIT','A-QUI-DE-DROIT.pdf','application/pdf','public',409825,'[]','[]','[]',1253,'2020-02-12 08:49:59','2020-02-12 08:49:59'),(1420,'App\\Models\\Attachment',1185,'diploma_files','MPhil_Certificate&Transcript','MPhil_Certificate&Transcript.pdf','application/pdf','public',2063457,'[]','[]','[]',1255,'2020-02-12 08:52:20','2020-02-12 08:52:20'),(1423,'App\\Models\\Attachment',1187,'cv_files','CV_LucLango_en','CV_LucLango_en.pdf','application/pdf','public',818438,'[]','[]','[]',1257,'2020-02-12 08:58:34','2020-02-12 08:58:34'),(1429,'App\\Models\\Attachment',1193,'cv_files','CV_IQBAL Muhammad','CV_IQBAL-Muhammad.pdf','application/pdf','public',683956,'[]','[]','[]',1263,'2020-02-12 09:26:05','2020-02-12 09:26:05'),(1430,'App\\Models\\Attachment',1194,'publication_files','Academic Article','Academic-Article.pdf','application/pdf','public',813177,'[]','[]','[]',1264,'2020-02-12 09:27:44','2020-02-12 09:27:44'),(1431,'App\\Models\\Attachment',1195,'publication_files','Academic Article','Academic-Article.pdf','application/pdf','public',813177,'[]','[]','[]',1265,'2020-02-12 09:27:58','2020-02-12 09:27:58'),(1433,'App\\Models\\Attachment',1197,'cv_files','CV Falone Zayadiaku Mbembo','CV-Falone-Zayadiaku-Mbembo.pdf','application/pdf','public',346662,'[]','[]','[]',1266,'2020-02-12 09:33:46','2020-02-12 09:33:46'),(1434,'App\\Models\\Attachment',1198,'cv_files','CV_MAHMUDUL HASAN','CV_MAHMUDUL-HASAN.pdf','application/pdf','public',191011,'[]','[]','[]',1267,'2020-02-12 10:07:53','2020-02-12 10:07:53'),(1438,'App\\Models\\Attachment',1201,'diploma_files','MSc, UoM - BLINN, Olivia','MSc,-UoM---BLINN,-Olivia.pdf','application/pdf','public',1920380,'[]','[]','[]',1271,'2020-02-12 10:24:43','2020-02-12 10:24:43'),(1442,'App\\Models\\Attachment',1205,'publication_files','Information_Resources_Availability_and_A','Information_Resources_Availability_and_A.pdf','application/pdf','public',109131,'[]','[]','[]',1275,'2020-02-12 10:34:11','2020-02-12 10:34:11'),(1445,'App\\Models\\Attachment',1208,'publication_files','Information_Resources_Availability_and_A','Information_Resources_Availability_and_A.pdf','application/pdf','public',109131,'[]','[]','[]',1278,'2020-02-12 10:36:03','2020-02-12 10:36:03'),(1446,'App\\Models\\Attachment',1209,'publication_files','Information_Resources_Availability_and_A','Information_Resources_Availability_and_A.pdf','application/pdf','public',109131,'[]','[]','[]',1279,'2020-02-12 10:36:57','2020-02-12 10:36:57'),(1448,'App\\Models\\Attachment',1211,'publication_files','THE_ROLE_OF_ACADEMIC_LIBRARIES_IN_THE_AC','THE_ROLE_OF_ACADEMIC_LIBRARIES_IN_THE_AC.pdf','application/pdf','public',609003,'[]','[]','[]',1281,'2020-02-12 10:39:02','2020-02-12 10:39:02'),(1450,'App\\Models\\Attachment',1213,'publication_files','STAFF_ATTITUDE_AND_STAFF_ACADEMIC_PROFIL','STAFF_ATTITUDE_AND_STAFF_ACADEMIC_PROFIL.pdf','application/pdf','public',533381,'[]','[]','[]',1283,'2020-02-12 10:41:01','2020-02-12 10:41:01'),(1452,'App\\Models\\Attachment',1215,'certificate_files','INSIDENGO CERTIFICATE','INSIDENGO-CERTIFICATE.pdf','application/pdf','public',140641,'[]','[]','[]',1285,'2020-02-12 10:59:21','2020-02-12 10:59:21'),(1455,'App\\Models\\Attachment',1218,'publication_files','Johnson TAREMWA 37-Article Text-157-1-10-20171009 (2)','Johnson-TAREMWA-37-Article-Text-157-1-10-20171009-(2).pdf','application/pdf','public',622406,'[]','[]','[]',1288,'2020-02-12 11:16:27','2020-02-12 11:16:27'),(1456,'App\\Models\\Attachment',1219,'publication_files','Johnson TAREMWA 34-Article Text-67-1-10-20190727 (3)','Johnson-TAREMWA-34-Article-Text-67-1-10-20190727-(3).pdf','application/pdf','public',215587,'[]','[]','[]',1289,'2020-02-12 11:16:49','2020-02-12 11:16:49'),(1460,'App\\Models\\Attachment',1223,'cv_files','ABDULKADIR USMAN_Resume','ABDULKADIR-USMAN_Resume.pdf','application/pdf','public',370492,'[]','[]','[]',1292,'2020-02-12 11:25:00','2020-02-12 11:25:00'),(1469,'App\\Models\\Attachment',1229,'cv_files','CV','CV.pdf','application/pdf','public',907537,'[]','[]','[]',1295,'2020-02-12 11:26:00','2020-02-12 11:26:00'),(1477,'App\\Models\\Attachment',1230,'cv_files','Johnson TAREMWA _Cv2020','Johnson-TAREMWA-_Cv2020.pdf','application/pdf','public',215232,'[]','[]','[]',1297,'2020-02-12 12:13:48','2020-02-12 12:13:48'),(1481,'App\\Models\\Attachment',1234,'diploma_files','Certificate on Project Management','Certificate-on-Project-Management.pdf','application/pdf','public',241547,'[]','[]','[]',1301,'2020-02-12 12:27:35','2020-02-12 12:27:35'),(1486,'App\\Models\\Attachment',1239,'cv_files','CV_Ir_Gabriel_Kashibura_ICT','CV_Ir_Gabriel_Kashibura_ICT.pdf','application/pdf','public',246136,'[]','[]','[]',1306,'2020-02-12 12:35:34','2020-02-12 12:35:34'),(1487,'App\\Models\\Attachment',1240,'diploma_files','Certificate Urbana-Champaign','Certificate-Urbana-Champaign.pdf','application/pdf','public',159506,'[]','[]','[]',1307,'2020-02-12 12:38:15','2020-02-12 12:38:15'),(1490,'App\\Models\\Attachment',1243,'cv_files','cvsilviaperez','cvsilviaperez.pdf','application/pdf','public',614446,'[]','[]','[]',1310,'2020-02-12 13:02:06','2020-02-12 13:02:06'),(1497,'App\\Models\\Attachment',1250,'certificate_files','Certificate - Integrated Early Childhood Development Programming for Young Vulnerable Children','Certificate---Integrated-Early-Childhood-Development-Programming-for-Young-Vulnerable-Children.pdf','application/pdf','public',93286,'[]','[]','[]',1317,'2020-02-12 13:27:37','2020-02-12 13:27:37'),(1499,'App\\Models\\Attachment',1251,'cv_files','DrMorah_Emmanuel_CV@IMMAPBorno','DrMorah_Emmanuel_CV@IMMAPBorno.pdf','application/pdf','public',214307,'[]','[]','[]',1319,'2020-02-12 14:33:36','2020-02-12 14:33:36'),(1502,'App\\Models\\Attachment',1253,'cv_files','AHD CV','AHD-CV.pdf','application/pdf','public',299727,'[]','[]','[]',1322,'2020-02-12 15:56:21','2020-02-12 15:56:21'),(1503,'App\\Models\\Attachment',1254,'cv_files','10-02-2020_CV EN-KABRE Olivier Edouard(1)','10-02-2020_CV-EN-KABRE-Olivier-Edouard(1).pdf','application/pdf','public',374303,'[]','[]','[]',1323,'2020-02-12 16:07:18','2020-02-12 16:07:18'),(1505,'App\\Models\\Attachment',1255,'diploma_files','Yakubu Muhammad Rabiu','Yakubu-Muhammad-Rabiu.pdf','application/pdf','public',11107,'[]','[]','[]',1325,'2020-02-12 17:53:22','2020-02-12 17:53:22'),(1506,'App\\Models\\Attachment',1256,'diploma_files','Yakubu Muhammad Rabiu','Yakubu-Muhammad-Rabiu.pdf','application/pdf','public',11107,'[]','[]','[]',1326,'2020-02-12 17:57:00','2020-02-12 17:57:00'),(1510,'App\\Models\\Attachment',1260,'cv_files','ORJI DANIEL A CV Osha','ORJI-DANIEL-A-CV-Osha.pdf','application/pdf','public',239893,'[]','[]','[]',1330,'2020-02-12 19:25:43','2020-02-12 19:25:43'),(1513,'App\\Models\\Attachment',1262,'diploma_files','NYU MPA Degree','NYU-MPA-Degree.pdf','application/pdf','public',568539,'[]','[]','[]',1333,'2020-02-12 21:09:09','2020-02-12 21:09:09'),(1520,'App\\Models\\Attachment',1269,'cv_files','Andre - CV iMMAP','Andre---CV-iMMAP.pdf','application/pdf','public',196713,'[]','[]','[]',1335,'2020-02-12 22:08:12','2020-02-12 22:08:12'),(1529,'App\\Models\\Attachment',1277,'cv_files','GBADAMOSI JUBRIL LEKAN.docx111.docxHND','GBADAMOSI-JUBRIL-LEKAN.docx111.docxHND.pdf','application/pdf','public',344351,'[]','[]','[]',1344,'2020-02-13 00:18:47','2020-02-13 00:18:47'),(1531,'App\\Models\\Attachment',1278,'diploma_files','UNI RESULT','UNI-RESULT.pdf','application/pdf','public',1925989,'[]','[]','[]',1346,'2020-02-13 00:26:58','2020-02-13 00:26:58'),(1532,'App\\Models\\Attachment',1279,'diploma_files','UNI RESULT','UNI-RESULT.pdf','application/pdf','public',1925989,'[]','[]','[]',1347,'2020-02-13 00:27:14','2020-02-13 00:27:14'),(1533,'App\\Models\\Attachment',1280,'diploma_files','Bsc Degree_AUN_Ejike Stephen Igwe','Bsc-Degree_AUN_Ejike-Stephen-Igwe.jpg','image/jpeg','public',494648,'[]','{\"generated_conversions\": {\"thumb\": true, \"p11-thumb\": true}}','[]',1348,'2020-02-13 00:28:30','2020-02-13 00:28:30'),(1534,'App\\Models\\Attachment',1281,'diploma_files','Bsc Degree_AUN_Ejike Stephen Igwe','Bsc-Degree_AUN_Ejike-Stephen-Igwe.jpg','image/jpeg','public',494648,'[]','{\"generated_conversions\": {\"thumb\": true, \"p11-thumb\": true}}','[]',1349,'2020-02-13 00:28:32','2020-02-13 00:28:32'),(1535,'App\\Models\\Attachment',1282,'diploma_files','Bsc Degree_AUN_Ejike Stephen Igwe','Bsc-Degree_AUN_Ejike-Stephen-Igwe.jpg','image/jpeg','public',494648,'[]','{\"generated_conversions\": {\"thumb\": true, \"p11-thumb\": true}}','[]',1350,'2020-02-13 00:35:31','2020-02-13 00:35:31'),(1537,'App\\Models\\Attachment',1284,'cv_files','CV_Hilgert_13022020','CV_Hilgert_13022020.pdf','application/pdf','public',152604,'[]','[]','[]',1352,'2020-02-13 00:43:37','2020-02-13 00:43:37'),(1540,'App\\Models\\Attachment',1285,'cv_files','IBRAHIMADAMUGIMBARU cv 2020-01-25','IBRAHIMADAMUGIMBARU-cv-2020-01-25.pdf','application/pdf','public',13111,'[]','[]','[]',1354,'2020-02-13 01:00:50','2020-02-13 01:00:50'),(1541,'App\\Models\\Attachment',1286,'cv_files','Michel Hawi CV','Michel-Hawi-CV.pdf','application/pdf','public',429999,'[]','[]','[]',1355,'2020-02-13 01:02:55','2020-02-13 01:02:55'),(1550,'App\\Models\\Attachment',1294,'diploma_files','ADEGBESAN ISMAIL ADENIYI0002','ADEGBESAN-ISMAIL-ADENIYI0002.JPG','image/jpeg','public',250480,'[]','{\"generated_conversions\": {\"thumb\": true, \"p11-thumb\": true}}','[]',1364,'2020-02-13 01:56:30','2020-02-13 01:56:30'),(1555,'App\\Models\\Attachment',1298,'cv_files','CV Igwe','CV-Igwe.pdf','application/pdf','public',107821,'[]','[]','[]',1369,'2020-02-13 02:24:19','2020-02-13 02:24:19'),(1556,'App\\Models\\Attachment',1299,'certificate_files','New Doc 2019-11-08 06.37.42_1','New-Doc-2019-11-08-06.37.42_1.jpg','image/jpeg','public',493305,'[]','{\"generated_conversions\": {\"thumb\": true, \"p11-thumb\": true}}','[]',1370,'2020-02-13 02:33:30','2020-02-13 02:33:30'),(1558,'App\\Models\\Attachment',1301,'publication_files','List of Publications','List-of-Publications.pdf','application/pdf','public',112560,'[]','[]','[]',1372,'2020-02-13 03:08:56','2020-02-13 03:08:56'),(1559,'App\\Models\\Attachment',1302,'cv_files','Loko_Joshua_CV','Loko_Joshua_CV.pdf','application/pdf','public',286876,'[]','[]','[]',1373,'2020-02-13 03:15:42','2020-02-13 03:15:42'),(1564,'App\\Models\\Attachment',1304,'cv_files','Michael SAMUEL CV.docx','Michael-SAMUEL-CV.docx.pdf','application/pdf','public',761289,'[]','[]','[]',1375,'2020-02-13 03:28:36','2020-02-13 03:28:36'),(1573,'App\\Models\\Attachment',1312,'cv_files','Adebayo_Ademola CV','Adebayo_Ademola-CV.pdf','application/pdf','public',110771,'[]','[]','[]',1384,'2020-02-13 04:57:31','2020-02-13 04:57:31'),(1574,'App\\Models\\Attachment',1313,'diploma_files','CERTIFICATE HND','CERTIFICATE-HND.jpg','image/jpeg','public',209039,'[]','{\"generated_conversions\": {\"thumb\": true, \"p11-thumb\": true}}','[]',1385,'2020-02-13 04:57:33','2020-02-13 04:57:34'),(1576,'App\\Models\\Attachment',1315,'certificate_files','PROJECT MGT','PROJECT-MGT.jpg','image/jpeg','public',119011,'[]','{\"generated_conversions\": {\"thumb\": true, \"p11-thumb\": true}}','[]',1387,'2020-02-13 05:05:04','2020-02-13 05:05:05'),(1579,'App\\Models\\Attachment',1318,'cv_files','Benedetta Cordaro CV - Jan 2020','Benedetta-Cordaro-CV---Jan-2020.pdf','application/pdf','public',222339,'[]','[]','[]',1390,'2020-02-13 05:08:51','2020-02-13 05:08:51'),(1580,'App\\Models\\Attachment',1319,'publication_files','IEC2016-BayarRebaz','IEC2016-BayarRebaz.pdf','application/pdf','public',560485,'[]','[]','[]',1391,'2020-02-13 05:13:11','2020-02-13 05:13:11'),(1585,'App\\Models\\Attachment',1324,'certificate_files','15815966237563008647012881777928','15815966237563008647012881777928.jpg','image/jpeg','public',1835562,'[]','{\"generated_conversions\": {\"thumb\": true, \"p11-thumb\": true}}','[]',1396,'2020-02-13 05:26:44','2020-02-13 05:26:45'),(1588,'App\\Models\\Attachment',1327,'publication_files','ACHIEVING GREATNESS_ ACHIEVING GREATNESS','ACHIEVING-GREATNESS_-ACHIEVING-GREATNESS.pdf','application/pdf','public',157764,'[]','[]','[]',1399,'2020-02-13 05:39:04','2020-02-13 05:39:04'),(1590,'App\\Models\\Attachment',1328,'portfolios','python progam certicate','python-progam-certicate.pdf','application/pdf','public',1157716,'[]','[]','[]',1401,'2020-02-13 06:09:25','2020-02-13 06:09:25'),(1591,'App\\Models\\Attachment',1329,'cv_files','Linkedln Profile CV','Linkedln-Profile-CV.pdf','application/pdf','public',68277,'[]','[]','[]',1402,'2020-02-13 06:16:59','2020-02-13 06:16:59'),(1598,'App\\Models\\Attachment',1334,'cv_files','Curriculum Vitae\' (KAY)','Curriculum-Vitae\'-(KAY).pdf','application/pdf','public',55822,'[]','[]','[]',1409,'2020-02-13 06:45:26','2020-02-13 06:45:26'),(1599,'App\\Models\\Attachment',1335,'diploma_files','Bsc. Certificate-page-001','Bsc.-Certificate-page-001.jpg','image/jpeg','public',77403,'[]','{\"generated_conversions\": {\"thumb\": true, \"p11-thumb\": true}}','[]',1410,'2020-02-13 07:32:28','2020-02-13 07:32:28'),(1600,'App\\Models\\Attachment',1336,'diploma_files','Bsc. Certificate-page-001','Bsc.-Certificate-page-001.jpg','image/jpeg','public',77403,'[]','{\"generated_conversions\": {\"thumb\": true, \"p11-thumb\": true}}','[]',1411,'2020-02-13 07:32:28','2020-02-13 07:32:28'),(1603,'App\\Models\\Attachment',1339,'cv_files','Stephen_Coughlan_CV','Stephen_Coughlan_CV.pdf','application/pdf','public',736732,'[]','[]','[]',1414,'2020-02-13 07:40:50','2020-02-13 07:40:50'),(1605,'App\\Models\\Attachment',1340,'certificate_files','IMG_20191025_151032_605_1572012890883','IMG_20191025_151032_605_1572012890883.jpg','image/jpeg','public',950993,'[]','{\"generated_conversions\": {\"thumb\": true, \"p11-thumb\": true}}','[]',1416,'2020-02-13 07:41:02','2020-02-13 07:41:02'),(1607,'App\\Models\\Attachment',1342,'certificate_files','cridential 009-converted','cridential-009-converted.pdf','application/pdf','public',861068,'[]','[]','[]',1417,'2020-02-13 07:42:51','2020-02-13 07:42:51'),(1611,'App\\Models\\Attachment',1346,'cv_files','habets_cv_iom_2001','habets_cv_iom_2001.pdf','application/pdf','public',246723,'[]','[]','[]',1420,'2020-02-13 07:57:49','2020-02-13 07:57:49'),(1613,'App\\Models\\Attachment',1347,'cv_files','AkintolaAishaCV','AkintolaAishaCV.pdf','application/pdf','public',115615,'[]','[]','[]',1422,'2020-02-13 08:32:39','2020-02-13 08:32:39'),(1614,'App\\Models\\Attachment',1348,'cv_files','Profile (1)','Profile-(1).pdf','application/pdf','public',59482,'[]','[]','[]',1423,'2020-02-13 08:56:06','2020-02-13 08:56:06'),(1616,'App\\Models\\Attachment',1350,'publication_files','180806_Benini_Ng__A_New_Protection_Index','180806_Benini_Ng__A_New_Protection_Index.pdf','application/pdf','public',1764938,'[]','[]','[]',1425,'2020-02-13 09:51:49','2020-02-13 09:51:49'),(1617,'App\\Models\\Attachment',1351,'publication_files','Lessons Learnt on Assessments 180525_SN','Lessons-Learnt-on-Assessments-180525_SN.pdf','application/pdf','public',892355,'[]','[]','[]',1426,'2020-02-13 09:54:58','2020-02-13 09:54:58'),(1618,'App\\Models\\Attachment',1352,'publication_files','Priorizacin Parroquial para el Cluster y Programa Educacin','Priorizacin-Parroquial-para-el-Cluster-y-Programa-Educacin.pdf','application/pdf','public',594895,'[]','[]','[]',1427,'2020-02-13 09:56:45','2020-02-13 09:56:45'),(1619,'App\\Models\\Attachment',1353,'publication_files','Priorizacin Parroquial para el Cluster y Programa Educacin','Priorizacin-Parroquial-para-el-Cluster-y-Programa-Educacin.pdf','application/pdf','public',594895,'[]','[]','[]',1428,'2020-02-13 09:57:48','2020-02-13 09:57:48'),(1621,'App\\Models\\Attachment',1355,'cv_files','Bello1 CV','Bello1-CV.pdf','application/pdf','public',48929,'[]','[]','[]',1430,'2020-02-13 10:42:46','2020-02-13 10:42:46'),(1624,'App\\Models\\Attachment',1357,'diploma_files','bsc1','bsc1.jpg','image/jpeg','public',865551,'[]','{\"generated_conversions\": {\"thumb\": true, \"p11-thumb\": true}}','[]',1433,'2020-02-13 11:16:06','2020-02-13 11:16:06'),(1625,'App\\Models\\Attachment',1358,'diploma_files','bsc1','bsc1.jpg','image/jpeg','public',865551,'[]','{\"generated_conversions\": {\"thumb\": true, \"p11-thumb\": true}}','[]',1434,'2020-02-13 11:16:45','2020-02-13 11:16:46'),(1626,'App\\Models\\Attachment',1359,'diploma_files','bsc1','bsc1.jpg','image/jpeg','public',865551,'[]','{\"generated_conversions\": {\"thumb\": true, \"p11-thumb\": true}}','[]',1435,'2020-02-13 11:18:00','2020-02-13 11:18:01'),(1627,'App\\Models\\Attachment',1360,'diploma_files','bsc1','bsc1.jpg','image/jpeg','public',865551,'[]','{\"generated_conversions\": {\"thumb\": true, \"p11-thumb\": true}}','[]',1436,'2020-02-13 11:18:46','2020-02-13 11:18:47'),(1628,'App\\Models\\Attachment',1361,'diploma_files','bsc1','bsc1.jpg','image/jpeg','public',865551,'[]','{\"generated_conversions\": {\"thumb\": true, \"p11-thumb\": true}}','[]',1437,'2020-02-13 11:19:01','2020-02-13 11:19:01'),(1629,'App\\Models\\Attachment',1362,'diploma_files','bsc1','bsc1.jpg','image/jpeg','public',865551,'[]','{\"generated_conversions\": {\"thumb\": true, \"p11-thumb\": true}}','[]',1438,'2020-02-13 11:19:18','2020-02-13 11:19:18'),(1630,'App\\Models\\Attachment',1363,'diploma_files','bsc1','bsc1.jpg','image/jpeg','public',865551,'[]','{\"generated_conversions\": {\"thumb\": true, \"p11-thumb\": true}}','[]',1439,'2020-02-13 11:19:19','2020-02-13 11:19:20'),(1631,'App\\Models\\Attachment',1364,'diploma_files','HND ','HND-.pdf','application/pdf','public',126376,'[]','[]','[]',1440,'2020-02-13 11:21:04','2020-02-13 11:21:04'),(1632,'App\\Models\\Attachment',1365,'diploma_files','HND ','HND-.pdf','application/pdf','public',126376,'[]','[]','[]',1441,'2020-02-13 11:21:05','2020-02-13 11:21:05'),(1633,'App\\Models\\Attachment',1366,'cv_files','Sean Ng - CV 20200202','Sean-Ng---CV-20200202.pdf','application/pdf','public',287650,'[]','[]','[]',1442,'2020-02-13 11:23:13','2020-02-13 11:23:13'),(1634,'App\\Models\\Attachment',1367,'diploma_files','cicot','cicot.png','image/png','public',549705,'[]','{\"generated_conversions\": {\"thumb\": true, \"p11-thumb\": true}}','[]',1443,'2020-02-13 11:34:19','2020-02-13 11:34:19'),(1635,'App\\Models\\Attachment',1368,'diploma_files','cicot','cicot.png','image/png','public',549705,'[]','{\"generated_conversions\": {\"thumb\": true, \"p11-thumb\": true}}','[]',1444,'2020-02-13 11:38:34','2020-02-13 11:38:34'),(1637,'App\\Models\\Attachment',1369,'diploma_files','bsc','bsc.png','image/png','public',748766,'[]','{\"generated_conversions\": {\"thumb\": true, \"p11-thumb\": true}}','[]',1446,'2020-02-13 11:46:51','2020-02-13 11:46:51'),(1638,'App\\Models\\Attachment',1370,'diploma_files','bsc','bsc.png','image/png','public',748766,'[]','{\"generated_conversions\": {\"thumb\": true, \"p11-thumb\": true}}','[]',1447,'2020-02-13 11:46:53','2020-02-13 11:46:53'),(1640,'App\\Models\\Attachment',1372,'diploma_files','bsc','bsc.png','image/png','public',748766,'[]','{\"generated_conversions\": {\"thumb\": true, \"p11-thumb\": true}}','[]',1449,'2020-02-13 11:53:56','2020-02-13 11:53:56'),(1643,'App\\Models\\Attachment',1375,'cv_files','Philip','Philip.pdf','application/pdf','public',63906,'[]','[]','[]',1451,'2020-02-13 12:05:36','2020-02-13 12:05:36'),(1647,'App\\Models\\Attachment',1379,'diploma_files','kennet','kennet.png','image/png','public',1587130,'[]','{\"generated_conversions\": {\"thumb\": true, \"p11-thumb\": true}}','[]',1454,'2020-02-13 12:21:10','2020-02-13 12:21:10'),(1650,'App\\Models\\Attachment',1382,'diploma_files','kennet','kennet.png','image/png','public',977828,'[]','{\"generated_conversions\": {\"thumb\": true, \"p11-thumb\": true}}','[]',1456,'2020-02-13 12:26:20','2020-02-13 12:26:20'),(1651,'App\\Models\\Attachment',1383,'certificate_files','IMG_20200213_202629_142','IMG_20200213_202629_142.jpg','image/jpeg','public',394247,'[]','{\"generated_conversions\": {\"thumb\": true, \"p11-thumb\": true}}','[]',1457,'2020-02-13 12:31:08','2020-02-13 12:31:09'),(1654,'App\\Models\\Attachment',1386,'cv_files','Curriculum vitae','Curriculum-vitae.pdf','application/pdf','public',150848,'[]','[]','[]',1460,'2020-02-13 13:04:34','2020-02-13 13:04:34'),(1656,'App\\Models\\Attachment',1387,'cv_files','Ahmed Nagi Shahra CV_Mar 2019','Ahmed-Nagi-Shahra-CV_Mar-2019.pdf','application/pdf','public',744565,'[]','[]','[]',1462,'2020-02-13 13:06:40','2020-02-13 13:06:40'),(1658,'App\\Models\\Attachment',1389,'cv_files','c46rp-73kkp','c46rp-73kkp.pdf','application/pdf','public',34722,'[]','[]','[]',1464,'2020-02-13 13:32:37','2020-02-13 13:32:37'),(1662,'App\\Models\\Attachment',1392,'cv_files','David Edimu - MCGI','David-Edimu---MCGI.pdf','application/pdf','public',272298,'[]','[]','[]',1468,'2020-02-13 14:20:35','2020-02-13 14:20:35'),(1663,'App\\Models\\Attachment',1393,'cv_files','CV2019_rst','CV2019_rst.pdf','application/pdf','public',1098418,'[]','[]','[]',1469,'2020-02-13 15:44:15','2020-02-13 15:44:15'),(1667,'App\\Models\\Attachment',1396,'diploma_files','Attestation_DEUG2_Biologie-Gologie_DHY','Attestation_DEUG2_Biologie-Gologie_DHY.pdf','application/pdf','public',237410,'[]','[]','[]',1473,'2020-02-13 18:09:09','2020-02-13 18:09:09'),(1668,'App\\Models\\Attachment',1397,'diploma_files','Attestation_DEUG2_Biologie-Gologie_DHY','Attestation_DEUG2_Biologie-Gologie_DHY.pdf','application/pdf','public',237410,'[]','[]','[]',1474,'2020-02-13 18:09:09','2020-02-13 18:09:09'),(1671,'App\\Models\\Attachment',1400,'certificate_files','Attestation-Formation_Excel-Avance_DHY_Decembre-2019','Attestation-Formation_Excel-Avance_DHY_Decembre-2019.pdf','application/pdf','public',547053,'[]','[]','[]',1477,'2020-02-13 18:19:07','2020-02-13 18:19:07'),(1676,'App\\Models\\Attachment',1405,'cv_files','HenBvolunteer1','HenBvolunteer1.pdf','application/pdf','public',171748,'[]','[]','[]',1482,'2020-02-13 19:19:25','2020-02-13 19:19:25'),(1678,'App\\Models\\Attachment',1406,'cv_files','PROFESSIONAL-RESUME_Dassouma-Honore-YEYE_February-2020','PROFESSIONAL-RESUME_Dassouma-Honore-YEYE_February-2020.pdf','application/pdf','public',607285,'[]','[]','[]',1484,'2020-02-13 19:26:56','2020-02-13 19:26:56'),(1682,'App\\Models\\Attachment',1409,'cv_files','budi_hermansyah_cv','budi_hermansyah_cv.pdf','application/pdf','public',121151,'[]','[]','[]',1488,'2020-02-14 00:49:13','2020-02-14 00:49:13'),(1687,'App\\Models\\Attachment',1411,'cv_files','Melkamu_Dessalegn_CV','Melkamu_Dessalegn_CV.pdf','application/pdf','public',262951,'[]','[]','[]',1492,'2020-02-14 01:03:43','2020-02-14 01:03:43'),(1693,'App\\Models\\Attachment',1417,'cv_files','Danish cv','Danish-cv.pdf','application/pdf','public',118113,'[]','[]','[]',1497,'2020-02-14 01:15:47','2020-02-14 01:15:47'),(1695,'App\\Models\\Attachment',1418,'diploma_files','Andrew Wabwire_PGD Certificates','Andrew-Wabwire_PGD-Certificates.pdf','application/pdf','public',1761449,'[]','[]','[]',1499,'2020-02-14 01:32:26','2020-02-14 01:32:26'),(1698,'App\\Models\\Attachment',1421,'cv_files','CV-English','CV-English.pdf','application/pdf','public',189144,'[]','[]','[]',1502,'2020-02-14 01:37:16','2020-02-14 01:37:16'),(1699,'App\\Models\\Attachment',1422,'cv_files','CV Ayari Islem','CV-Ayari-Islem.pdf','application/pdf','public',157097,'[]','[]','[]',1503,'2020-02-14 01:41:09','2020-02-14 01:41:09'),(1703,'App\\Models\\Attachment',1426,'cv_files','Malek Sabbouh CV','Malek-Sabbouh-CV.pdf','application/pdf','public',277778,'[]','[]','[]',1507,'2020-02-14 02:00:26','2020-02-14 02:00:26'),(1708,'App\\Models\\Attachment',1430,'cv_files','Andrew Wabwire_CV','Andrew-Wabwire_CV.pdf','application/pdf','public',89028,'[]','[]','[]',1512,'2020-02-14 02:23:20','2020-02-14 02:23:20'),(1714,'App\\Models\\Attachment',1436,'certificate_files','UMTH. Traning certificate','UMTH.-Traning-certificate.jpg','image/jpeg','public',214327,'[]','{\"generated_conversions\": {\"thumb\": true, \"p11-thumb\": true}}','[]',1518,'2020-02-14 02:47:00','2020-02-14 02:47:01'),(1715,'App\\Models\\Attachment',1437,'certificate_files','UMTH. Traning certificate','UMTH.-Traning-certificate.jpg','image/jpeg','public',214327,'[]','{\"generated_conversions\": {\"thumb\": true, \"p11-thumb\": true}}','[]',1519,'2020-02-14 02:47:01','2020-02-14 02:47:01'),(1717,'App\\Models\\Attachment',1439,'cv_files','CV_Lhanna-Glenn-Santos','CV_Lhanna-Glenn-Santos.pdf','application/pdf','public',121993,'[]','[]','[]',1521,'2020-02-14 03:09:14','2020-02-14 03:09:14'),(1721,'App\\Models\\Attachment',1442,'diploma_files','IMG_2898','IMG_2898.JPG','image/jpeg','public',292407,'[]','{\"generated_conversions\": {\"thumb\": true, \"p11-thumb\": true}}','[]',1525,'2020-02-14 03:49:31','2020-02-14 03:49:31'),(1723,'App\\Models\\Attachment',1444,'cv_files','Atama Emmanuel Atama CV','Atama-Emmanuel-Atama-CV.pdf','application/pdf','public',298218,'[]','[]','[]',1526,'2020-02-14 04:07:40','2020-02-14 04:07:40'),(1725,'App\\Models\\Attachment',1445,'cv_files','Sidi_DIALLO_CV_en','Sidi_DIALLO_CV_en.pdf','application/pdf','public',215473,'[]','[]','[]',1528,'2020-02-14 04:08:57','2020-02-14 04:08:57'),(1727,'App\\Models\\Attachment',1447,'cv_files','ROZA','ROZA.pdf','application/pdf','public',39289,'[]','[]','[]',1530,'2020-02-14 05:06:36','2020-02-14 05:06:36'),(1729,'App\\Models\\Attachment',1449,'cv_files','AKANO MUTIU OLULEYE','AKANO-MUTIU-OLULEYE.pdf','application/pdf','public',114409,'[]','[]','[]',1532,'2020-02-14 05:29:16','2020-02-14 05:29:16'),(1732,'App\\Models\\Attachment',1451,'diploma_files','HND RESULT','HND-RESULT.pdf','application/pdf','public',1744637,'[]','[]','[]',1535,'2020-02-14 07:31:20','2020-02-14 07:31:20'),(1733,'App\\Models\\Attachment',1452,'cv_files','Curriculum Vitae','Curriculum-Vitae.pdf','application/pdf','public',30005,'[]','[]','[]',1536,'2020-02-14 10:14:30','2020-02-14 10:14:30'),(1736,'App\\Models\\Attachment',1454,'cv_files','CV of_Shawqi_Annomay','CV-of_Shawqi_Annomay.pdf','application/pdf','public',199843,'[]','[]','[]',1538,'2020-02-14 11:03:49','2020-02-14 11:03:49'),(1744,'App\\Models\\Attachment',1457,'cv_files','Umoru Godswill CV','Umoru-Godswill-CV.pdf','application/pdf','public',123531,'[]','[]','[]',1543,'2020-02-14 11:40:32','2020-02-14 11:40:32'),(1747,'App\\Models\\Attachment',1458,'publication_files','The cost of insecurity_from flare-up to control of a major Ebola virus disease hotspot during the outbreak in the DRC_2019(Eurosurveillance)','The-cost-of-insecurity_from-flare-up-to-control-of-a-major-Ebola-virus-disease-hotspot-during-the-outbreak-in-the-DRC_2019(Eurosurveillance).pdf','application/pdf','public',763249,'[]','[]','[]',1545,'2020-02-14 13:46:51','2020-02-14 13:46:51'),(1752,'App\\Models\\Attachment',1463,'publication_files','Mmoire sur l\'Intelligence Economique de YONLI Olivier','Mmoire-sur-l\'Intelligence-Economique-de-YONLI-Olivier.pdf','application/pdf','public',714656,'[]','[]','[]',1550,'2020-02-14 14:28:19','2020-02-14 14:28:19'),(1754,'App\\Models\\Attachment',1465,'cv_files','YONLI Limni Resume','YONLI-Limni-Resume.pdf','application/pdf','public',264245,'[]','[]','[]',1551,'2020-02-14 15:00:28','2020-02-14 15:00:28'),(1757,'App\\Models\\Attachment',1467,'diploma_files','scanner_20200215_000159','scanner_20200215_000159.jpg','image/jpeg','public',238665,'[]','{\"generated_conversions\": {\"thumb\": true, \"p11-thumb\": true}}','[]',1554,'2020-02-14 16:07:10','2020-02-14 16:07:11'),(1760,'App\\Models\\Attachment',1470,'cv_files','resume_1546622682078','resume_1546622682078.pdf','application/pdf','public',640314,'[]','[]','[]',1556,'2020-02-14 16:53:00','2020-02-14 16:53:00'),(1769,'App\\Models\\Attachment',1478,'diploma_files','Diploma Bac+5  Gedeon','Diploma-Bac+5--Gedeon.jpg','image/jpeg','public',395757,'[]','{\"generated_conversions\": {\"thumb\": true, \"p11-thumb\": true}}','[]',1565,'2020-02-15 01:38:19','2020-02-15 01:38:20'),(1782,'App\\Models\\Attachment',1490,'cv_files','J I KATOCV ','J-I-KATOCV-.pdf','application/pdf','public',292191,'[]','[]','[]',1577,'2020-02-15 03:11:07','2020-02-15 03:11:07'),(1783,'App\\Models\\Attachment',1491,'publication_files','Article ELAKAT','Article-ELAKAT.pdf','application/pdf','public',295246,'[]','[]','[]',1578,'2020-02-15 03:15:34','2020-02-15 03:15:34'),(1784,'App\\Models\\Attachment',1492,'publication_files','Article Manioc','Article-Manioc.pdf','application/pdf','public',382281,'[]','[]','[]',1579,'2020-02-15 03:16:43','2020-02-15 03:16:43'),(1785,'App\\Models\\Attachment',1493,'certificate_files','Certificat UN HABITAT UN Core values','Certificat-UN-HABITAT-UN-Core-values.pdf','application/pdf','public',566819,'[]','[]','[]',1580,'2020-02-15 03:23:20','2020-02-15 03:23:20'),(1786,'App\\Models\\Attachment',1494,'certificate_files','Certificat UN HABITAT UN Core values','Certificat-UN-HABITAT-UN-Core-values.pdf','application/pdf','public',566819,'[]','[]','[]',1581,'2020-02-15 03:23:20','2020-02-15 03:23:20'),(1789,'App\\Models\\Attachment',1497,'cv_files','CV English 2020','CV-English-2020.pdf','application/pdf','public',714783,'[]','[]','[]',1583,'2020-02-15 03:38:42','2020-02-15 03:38:42'),(1792,'App\\Models\\Attachment',1500,'cv_files','Dorcas Ityav Resum-iMMAP','Dorcas-Ityav-Resum-iMMAP.pdf','application/pdf','public',489220,'[]','[]','[]',1586,'2020-02-15 05:24:42','2020-02-15 05:24:42'),(1793,'App\\Models\\Attachment',1501,'diploma_files','IMG15817704380730','IMG15817704380730.png','image/png','public',1836051,'[]','{\"generated_conversions\": {\"thumb\": true, \"p11-thumb\": true}}','[]',1587,'2020-02-15 05:41:49','2020-02-15 05:41:49'),(1801,'App\\Models\\Attachment',1509,'certificate_files','First Aid cert','First-Aid-cert.pdf','application/pdf','public',237689,'[]','[]','[]',1595,'2020-02-15 08:50:08','2020-02-15 08:50:08'),(1804,'App\\Models\\Attachment',1512,'certificate_files','M&E of holistic','M&E-of-holistic.pdf','application/pdf','public',216430,'[]','[]','[]',1598,'2020-02-15 08:55:52','2020-02-15 08:55:52'),(1807,'App\\Models\\Attachment',1515,'publication_files','THE NATURE AND CONSEQUENCES OF DRUGS ABUSE AMONG COMMERCIAL MOTOR DRIVERS, IN MAIDUGURI METROPOLITANT COUNCIL, BORNO STATE.','THE-NATURE-AND-CONSEQUENCES-OF-DRUGS-ABUSE-AMONG-COMMERCIAL-MOTOR-DRIVERS,-IN-MAIDUGURI-METROPOLITANT-COUNCIL,-BORNO-STATE..pdf','application/pdf','public',814560,'[]','[]','[]',1601,'2020-02-15 09:02:21','2020-02-15 09:02:21'),(1812,'App\\Models\\Attachment',1518,'diploma_files','10 001','10-001.jpg','image/jpeg','public',1137011,'[]','{\"generated_conversions\": {\"thumb\": true, \"p11-thumb\": true}}','[]',1605,'2020-02-15 11:35:20','2020-02-15 11:35:21'),(1814,'App\\Models\\Attachment',1520,'diploma_files','Wasim_Chahrour_MBA','Wasim_Chahrour_MBA.pdf','application/pdf','public',1614727,'[]','[]','[]',1607,'2020-02-15 11:58:41','2020-02-15 11:58:41'),(1816,'App\\Models\\Attachment',1522,'cv_files','Wasim Chahrour_CV','Wasim-Chahrour_CV.pdf','application/pdf','public',482536,'[]','[]','[]',1609,'2020-02-15 12:40:06','2020-02-15 12:40:06'),(1819,'App\\Models\\Attachment',1524,'cv_files','sam\'s curriculuml vitae R','sam\'s-curriculuml-vitae-R.pdf','application/pdf','public',842376,'[]','[]','[]',1612,'2020-02-15 13:15:28','2020-02-15 13:15:28'),(1825,'App\\Models\\Attachment',1529,'cv_files','RESUME TERHEMBA','RESUME-TERHEMBA.pdf','application/pdf','public',374200,'[]','[]','[]',1618,'2020-02-15 13:51:19','2020-02-15 13:51:19'),(1829,'App\\Models\\Attachment',1533,'cv_files','NGO\'s Shams customs cv','NGO\'s-Shams-customs-cv.pdf','application/pdf','public',235941,'[]','[]','[]',1622,'2020-02-15 14:08:12','2020-02-15 14:08:12'),(1831,'App\\Models\\Attachment',1534,'cv_files','HananAkilan_CV','HananAkilan_CV.pdf','application/pdf','public',137031,'[]','[]','[]',1624,'2020-02-15 14:18:14','2020-02-15 14:18:14'),(1834,'App\\Models\\Attachment',1535,'cv_files','IdrissUsman cv 2020-02-15 (1)','IdrissUsman-cv-2020-02-15-(1).pdf','application/pdf','public',7265,'[]','[]','[]',1627,'2020-02-15 14:29:34','2020-02-15 14:29:34'),(1835,'App\\Models\\Attachment',1536,'cv_files','Curriculum Vitae - Fanuel Chitiyo','Curriculum-Vitae---Fanuel-Chitiyo.pdf','application/pdf','public',258579,'[]','[]','[]',1628,'2020-02-16 01:19:11','2020-02-16 01:19:11'),(1839,'App\\Models\\Attachment',1540,'cv_files','CV_HanyALIMAM220','CV_HanyALIMAM220.pdf','application/pdf','public',155724,'[]','[]','[]',1632,'2020-02-16 03:38:50','2020-02-16 03:38:50'),(1840,'App\\Models\\Attachment',1541,'cv_files','Adamu Rabiu CV','Adamu-Rabiu-CV.pdf','application/pdf','public',265663,'[]','[]','[]',1633,'2020-02-16 03:46:05','2020-02-16 03:46:05'),(1843,'App\\Models\\Attachment',1543,'diploma_files','Bachelors Degree in Computer Science Certificate-page-001-min','Bachelors-Degree-in-Computer-Science-Certificate-page-001-min.jpg','image/jpeg','public',138547,'[]','{\"generated_conversions\": {\"thumb\": true, \"p11-thumb\": true}}','[]',1636,'2020-02-16 05:44:01','2020-02-16 05:44:02'),(1846,'App\\Models\\Attachment',1546,'diploma_files','B.Sc Cert','B.Sc-Cert.png','image/png','public',713395,'[]','{\"generated_conversions\": {\"thumb\": true, \"p11-thumb\": true}}','[]',1639,'2020-02-16 06:12:05','2020-02-16 06:12:05'),(1848,'App\\Models\\Attachment',1548,'publication_files','1 Food sector severity scale Analysis using ML-Omar Al Daher','1-Food-sector-severity-scale-Analysis-using-ML-Omar-Al-Daher.pdf','application/pdf','public',253935,'[]','[]','[]',1641,'2020-02-16 06:18:10','2020-02-16 06:18:10'),(1849,'App\\Models\\Attachment',1549,'publication_files','1 Food sector severity scale Analysis using ML-Omar Al Daher','1-Food-sector-severity-scale-Analysis-using-ML-Omar-Al-Daher.pdf','application/pdf','public',212486,'[]','[]','[]',1642,'2020-02-16 06:20:02','2020-02-16 06:20:02'),(1850,'App\\Models\\Attachment',1550,'publication_files','Statistical analysis on skin cancer data, and study the correlation with environmental and economic factors','Statistical-analysis-on-skin-cancer-data,-and-study-the-correlation-with-environmental-and-economic-factors.pdf','application/pdf','public',502560,'[]','[]','[]',1643,'2020-02-16 06:22:45','2020-02-16 06:22:45'),(1851,'App\\Models\\Attachment',1551,'publication_files','Big Data Platform for Highly Scalable Blockchain Architecture (2)','Big-Data-Platform-for-Highly-Scalable-Blockchain-Architecture-(2).pdf','application/pdf','public',1327269,'[]','[]','[]',1644,'2020-02-16 06:26:40','2020-02-16 06:26:40'),(1852,'App\\Models\\Attachment',1552,'cv_files','Resume  Abba Lawan Mustafa+STO RH pdf','Resume--Abba-Lawan-Mustafa+STO-RH-pdf.pdf','application/pdf','public',1468856,'[]','[]','[]',1645,'2020-02-16 07:06:40','2020-02-16 07:06:40'),(1854,'App\\Models\\Attachment',1553,'cv_files','Omar Al-Daher - Resume_2020','Omar-Al-Daher---Resume_2020.pdf','application/pdf','public',197919,'[]','[]','[]',1647,'2020-02-16 07:23:05','2020-02-16 07:23:05'),(1861,'App\\Models\\Attachment',1558,'cv_files','Akintola Seun samuel_','Akintola-Seun-samuel_.pdf','application/pdf','public',182618,'[]','[]','[]',1653,'2020-02-16 08:32:44','2020-02-16 08:32:44'),(1864,'App\\Models\\Attachment',1560,'cv_files','MSB_201908_Fabrice Recalt','MSB_201908_Fabrice-Recalt.pdf','application/pdf','public',144201,'[]','[]','[]',1656,'2020-02-16 09:47:32','2020-02-16 09:47:32'),(1866,'App\\Models\\Attachment',1561,'cv_files','David Ubahi Resume Information Management Officer_IMMAP','David-Ubahi-Resume-Information-Management-Officer_IMMAP.pdf','application/pdf','public',219149,'[]','[]','[]',1658,'2020-02-16 11:42:25','2020-02-16 11:42:25'),(1869,'App\\Models\\Attachment',1563,'certificate_files','Attestation_Master','Attestation_Master.jpg','image/jpeg','public',231329,'[]','{\"generated_conversions\": {\"thumb\": true, \"p11-thumb\": true}}','[]',1661,'2020-02-16 13:17:59','2020-02-16 13:18:00'),(1870,'App\\Models\\Attachment',1564,'certificate_files','Attestation_Master','Attestation_Master.jpg','image/jpeg','public',231329,'[]','{\"generated_conversions\": {\"thumb\": true, \"p11-thumb\": true}}','[]',1662,'2020-02-16 13:18:01','2020-02-16 13:18:02'),(1871,'App\\Models\\Attachment',1565,'certificate_files','Attestation_Master','Attestation_Master.jpg','image/jpeg','public',231329,'[]','{\"generated_conversions\": {\"thumb\": true, \"p11-thumb\": true}}','[]',1663,'2020-02-16 13:22:51','2020-02-16 13:22:51'),(1876,'App\\Models\\Attachment',1570,'diploma_files','Master','Master.pdf','application/pdf','public',329132,'[]','[]','[]',1668,'2020-02-16 14:27:34','2020-02-16 14:27:34'),(1877,'App\\Models\\Attachment',1571,'publication_files','ishaq muhammed','ishaq-muhammed.pdf','application/pdf','public',329858,'[]','[]','[]',1669,'2020-02-16 15:10:38','2020-02-16 15:10:38'),(1878,'App\\Models\\Attachment',1572,'publication_files','ishaq muhammed','ishaq-muhammed.pdf','application/pdf','public',329858,'[]','[]','[]',1670,'2020-02-16 15:10:47','2020-02-16 15:10:47'),(1879,'App\\Models\\Attachment',1573,'publication_files','ishaq muhammed','ishaq-muhammed.pdf','application/pdf','public',329858,'[]','[]','[]',1671,'2020-02-16 15:10:54','2020-02-16 15:10:54'),(1880,'App\\Models\\Attachment',1574,'publication_files','ishaq muhammed','ishaq-muhammed.pdf','application/pdf','public',329858,'[]','[]','[]',1672,'2020-02-16 15:10:55','2020-02-16 15:10:55'),(1881,'App\\Models\\Attachment',1575,'publication_files','ishaq muhammed','ishaq-muhammed.pdf','application/pdf','public',329858,'[]','[]','[]',1673,'2020-02-16 15:11:05','2020-02-16 15:11:05'),(1882,'App\\Models\\Attachment',1576,'diploma_files','New Doc 2018-09-06_1','New-Doc-2018-09-06_1.jpg','image/jpeg','public',152159,'[]','{\"generated_conversions\": {\"thumb\": true, \"p11-thumb\": true}}','[]',1674,'2020-02-16 16:09:52','2020-02-16 16:09:52'),(1883,'App\\Models\\Attachment',1577,'diploma_files','New Doc 2018-09-06_1','New-Doc-2018-09-06_1.jpg','image/jpeg','public',152159,'[]','{\"generated_conversions\": {\"thumb\": true, \"p11-thumb\": true}}','[]',1675,'2020-02-16 16:19:22','2020-02-16 16:19:22'),(1886,'App\\Models\\Attachment',1580,'diploma_files','B.ARTS','B.ARTS.pdf','application/pdf','public',57446,'[]','[]','[]',1678,'2020-02-16 17:09:22','2020-02-16 17:09:22'),(1887,'App\\Models\\Attachment',1581,'diploma_files','B.ARTS','B.ARTS.pdf','application/pdf','public',57446,'[]','[]','[]',1679,'2020-02-16 17:15:12','2020-02-16 17:15:12'),(1890,'App\\Models\\Attachment',1584,'cv_files','huzaifah CV','huzaifah-CV.pdf','application/pdf','public',93773,'[]','[]','[]',1681,'2020-02-16 20:47:32','2020-02-16 20:47:32'),(1896,'App\\Models\\Attachment',1589,'diploma_files','CCI08112018','CCI08112018.pdf','application/pdf','public',1412335,'[]','[]','[]',1687,'2020-02-16 22:56:02','2020-02-16 22:56:02'),(1899,'App\\Models\\Attachment',1592,'certificate_files','CCF08092018 (2)','CCF08092018-(2).pdf','application/pdf','public',1327266,'[]','[]','[]',1690,'2020-02-16 23:08:38','2020-02-16 23:08:38'),(1901,'App\\Models\\Attachment',1594,'certificate_files','CCI08092018_0010','CCI08092018_0010.pdf','application/pdf','public',1240108,'[]','[]','[]',1692,'2020-02-16 23:14:52','2020-02-16 23:14:52'),(1904,'App\\Models\\Attachment',1597,'cv_files','CV','CV.pdf','application/pdf','public',118435,'[]','[]','[]',1695,'2020-02-16 23:25:59','2020-02-16 23:25:59'),(1910,'App\\Models\\Attachment',1602,'diploma_files','3_MSc_Aside','3_MSc_Aside.jpg','image/jpeg','public',1596891,'[]','{\"generated_conversions\": {\"thumb\": true, \"p11-thumb\": true}}','[]',1701,'2020-02-17 00:18:01','2020-02-17 00:18:02'),(1919,'App\\Models\\Attachment',1608,'cv_files','Mr. Danbaba (C.V)','Mr.-Danbaba-(C.V).pdf','application/pdf','public',502796,'[]','[]','[]',1709,'2020-02-17 00:42:03','2020-02-17 00:42:03'),(1930,'App\\Models\\Attachment',1619,'certificate_files','UNDSS_Advance Security in Field Certificate','UNDSS_Advance-Security-in-Field-Certificate.pdf','application/pdf','public',1916378,'[]','[]','[]',1720,'2020-02-17 01:01:49','2020-02-17 01:01:49'),(1932,'App\\Models\\Attachment',1621,'certificate_files','solar installation certificate','solar-installation-certificate.pdf','application/pdf','public',576776,'[]','[]','[]',1722,'2020-02-17 01:04:30','2020-02-17 01:04:30'),(1934,'App\\Models\\Attachment',1623,'certificate_files','solar installation certificate','solar-installation-certificate.pdf','application/pdf','public',576776,'[]','[]','[]',1724,'2020-02-17 01:11:05','2020-02-17 01:11:05'),(1937,'App\\Models\\Attachment',1625,'certificate_files','python programming','python-programming.pdf','application/pdf','public',338419,'[]','[]','[]',1727,'2020-02-17 01:21:04','2020-02-17 01:21:04'),(1940,'App\\Models\\Attachment',1628,'cv_files','Abed Alrahman Mukahhal CV','Abed-Alrahman-Mukahhal-CV.pdf','application/pdf','public',256221,'[]','[]','[]',1730,'2020-02-17 01:36:53','2020-02-17 01:36:53'),(1942,'App\\Models\\Attachment',1629,'cv_files','Hatem Shammout (1)','Hatem-Shammout-(1).pdf','application/pdf','public',287381,'[]','[]','[]',1732,'2020-02-17 01:41:45','2020-02-17 01:41:45'),(1944,'App\\Models\\Attachment',1630,'cv_files','Abdulmujib CV','Abdulmujib-CV.pdf','application/pdf','public',118991,'[]','[]','[]',1734,'2020-02-17 01:58:47','2020-02-17 01:58:47'),(1946,'App\\Models\\Attachment',1631,'cv_files','Zeb Alam Khan Resume','Zeb-Alam-Khan-Resume.pdf','application/pdf','public',122752,'[]','[]','[]',1736,'2020-02-17 02:42:49','2020-02-17 02:42:49'),(1949,'App\\Models\\Attachment',1633,'cv_files','Resume_Richy_Ngombo_2020-01-29','Resume_Richy_Ngombo_2020-01-29.pdf','application/pdf','public',414264,'[]','[]','[]',1738,'2020-02-17 03:00:01','2020-02-17 03:00:01'),(1958,'App\\Models\\Attachment',1642,'diploma_files','VICK CERT. 1ST DEGREE','VICK-CERT.-1ST-DEGREE.jpg','image/jpeg','public',547269,'[]','{\"generated_conversions\": {\"thumb\": true, \"p11-thumb\": true}}','[]',1747,'2020-02-17 04:17:34','2020-02-17 04:17:34'),(1959,'App\\Models\\Attachment',1643,'diploma_files','VICK CERT. 1ST DEGREE','VICK-CERT.-1ST-DEGREE.jpg','image/jpeg','public',547269,'[]','{\"generated_conversions\": {\"thumb\": true, \"p11-thumb\": true}}','[]',1748,'2020-02-17 04:25:18','2020-02-17 04:25:18'),(1960,'App\\Models\\Attachment',1644,'diploma_files','VICK CERT. 1ST DEGREE','VICK-CERT.-1ST-DEGREE.jpg','image/jpeg','public',547269,'[]','{\"generated_conversions\": {\"thumb\": true, \"p11-thumb\": true}}','[]',1749,'2020-02-17 04:28:23','2020-02-17 04:28:24'),(1961,'App\\Models\\Attachment',1645,'diploma_files','VICK CERT. 1ST DEGREE','VICK-CERT.-1ST-DEGREE.jpg','image/jpeg','public',547269,'[]','{\"generated_conversions\": {\"thumb\": true, \"p11-thumb\": true}}','[]',1750,'2020-02-17 04:29:05','2020-02-17 04:29:06'),(1964,'App\\Models\\Attachment',1648,'certificate_files','businesscard_back2_17_101350','businesscard_back2_17_101350.png','image/png','public',949980,'[]','{\"generated_conversions\": {\"thumb\": true, \"p11-thumb\": true}}','[]',1753,'2020-02-17 04:44:11','2020-02-17 04:44:12'),(1965,'App\\Models\\Attachment',1649,'certificate_files','businesscard_back2_17_101350','businesscard_back2_17_101350.png','image/png','public',949980,'[]','{\"generated_conversions\": {\"thumb\": true, \"p11-thumb\": true}}','[]',1754,'2020-02-17 04:44:16','2020-02-17 04:44:17'),(1966,'App\\Models\\Attachment',1650,'publication_files','_20200208_200729','_20200208_200729.JPG','image/jpeg','public',500268,'[]','{\"generated_conversions\": {\"thumb\": true, \"p11-thumb\": true}}','[]',1755,'2020-02-17 04:47:34','2020-02-17 04:47:35'),(1967,'App\\Models\\Attachment',1651,'cv_files','VICTORAYENIKANJU cv 2020-02-10 (1)','VICTORAYENIKANJU-cv-2020-02-10-(1).pdf','application/pdf','public',43972,'[]','[]','[]',1756,'2020-02-17 04:53:41','2020-02-17 04:53:41'),(1973,'App\\Models\\Attachment',1655,'diploma_files','Maureen_Bsc certificate','Maureen_Bsc-certificate.pdf','application/pdf','public',655103,'[]','[]','[]',1762,'2020-02-17 06:12:47','2020-02-17 06:12:47'),(1974,'App\\Models\\Attachment',1656,'diploma_files','Maureen_Bsc certificate','Maureen_Bsc-certificate.pdf','application/pdf','public',655103,'[]','[]','[]',1763,'2020-02-17 06:12:53','2020-02-17 06:12:53'),(1984,'App\\Models\\Attachment',1666,'certificate_files','NRC_HUMACC_Certificate for Humanitarian Access course','NRC_HUMACC_Certificate-for-Humanitarian-Access-course.pdf','application/pdf','public',489105,'[]','[]','[]',1773,'2020-02-17 07:00:20','2020-02-17 07:00:20'),(1992,'App\\Models\\Attachment',1674,'cv_files','michael A. F','michael-A.-F.pdf','application/pdf','public',143420,'[]','[]','[]',1781,'2020-02-17 07:28:05','2020-02-17 07:28:05'),(1995,'App\\Models\\Attachment',1676,'cv_files','resume','resume.pdf','application/pdf','public',204203,'[]','[]','[]',1784,'2020-02-17 07:29:45','2020-02-17 07:29:45'),(1998,'App\\Models\\Attachment',1678,'cv_files','Maureen Munyagia-Resume','Maureen-Munyagia-Resume.pdf','application/pdf','public',59397,'[]','[]','[]',1787,'2020-02-17 07:44:50','2020-02-17 07:44:50'),(2001,'App\\Models\\Attachment',1679,'diploma_files','BC_29765_112_Jason-Praise-Solomon','BC_29765_112_Jason-Praise-Solomon.pdf','application/pdf','public',406050,'[]','[]','[]',1789,'2020-02-17 08:21:09','2020-02-17 08:21:09'),(2002,'App\\Models\\Attachment',1680,'diploma_files','BC_29765_112_Jason-Praise-Solomon','BC_29765_112_Jason-Praise-Solomon.pdf','application/pdf','public',406050,'[]','[]','[]',1790,'2020-02-17 08:21:21','2020-02-17 08:21:21'),(2003,'App\\Models\\Attachment',1681,'diploma_files','BC_29765_112_Jason-Praise-Solomon','BC_29765_112_Jason-Praise-Solomon.pdf','application/pdf','public',406050,'[]','[]','[]',1791,'2020-02-17 08:21:45','2020-02-17 08:21:45'),(2004,'App\\Models\\Attachment',1682,'diploma_files','BC_29765_112_Jason-Praise-Solomon','BC_29765_112_Jason-Praise-Solomon.pdf','application/pdf','public',406050,'[]','[]','[]',1792,'2020-02-17 08:21:55','2020-02-17 08:21:55'),(2006,'App\\Models\\Attachment',1684,'diploma_files','BC_29765_112_Jason-Praise-Solomon','BC_29765_112_Jason-Praise-Solomon.pdf','application/pdf','public',406050,'[]','[]','[]',1794,'2020-02-17 08:22:19','2020-02-17 08:22:19'),(2007,'App\\Models\\Attachment',1685,'diploma_files','Original Degree Certificate BSc','Original-Degree-Certificate-BSc.pdf','application/pdf','public',390976,'[]','[]','[]',1795,'2020-02-17 08:24:33','2020-02-17 08:24:33'),(2009,'App\\Models\\Attachment',1687,'diploma_files','Original Degree Certificate BSc','Original-Degree-Certificate-BSc.pdf','application/pdf','public',390976,'[]','[]','[]',1797,'2020-02-17 08:24:43','2020-02-17 08:24:43'),(2010,'App\\Models\\Attachment',1688,'diploma_files','Original Degree Certificate BSc','Original-Degree-Certificate-BSc.pdf','application/pdf','public',390976,'[]','[]','[]',1798,'2020-02-17 08:24:54','2020-02-17 08:24:54'),(2011,'App\\Models\\Attachment',1689,'diploma_files','Original Degree Certificate BSc','Original-Degree-Certificate-BSc.pdf','application/pdf','public',390976,'[]','[]','[]',1799,'2020-02-17 08:25:42','2020-02-17 08:25:42'),(2012,'App\\Models\\Attachment',1690,'diploma_files','Original Degree Certificate BSc','Original-Degree-Certificate-BSc.pdf','application/pdf','public',390976,'[]','[]','[]',1800,'2020-02-17 08:25:45','2020-02-17 08:25:45'),(2015,'App\\Models\\Attachment',1693,'cv_files','Emmanuel Best CV','Emmanuel-Best-CV.pdf','application/pdf','public',107586,'[]','[]','[]',1803,'2020-02-17 08:35:02','2020-02-17 08:35:02'),(2025,'App\\Models\\Attachment',1702,'cv_files','CV aristide Mouakoua Jan 2020','CV-aristide-Mouakoua-Jan-2020.pdf','application/pdf','public',551574,'[]','[]','[]',1813,'2020-02-17 08:51:38','2020-02-17 08:51:38'),(2032,'App\\Models\\Attachment',1709,'cv_files','Summary Resume for JasonSolomon Oct 2019','Summary-Resume-for-JasonSolomon-Oct-2019.pdf','application/pdf','public',113482,'[]','[]','[]',1819,'2020-02-17 09:35:05','2020-02-17 09:35:05'),(2035,'App\\Models\\Attachment',1710,'publication_files','Ijose(1)','Ijose(1).pdf','application/pdf','public',226009,'[]','[]','[]',1821,'2020-02-17 09:38:54','2020-02-17 09:38:54'),(2036,'App\\Models\\Attachment',1711,'publication_files','ALARAPE ET AL(2)','ALARAPE-ET-AL(2).pdf','application/pdf','public',525460,'[]','[]','[]',1822,'2020-02-17 09:41:40','2020-02-17 09:41:40'),(2037,'App\\Models\\Attachment',1712,'cv_files','CV Carolina Zanoncello','CV-Carolina-Zanoncello.pdf','application/pdf','public',94544,'[]','[]','[]',1823,'2020-02-17 09:52:47','2020-02-17 09:52:47'),(2038,'App\\Models\\Attachment',1713,'cv_files','IJOSE OPEMIPO ALABA CURRENT CV','IJOSE-OPEMIPO-ALABA-CURRENT-CV.pdf','application/pdf','public',144685,'[]','[]','[]',1824,'2020-02-17 10:14:31','2020-02-17 10:14:31'),(2042,'App\\Models\\Attachment',1716,'cv_files','cvdenis_actualis_2019 (1)','cvdenis_actualis_2019-(1).pdf','application/pdf','public',195082,'[]','[]','[]',1826,'2020-02-17 11:39:28','2020-02-17 11:39:28'),(2046,'App\\Models\\Attachment',1720,'certificate_files','certificate_CISCO','certificate_CISCO.jpg','image/jpeg','public',450581,'[]','{\"generated_conversions\": {\"thumb\": true, \"p11-thumb\": true}}','[]',1830,'2020-02-17 13:15:28','2020-02-17 13:15:28'),(2048,'App\\Models\\Attachment',1722,'cv_files','CV_IMO_GIS_Abdullah Shahrah_IBB_1984_CLUSTER','CV_IMO_GIS_Abdullah-Shahrah_IBB_1984_CLUSTER.pdf','application/pdf','public',391957,'[]','[]','[]',1831,'2020-02-17 13:43:24','2020-02-17 13:43:24'),(2050,'App\\Models\\Attachment',1723,'diploma_files','MBA Result pdf','MBA-Result-pdf.pdf','application/pdf','public',498516,'[]','[]','[]',1833,'2020-02-17 14:00:27','2020-02-17 14:00:27'),(2051,'App\\Models\\Attachment',1724,'diploma_files','MBA Result pdf','MBA-Result-pdf.pdf','application/pdf','public',498516,'[]','[]','[]',1834,'2020-02-17 14:00:29','2020-02-17 14:00:29'),(2053,'App\\Models\\Attachment',1726,'cv_files','CV - Usman Mohammed PDF','CV---Usman-Mohammed-PDF.pdf','application/pdf','public',582187,'[]','[]','[]',1836,'2020-02-17 14:44:20','2020-02-17 14:44:20'),(2055,'App\\Models\\Attachment',1727,'certificate_files','Esri_GIS_Training','Esri_GIS_Training.pdf','application/pdf','public',510769,'[]','[]','[]',1838,'2020-02-17 15:13:59','2020-02-17 15:13:59'),(2060,'App\\Models\\Attachment',1732,'cv_files','Venkatesh_Purushothaman','Venkatesh_Purushothaman.pdf','application/pdf','public',88049,'[]','[]','[]',1843,'2020-02-17 20:03:33','2020-02-17 20:03:33'),(2062,'App\\Models\\Attachment',1733,'cv_files','AnupmaSud-CV','AnupmaSud-CV.pdf','application/pdf','public',108133,'[]','[]','[]',1845,'2020-02-17 20:28:11','2020-02-17 20:28:11'),(2066,'App\\Models\\Attachment',1735,'portfolios','DIPLOMA IN COMPUTER CERT (2)','DIPLOMA-IN-COMPUTER-CERT-(2).jpg','image/jpeg','public',968660,'[]','{\"generated_conversions\": {\"thumb\": true, \"p11-thumb\": true}}','[]',1848,'2020-02-18 00:20:08','2020-02-18 00:20:09'),(2069,'App\\Models\\Attachment',1737,'diploma_files','University Certificate','University-Certificate.pdf','application/pdf','public',1110159,'[]','[]','[]',1851,'2020-02-18 00:26:30','2020-02-18 00:26:30'),(2071,'App\\Models\\Attachment',1739,'cv_files','uduma nwoke CV update','uduma-nwoke-CV-update.pdf','application/pdf','public',304807,'[]','[]','[]',1853,'2020-02-18 00:29:52','2020-02-18 00:29:52'),(2072,'App\\Models\\Attachment',1740,'certificate_files','_IPC_Acute_Level_1_Test_Certificate_V3_compressed','_IPC_Acute_Level_1_Test_Certificate_V3_compressed.pdf','application/pdf','public',476729,'[]','[]','[]',1854,'2020-02-18 00:30:41','2020-02-18 00:30:41'),(2074,'App\\Models\\Attachment',1742,'cv_files','CV (Arnold Njogu)','CV-(Arnold-Njogu).pdf','application/pdf','public',341208,'[]','[]','[]',1856,'2020-02-18 00:48:00','2020-02-18 00:48:00'),(2076,'App\\Models\\Attachment',1743,'cv_files','CV_ Nadege CIREZI','CV_-Nadege-CIREZI.pdf','application/pdf','public',344969,'[]','[]','[]',1858,'2020-02-18 01:21:16','2020-02-18 01:21:16'),(2089,'App\\Models\\Attachment',1745,'certificate_files','coaching','coaching.pdf','application/pdf','public',89118,'[]','[]','[]',1862,'2020-02-18 03:12:52','2020-02-18 03:12:52'),(2091,'App\\Models\\Attachment',1747,'certificate_files','hse 3','hse-3.pdf','application/pdf','public',595046,'[]','[]','[]',1864,'2020-02-18 03:58:20','2020-02-18 03:58:20'),(2093,'App\\Models\\Attachment',1749,'diploma_files','Masters Health Economics','Masters-Health-Economics.pdf','application/pdf','public',564589,'[]','[]','[]',1866,'2020-02-18 04:36:51','2020-02-18 04:36:51'),(2094,'App\\Models\\Attachment',1750,'diploma_files','Masters Health Economics','Masters-Health-Economics.pdf','application/pdf','public',564589,'[]','[]','[]',1867,'2020-02-18 04:37:02','2020-02-18 04:37:02'),(2095,'App\\Models\\Attachment',1751,'diploma_files','Masters Health Economics','Masters-Health-Economics.pdf','application/pdf','public',564589,'[]','[]','[]',1868,'2020-02-18 04:37:07','2020-02-18 04:37:07'),(2097,'App\\Models\\Attachment',1753,'diploma_files','uam','uam.pdf','application/pdf','public',334565,'[]','[]','[]',1870,'2020-02-18 04:37:43','2020-02-18 04:37:43'),(2098,'App\\Models\\Attachment',1754,'diploma_files','uam','uam.pdf','application/pdf','public',334565,'[]','[]','[]',1871,'2020-02-18 04:42:24','2020-02-18 04:42:24'),(2101,'App\\Models\\Attachment',1757,'diploma_files','B.SC in Statistics','B.SC-in-Statistics.jpg','image/jpeg','public',63170,'[]','{\"generated_conversions\": {\"thumb\": true, \"p11-thumb\": true}}','[]',1874,'2020-02-18 04:51:33','2020-02-18 04:51:33'),(2102,'App\\Models\\Attachment',1758,'diploma_files','B.SC in Statistics','B.SC-in-Statistics.jpg','image/jpeg','public',63170,'[]','{\"generated_conversions\": {\"thumb\": true, \"p11-thumb\": true}}','[]',1875,'2020-02-18 04:51:33','2020-02-18 04:51:33'),(2108,'App\\Models\\Attachment',1764,'cv_files','Andriamanambina_Resume_17_Feb_2020','Andriamanambina_Resume_17_Feb_2020.pdf','application/pdf','public',115011,'[]','[]','[]',1881,'2020-02-18 05:13:45','2020-02-18 05:13:45'),(2109,'App\\Models\\Attachment',1765,'cv_files','CURRICULUM VITAE','CURRICULUM-VITAE.pdf','application/pdf','public',119480,'[]','[]','[]',1882,'2020-02-18 05:17:52','2020-02-18 05:17:52'),(2113,'App\\Models\\Attachment',1768,'cv_files','KWAGHKAR PILAKYAA JETHRO J','KWAGHKAR-PILAKYAA-JETHRO-J.pdf','application/pdf','public',157019,'[]','[]','[]',1886,'2020-02-18 06:10:31','2020-02-18 06:10:31'),(2120,'App\\Models\\Attachment',1772,'cv_files','Curriculum Vitae BONSARA Dramane - March 2019_EN','Curriculum-Vitae-BONSARA-Dramane---March-2019_EN.pdf','application/pdf','public',309074,'[]','[]','[]',1892,'2020-02-18 07:51:48','2020-02-18 07:51:48'),(2123,'App\\Models\\Attachment',1775,'publication_files','Leaving School Early The Quest','Leaving-School-Early-The-Quest.pdf','application/pdf','public',500349,'[]','[]','[]',1895,'2020-02-18 11:31:26','2020-02-18 11:31:26'),(2124,'App\\Models\\Attachment',1776,'publication_files','Leaving School Early The Quest','Leaving-School-Early-The-Quest.pdf','application/pdf','public',500349,'[]','[]','[]',1896,'2020-02-18 11:36:52','2020-02-18 11:36:52'),(2125,'App\\Models\\Attachment',1777,'diploma_files','HND Certificate_1','HND-Certificate_1.jpg','image/jpeg','public',411249,'[]','{\"generated_conversions\": {\"thumb\": true, \"p11-thumb\": true}}','[]',1897,'2020-02-18 12:19:32','2020-02-18 12:19:33'),(2126,'App\\Models\\Attachment',1778,'diploma_files','HND Certificate_1','HND-Certificate_1.jpg','image/jpeg','public',411249,'[]','{\"generated_conversions\": {\"thumb\": true, \"p11-thumb\": true}}','[]',1898,'2020-02-18 12:19:39','2020-02-18 12:19:40'),(2127,'App\\Models\\Attachment',1779,'diploma_files','HND Certificate_1','HND-Certificate_1.jpg','image/jpeg','public',411249,'[]','{\"generated_conversions\": {\"thumb\": true, \"p11-thumb\": true}}','[]',1899,'2020-02-18 12:19:51','2020-02-18 12:19:52'),(2129,'App\\Models\\Attachment',1781,'certificate_files','NIPR. Cert._Pub. Relations (NIPR)','NIPR.-Cert._Pub.-Relations-(NIPR).jpg','image/jpeg','public',1043139,'[]','{\"generated_conversions\": {\"thumb\": true, \"p11-thumb\": true}}','[]',1901,'2020-02-18 12:27:08','2020-02-18 12:27:08'),(2130,'App\\Models\\Attachment',1782,'certificate_files','NIPR. Cert._Pub. Relations (NIPR)','NIPR.-Cert._Pub.-Relations-(NIPR).jpg','image/jpeg','public',1043139,'[]','{\"generated_conversions\": {\"thumb\": true, \"p11-thumb\": true}}','[]',1902,'2020-02-18 12:27:40','2020-02-18 12:27:40'),(2131,'App\\Models\\Attachment',1783,'certificate_files','Steward Business Sch','Steward-Business-Sch.jpg','image/jpeg','public',592851,'[]','{\"generated_conversions\": {\"thumb\": true, \"p11-thumb\": true}}','[]',1903,'2020-02-18 12:32:44','2020-02-18 12:32:45'),(2132,'App\\Models\\Attachment',1784,'certificate_files','Steward Business Sch','Steward-Business-Sch.jpg','image/jpeg','public',592851,'[]','{\"generated_conversions\": {\"thumb\": true, \"p11-thumb\": true}}','[]',1904,'2020-02-18 12:33:04','2020-02-18 12:33:04'),(2133,'App\\Models\\Attachment',1785,'certificate_files','Steward Business Sch','Steward-Business-Sch.jpg','image/jpeg','public',592851,'[]','{\"generated_conversions\": {\"thumb\": true, \"p11-thumb\": true}}','[]',1905,'2020-02-18 12:33:11','2020-02-18 12:33:11'),(2134,'App\\Models\\Attachment',1786,'certificate_files','Steward Business Sch','Steward-Business-Sch.jpg','image/jpeg','public',592851,'[]','{\"generated_conversions\": {\"thumb\": true, \"p11-thumb\": true}}','[]',1906,'2020-02-18 12:41:21','2020-02-18 12:41:22'),(2141,'App\\Models\\Attachment',1791,'cv_files','CV IM Officer','CV-IM-Officer.pdf','application/pdf','public',255019,'[]','[]','[]',1913,'2020-02-18 15:31:52','2020-02-18 15:31:52'),(2144,'App\\Models\\Attachment',1792,'diploma_files','MSC','MSC.pdf','application/pdf','public',401777,'[]','[]','[]',1916,'2020-02-18 20:08:49','2020-02-18 20:08:49'),(2149,'App\\Models\\Attachment',1797,'publication_files','A User-Friendly Query Interface Based on Best Position Algorithm for Distributed Databases','A-User-Friendly-Query-Interface-Based-on-Best-Position-Algorithm-for-Distributed-Databases.pdf','application/pdf','public',865420,'[]','[]','[]',1921,'2020-02-18 20:14:29','2020-02-18 20:14:29'),(2150,'App\\Models\\Attachment',1798,'cv_files','Gantogos B Resume 20180524','Gantogos-B-Resume-20180524.pdf','application/pdf','public',333502,'[]','[]','[]',1922,'2020-02-18 20:41:32','2020-02-18 20:41:32'),(2153,'App\\Models\\Attachment',1800,'cv_files','Michael Abuh-CV','Michael-Abuh-CV.pdf','application/pdf','public',498843,'[]','[]','[]',1924,'2020-02-18 20:45:43','2020-02-18 20:45:43'),(2157,'App\\Models\\Attachment',1803,'publication_files','P. JASEM-02-1923 Emaikwu Victor','P.-JASEM-02-1923-Emaikwu-Victor.pdf','application/pdf','public',111765,'[]','[]','[]',1928,'2020-02-19 00:57:50','2020-02-19 00:57:50'),(2158,'App\\Models\\Attachment',1804,'cv_files','Employment CV EMAIKWU VICTOR','Employment-CV-EMAIKWU-VICTOR.pdf','application/pdf','public',181002,'[]','[]','[]',1929,'2020-02-19 03:40:05','2020-02-19 03:40:05'),(2159,'App\\Models\\Attachment',1805,'publication_files','Chemical Information from GCMS and FTIR Studies on Ficus thonningii Gum and its Potential as a Corrosion Inhibitor for Aluminium in Acidic Medium','Chemical-Information-from-GCMS-and-FTIR-Studies-on-Ficus-thonningii-Gum-and-its-Potential-as-a-Corrosion-Inhibitor-for-Aluminium-in-Acidic-Medium.pdf','application/pdf','public',1161731,'[]','[]','[]',1930,'2020-02-19 04:11:56','2020-02-19 04:11:56'),(2160,'App\\Models\\Attachment',1806,'publication_files','Chemical Information from GCMS and FTIR Studies on Ficus thonningii Gum and its Potential as a Corrosion Inhibitor for Aluminium in Acidic Medium','Chemical-Information-from-GCMS-and-FTIR-Studies-on-Ficus-thonningii-Gum-and-its-Potential-as-a-Corrosion-Inhibitor-for-Aluminium-in-Acidic-Medium.pdf','application/pdf','public',1161731,'[]','[]','[]',1931,'2020-02-19 04:14:11','2020-02-19 04:14:11'),(2161,'App\\Models\\Attachment',1807,'publication_files','Chemical Information from GCMS and FTIR Studies on Ficus thonningii Gum and its Potential as a Corrosion Inhibitor for Aluminium in Acidic Medium','Chemical-Information-from-GCMS-and-FTIR-Studies-on-Ficus-thonningii-Gum-and-its-Potential-as-a-Corrosion-Inhibitor-for-Aluminium-in-Acidic-Medium.pdf','application/pdf','public',1161731,'[]','[]','[]',1932,'2020-02-19 04:17:23','2020-02-19 04:17:23'),(2162,'App\\Models\\Attachment',1808,'publication_files','Chemical Information from GCMS and FTIR Studies on Ficus thonningii Gum and its Potential as a Corrosion Inhibitor for Aluminium in Acidic Medium','Chemical-Information-from-GCMS-and-FTIR-Studies-on-Ficus-thonningii-Gum-and-its-Potential-as-a-Corrosion-Inhibitor-for-Aluminium-in-Acidic-Medium.pdf','application/pdf','public',1161731,'[]','[]','[]',1933,'2020-02-19 04:17:33','2020-02-19 04:17:33'),(2164,'App\\Models\\Attachment',1810,'certificate_files','certificat de formation USA Dakar ','certificat-de-formation-USA-Dakar-.pdf','application/pdf','public',212853,'[]','[]','[]',1935,'2020-02-19 04:40:03','2020-02-19 04:40:03'),(2166,'App\\Models\\Attachment',1812,'diploma_files','DegreeCertificate_DM','DegreeCertificate_DM.pdf','application/pdf','public',109628,'[]','[]','[]',1937,'2020-02-19 05:13:07','2020-02-19 05:13:07'),(2169,'App\\Models\\Attachment',1815,'cv_files','Emmanuel_Atomatofa_CV','Emmanuel_Atomatofa_CV.pdf','application/pdf','public',66273,'[]','[]','[]',1939,'2020-02-19 05:43:59','2020-02-19 05:43:59'),(2184,'App\\Models\\Attachment',1827,'certificate_files','leadership','leadership.pdf','application/pdf','public',483818,'[]','[]','[]',1953,'2020-02-19 07:19:24','2020-02-19 07:19:24'),(2185,'App\\Models\\Attachment',1828,'certificate_files','leadership','leadership.pdf','application/pdf','public',483818,'[]','[]','[]',1954,'2020-02-19 07:19:31','2020-02-19 07:19:31'),(2186,'App\\Models\\Attachment',1829,'cv_files','Aisha Ahmed CV','Aisha-Ahmed-CV.pdf','application/pdf','public',349686,'[]','[]','[]',1955,'2020-02-19 07:20:36','2020-02-19 07:20:36'),(2189,'App\\Models\\Attachment',1830,'cv_files','Jon Carver 2019 October_iMMAP','Jon-Carver-2019-October_iMMAP.pdf','application/pdf','public',83986,'[]','[]','[]',1958,'2020-02-19 07:35:55','2020-02-19 07:35:55'),(2191,'App\\Models\\Attachment',1832,'certificate_files','ATTEST','ATTEST.pdf','application/pdf','public',1582359,'[]','[]','[]',1960,'2020-02-19 07:37:58','2020-02-19 07:37:58'),(2192,'App\\Models\\Attachment',1833,'certificate_files','digital','digital.pdf','application/pdf','public',1584450,'[]','[]','[]',1961,'2020-02-19 07:42:13','2020-02-19 07:42:13'),(2193,'App\\Models\\Attachment',1834,'certificate_files','digital','digital.pdf','application/pdf','public',1584450,'[]','[]','[]',1962,'2020-02-19 07:42:21','2020-02-19 07:42:21'),(2196,'App\\Models\\Attachment',1837,'diploma_files','FIRST DEGREE','FIRST-DEGREE.JPG','image/jpeg','public',249938,'[]','{\"generated_conversions\": {\"thumb\": true, \"p11-thumb\": true}}','[]',1965,'2020-02-19 07:47:18','2020-02-19 07:47:18'),(2198,'App\\Models\\Attachment',1839,'diploma_files','FIRST DEGREE','FIRST-DEGREE.JPG','image/jpeg','public',249938,'[]','{\"generated_conversions\": {\"thumb\": true, \"p11-thumb\": true}}','[]',1967,'2020-02-19 07:47:40','2020-02-19 07:47:40'),(2201,'App\\Models\\Attachment',1842,'certificate_files','mgt','mgt.pdf','application/pdf','public',1428114,'[]','[]','[]',1970,'2020-02-19 07:53:38','2020-02-19 07:53:38'),(2202,'App\\Models\\Attachment',1843,'diploma_files','IADCS','IADCS.pdf','application/pdf','public',271617,'[]','[]','[]',1971,'2020-02-19 07:53:55','2020-02-19 07:53:55'),(2205,'App\\Models\\Attachment',1846,'diploma_files','BACCALAUREAT','BACCALAUREAT.pdf','application/pdf','public',852809,'[]','[]','[]',1974,'2020-02-19 08:09:36','2020-02-19 08:09:36'),(2207,'App\\Models\\Attachment',1848,'diploma_files','PROFICIENCY ENGLISH','PROFICIENCY-ENGLISH.pdf','application/pdf','public',477257,'[]','[]','[]',1976,'2020-02-19 08:14:19','2020-02-19 08:14:19'),(2209,'App\\Models\\Attachment',1850,'cv_files','CV_KORE_EN','CV_KORE_EN.pdf','application/pdf','public',170266,'[]','[]','[]',1978,'2020-02-19 09:20:40','2020-02-19 09:20:40'),(2212,'App\\Models\\Attachment',1852,'cv_files','S. Michelle Davis\' Resume','S.-Michelle-Davis\'-Resume.pdf','application/pdf','public',174357,'[]','[]','[]',1981,'2020-02-19 09:30:47','2020-02-19 09:30:47'),(2220,'App\\Models\\Attachment',1860,'cv_files','Olusayo_CV_ABX','Olusayo_CV_ABX.pdf','application/pdf','public',398350,'[]','[]','[]',1989,'2020-02-19 09:52:06','2020-02-19 09:52:06'),(2224,'App\\Models\\Attachment',1864,'publication_files','CRVS_Multisource_mapbookfinal 5','CRVS_Multisource_mapbookfinal-5.pdf','application/pdf','public',1529902,'[]','[]','[]',1993,'2020-02-19 10:07:09','2020-02-19 10:07:09'),(2225,'App\\Models\\Attachment',1865,'publication_files','UN_atlas version 1 7','UN_atlas-version-1-7.pdf','application/pdf','public',974126,'[]','[]','[]',1994,'2020-02-19 10:09:01','2020-02-19 10:09:01'),(2226,'App\\Models\\Attachment',1866,'diploma_files','My University Degree Certificate (1)','My-University-Degree-Certificate-(1).jpg','image/jpeg','public',3542,'[]','{\"generated_conversions\": {\"thumb\": true, \"p11-thumb\": true}}','[]',1995,'2020-02-19 10:44:47','2020-02-19 10:44:47'),(2227,'App\\Models\\Attachment',1867,'cv_files','CV_ BROU Ambroise - English','CV_-BROU-Ambroise---English.pdf','application/pdf','public',178666,'[]','[]','[]',1996,'2020-02-19 10:52:45','2020-02-19 10:52:45'),(2237,'App\\Models\\Attachment',1875,'cv_files','Emmanuel Bakare Resume 2','Emmanuel-Bakare-Resume-2.pdf','application/pdf','public',210620,'[]','[]','[]',2005,'2020-02-19 13:00:37','2020-02-19 13:00:37'),(2239,'App\\Models\\Attachment',1877,'diploma_files','IMG_20191104_162610_6~2','IMG_20191104_162610_6~2.jpg','image/jpeg','public',1720266,'[]','{\"generated_conversions\": {\"thumb\": true, \"p11-thumb\": true}}','[]',2007,'2020-02-19 13:51:15','2020-02-19 13:51:16'),(2243,'App\\Models\\Attachment',1879,'cv_files','Muhammad Abdulkadir CV 2020 Kaduna ','Muhammad-Abdulkadir-CV-2020-Kaduna-.pdf','application/pdf','public',477518,'[]','[]','[]',2011,'2020-02-19 15:46:56','2020-02-19 15:46:56'),(2244,'App\\Models\\Attachment',1880,'cv_files','CV BOLY September 2019','CV-BOLY-September-2019.pdf','application/pdf','public',451477,'[]','[]','[]',2012,'2020-02-19 17:14:45','2020-02-19 17:14:45'),(2248,'App\\Models\\Attachment',1883,'cv_files','CV_Umar Yusuf','CV_Umar-Yusuf.pdf','application/pdf','public',178942,'[]','[]','[]',2016,'2020-02-19 22:57:41','2020-02-19 22:57:41'),(2253,'App\\Models\\Attachment',1887,'cv_files','Business development and Marketing English - French - Arabic','Business-development-and-Marketing-English---French---Arabic.pdf','application/pdf','public',424901,'[]','[]','[]',2021,'2020-02-19 23:09:51','2020-02-19 23:09:51'),(2258,'App\\Models\\Attachment',1890,'diploma_files','BCIS','BCIS.jpg','image/jpeg','public',427348,'[]','{\"generated_conversions\": {\"thumb\": true, \"p11-thumb\": true}}','[]',2025,'2020-02-19 23:59:07','2020-02-19 23:59:08'),(2259,'App\\Models\\Attachment',1891,'cv_files','CV_ASSO FABRICE_ENG','CV_ASSO-FABRICE_ENG.pdf','application/pdf','public',162840,'[]','[]','[]',2026,'2020-02-20 00:02:38','2020-02-20 00:02:38'),(2261,'App\\Models\\Attachment',1892,'diploma_files','BCIS','BCIS.pdf','application/pdf','public',453034,'[]','[]','[]',2028,'2020-02-20 00:03:17','2020-02-20 00:03:17'),(2262,'App\\Models\\Attachment',1893,'diploma_files','BACCALAUREAT','BACCALAUREAT.pdf','application/pdf','public',852809,'[]','[]','[]',2029,'2020-02-20 00:04:14','2020-02-20 00:04:14'),(2263,'App\\Models\\Attachment',1894,'diploma_files','BACCALAUREAT','BACCALAUREAT.pdf','application/pdf','public',852809,'[]','[]','[]',2030,'2020-02-20 00:04:20','2020-02-20 00:04:20'),(2264,'App\\Models\\Attachment',1895,'diploma_files','BCIS','BCIS.pdf','application/pdf','public',453034,'[]','[]','[]',2031,'2020-02-20 00:06:11','2020-02-20 00:06:11'),(2265,'App\\Models\\Attachment',1896,'diploma_files','BCIS','BCIS.pdf','application/pdf','public',453034,'[]','[]','[]',2032,'2020-02-20 00:13:12','2020-02-20 00:13:12'),(2266,'App\\Models\\Attachment',1897,'diploma_files','BCIS','BCIS.pdf','application/pdf','public',453034,'[]','[]','[]',2033,'2020-02-20 00:14:40','2020-02-20 00:14:40'),(2267,'App\\Models\\Attachment',1898,'diploma_files','BACCALAUREAT','BACCALAUREAT.pdf','application/pdf','public',852809,'[]','[]','[]',2034,'2020-02-20 00:15:48','2020-02-20 00:15:48'),(2268,'App\\Models\\Attachment',1899,'diploma_files','BCIS','BCIS.pdf','application/pdf','public',453034,'[]','[]','[]',2035,'2020-02-20 00:22:51','2020-02-20 00:22:51'),(2273,'App\\Models\\Attachment',1904,'diploma_files','BCIS','BCIS.pdf','application/pdf','public',453034,'[]','[]','[]',2040,'2020-02-20 01:30:58','2020-02-20 01:30:58'),(2274,'App\\Models\\Attachment',1905,'diploma_files','BCIS','BCIS.pdf','application/pdf','public',453034,'[]','[]','[]',2041,'2020-02-20 01:34:57','2020-02-20 01:34:57'),(2275,'App\\Models\\Attachment',1906,'diploma_files','BCIS','BCIS.pdf','application/pdf','public',453034,'[]','[]','[]',2042,'2020-02-20 01:35:05','2020-02-20 01:35:05'),(2279,'App\\Models\\Attachment',1909,'cv_files','JIJA AGEBA PAUL(1)(1)(1)','JIJA-AGEBA-PAUL(1)(1)(1).pdf','application/pdf','public',296347,'[]','[]','[]',2046,'2020-02-20 02:40:14','2020-02-20 02:40:14'),(2280,'App\\Models\\Attachment',1910,'cv_files','MANNINO_SILVIA_CV','MANNINO_SILVIA_CV.pdf','application/pdf','public',298879,'[]','[]','[]',2047,'2020-02-20 02:40:51','2020-02-20 02:40:51'),(2282,'App\\Models\\Attachment',1912,'diploma_files','DIPLOMA_Talam, Irene','DIPLOMA_Talam,-Irene.pdf','application/pdf','public',1455045,'[]','[]','[]',2049,'2020-02-20 02:52:40','2020-02-20 02:52:40'),(2283,'App\\Models\\Attachment',1913,'diploma_files','PGD (1)','PGD-(1).jpg','image/jpeg','public',46224,'[]','{\"generated_conversions\": {\"thumb\": true, \"p11-thumb\": true}}','[]',2050,'2020-02-20 03:34:36','2020-02-20 03:34:36'),(2287,'App\\Models\\Attachment',1917,'cv_files','Curriculum vitae_Talam Irene','Curriculum-vitae_Talam-Irene.pdf','application/pdf','public',345539,'[]','[]','[]',2054,'2020-02-20 03:39:07','2020-02-20 03:39:07'),(2290,'App\\Models\\Attachment',1920,'cv_files','JENNY\'S CV............','JENNY\'S-CV.............pdf','application/pdf','public',191461,'[]','[]','[]',2056,'2020-02-20 04:08:50','2020-02-20 04:08:50'),(2293,'App\\Models\\Attachment',1921,'cv_files','CCVV','CCVV.pdf','application/pdf','public',485210,'[]','[]','[]',2058,'2020-02-20 04:13:29','2020-02-20 04:13:29'),(2294,'App\\Models\\Attachment',1922,'diploma_files','UON','UON.pdf','application/pdf','public',608745,'[]','[]','[]',2059,'2020-02-20 04:43:53','2020-02-20 04:43:53'),(2295,'App\\Models\\Attachment',1923,'diploma_files','UON','UON.pdf','application/pdf','public',608745,'[]','[]','[]',2060,'2020-02-20 04:43:55','2020-02-20 04:43:55'),(2308,'App\\Models\\Attachment',1936,'cv_files','STANLEY CV 2019','STANLEY-CV-2019.pdf','application/pdf','public',198780,'[]','[]','[]',2071,'2020-02-20 05:10:18','2020-02-20 05:10:18'),(2313,'App\\Models\\Attachment',1940,'cv_files','Maano, Raul CV 20200220','Maano,-Raul-CV-20200220.pdf','application/pdf','public',231054,'[]','[]','[]',2076,'2020-02-20 05:15:42','2020-02-20 05:15:42'),(2316,'App\\Models\\Attachment',1942,'certificate_files','Project Management Essentials Part B','Project-Management-Essentials-Part-B.pdf','application/pdf','public',95505,'[]','[]','[]',2079,'2020-02-20 05:29:14','2020-02-20 05:29:14'),(2319,'App\\Models\\Attachment',1945,'cv_files','Information Management_CV_2020','Information-Management_CV_2020.pdf','application/pdf','public',378500,'[]','[]','[]',2082,'2020-02-20 06:14:35','2020-02-20 06:14:35'),(2323,'App\\Models\\Attachment',1946,'diploma_files','BCIS','BCIS.pdf','application/pdf','public',453034,'[]','[]','[]',2084,'2020-02-20 06:21:08','2020-02-20 06:21:08'),(2326,'App\\Models\\Attachment',1949,'diploma_files','abba.BSC cert','abba.BSC-cert.jpg','image/jpeg','public',817442,'[]','{\"generated_conversions\": {\"thumb\": true, \"p11-thumb\": true}}','[]',2087,'2020-02-20 06:43:59','2020-02-20 06:44:00'),(2329,'App\\Models\\Attachment',1952,'certificate_files','CCNA','CCNA.png','image/png','public',100303,'[]','{\"generated_conversions\": {\"thumb\": true, \"p11-thumb\": true}}','[]',2090,'2020-02-20 06:51:07','2020-02-20 06:51:07'),(2331,'App\\Models\\Attachment',1954,'cv_files','newcv','newcv.pdf','application/pdf','public',416416,'[]','[]','[]',2091,'2020-02-20 07:20:51','2020-02-20 07:20:51'),(2342,'App\\Models\\Attachment',1964,'certificate_files','SILEX_CERTIFICATE0001','SILEX_CERTIFICATE0001.pdf','application/pdf','public',705207,'[]','[]','[]',2102,'2020-02-20 08:45:10','2020-02-20 08:45:10'),(2345,'App\\Models\\Attachment',1967,'cv_files','CV__Msiddique_GIS&Data Analyst (Consultant)','CV__Msiddique_GIS&Data-Analyst-(Consultant).pdf','application/pdf','public',952661,'[]','[]','[]',2105,'2020-02-20 09:52:13','2020-02-20 09:52:13'),(2348,'App\\Models\\Attachment',1968,'diploma_files','BCIS','BCIS.pdf','application/pdf','public',453034,'[]','[]','[]',2107,'2020-02-20 10:53:03','2020-02-20 10:53:03'),(2349,'App\\Models\\Attachment',1969,'cv_files','ELSA RAUNIO CV 2019','ELSA-RAUNIO-CV-2019.pdf','application/pdf','public',176936,'[]','[]','[]',2108,'2020-02-20 10:57:23','2020-02-20 10:57:23'),(2351,'App\\Models\\Attachment',1970,'diploma_files','BACCALAUREAT','BACCALAUREAT.pdf','application/pdf','public',852809,'[]','[]','[]',2110,'2020-02-20 11:01:48','2020-02-20 11:01:48'),(2352,'App\\Models\\Attachment',1971,'diploma_files','BCIS','BCIS.pdf','application/pdf','public',453034,'[]','[]','[]',2111,'2020-02-20 11:04:23','2020-02-20 11:04:23'),(2355,'App\\Models\\Attachment',1974,'diploma_files','University Degree','University-Degree.pdf','application/pdf','public',690720,'[]','[]','[]',2113,'2020-02-20 12:43:49','2020-02-20 12:43:49'),(2357,'App\\Models\\Attachment',1976,'diploma_files','University Degree','University-Degree.jpeg','image/jpeg','public',707488,'[]','{\"generated_conversions\": {\"thumb\": true, \"p11-thumb\": true}}','[]',2114,'2020-02-20 12:45:08','2020-02-20 12:45:09'),(2359,'App\\Models\\Attachment',1978,'diploma_files','CTL','CTL.pdf','application/pdf','public',119676,'[]','[]','[]',2116,'2020-02-20 14:03:45','2020-02-20 14:03:45'),(2361,'App\\Models\\Attachment',1980,'diploma_files','CTL','CTL.pdf','application/pdf','public',119676,'[]','[]','[]',2118,'2020-02-20 14:03:51','2020-02-20 14:03:51'),(2364,'App\\Models\\Attachment',1983,'cv_files','Carine CV','Carine-CV.pdf','application/pdf','public',294637,'[]','[]','[]',2120,'2020-02-20 14:23:09','2020-02-20 14:23:09'),(2366,'App\\Models\\Attachment',1984,'cv_files','hjs Resume','hjs-Resume.pdf','application/pdf','public',226358,'[]','[]','[]',2122,'2020-02-20 15:08:33','2020-02-20 15:08:33'),(2367,'App\\Models\\Attachment',1985,'cv_files','Junior Dieka\'s Resume','Junior-Dieka\'s-Resume.pdf','application/pdf','public',181270,'[]','[]','[]',2123,'2020-02-21 01:16:12','2020-02-21 01:16:12'),(2369,'App\\Models\\Attachment',1986,'diploma_files','4w Map and 4w MHNT Analysis2','4w-Map-and-4w-MHNT-Analysis2.png','image/png','public',1858971,'[]','{\"generated_conversions\": {\"thumb\": true, \"p11-thumb\": true}}','[]',2125,'2020-02-21 01:34:18','2020-02-21 01:34:19'),(2376,'App\\Models\\Attachment',1993,'publication_files','577-Article Text-1455-1-10-20141014','577-Article-Text-1455-1-10-20141014.pdf','application/pdf','public',362710,'[]','[]','[]',2131,'2020-02-21 02:18:36','2020-02-21 02:18:36'),(2377,'App\\Models\\Attachment',1994,'publication_files','591-Article Text-1575-1-10-20150302','591-Article-Text-1575-1-10-20150302.pdf','application/pdf','public',491283,'[]','[]','[]',2132,'2020-02-21 02:21:22','2020-02-21 02:21:22'),(2378,'App\\Models\\Attachment',1995,'publication_files','Tapera et al, 2015_HIV financing on incidence and mortality','Tapera-et-al,-2015_HIV-financing-on-incidence-and-mortality.pdf','application/pdf','public',156958,'[]','[]','[]',2133,'2020-02-21 02:24:48','2020-02-21 02:24:48'),(2379,'App\\Models\\Attachment',1996,'publication_files','Design and Validation paper_Tapera et al, 2019','Design-and-Validation-paper_Tapera-et-al,-2019.pdf','application/pdf','public',387046,'[]','[]','[]',2134,'2020-02-21 02:26:36','2020-02-21 02:26:36'),(2380,'App\\Models\\Attachment',1997,'publication_files','Tapera_et_al-2019-BMC_Public_Health','Tapera_et_al-2019-BMC_Public_Health.pdf','application/pdf','public',633842,'[]','[]','[]',2135,'2020-02-21 03:18:56','2020-02-21 03:18:56'),(2381,'App\\Models\\Attachment',1998,'publication_files','Tapera et al, 2019_Determinants of access','Tapera-et-al,-2019_Determinants-of-access.pdf','application/pdf','public',444026,'[]','[]','[]',2136,'2020-02-21 03:20:54','2020-02-21 03:20:54'),(2382,'App\\Models\\Attachment',1999,'publication_files','Tapera2019_Article_CervicalCancerKnowledgeAttitud_BMC Women\'s Health','Tapera2019_Article_CervicalCancerKnowledgeAttitud_BMC-Women\'s-Health.pdf','application/pdf','public',624187,'[]','[]','[]',2137,'2020-02-21 03:27:28','2020-02-21 03:27:28'),(2383,'App\\Models\\Attachment',2000,'publication_files','Health systems constraints_Tapera et al','Health-systems-constraints_Tapera-et-al.pdf','application/pdf','public',577625,'[]','[]','[]',2138,'2020-02-21 03:29:41','2020-02-21 03:29:41'),(2384,'App\\Models\\Attachment',2001,'publication_files','Tapera & Nyakabau, 2020_Limited knowledge and access to palliative care','Tapera-&-Nyakabau,-2020_Limited-knowledge-and-access-to-palliative-care.pdf','application/pdf','public',690852,'[]','[]','[]',2139,'2020-02-21 03:32:36','2020-02-21 03:32:36'),(2385,'App\\Models\\Attachment',2002,'diploma_files','Applicant Status','Applicant-Status.PNG','image/png','public',22514,'[]','{\"generated_conversions\": {\"thumb\": true, \"p11-thumb\": true}}','[]',2140,'2020-02-21 03:34:17','2020-02-21 03:34:17'),(2386,'App\\Models\\Attachment',2003,'publication_files','Tapera 2019, Determinants of long lasting net utilization','Tapera-2019,-Determinants-of-long-lasting-net-utilization.pdf','application/pdf','public',818907,'[]','[]','[]',2141,'2020-02-21 03:34:54','2020-02-21 03:34:54'),(2388,'App\\Models\\Attachment',2005,'cv_files','CV_Gedeon BANSWE','CV_Gedeon-BANSWE.pdf','application/pdf','public',101847,'[]','[]','[]',2143,'2020-02-21 04:02:48','2020-02-21 04:02:48'),(2403,'App\\Models\\Attachment',2017,'cv_files','Timmonah kanam.latest','Timmonah-kanam.latest.pdf','application/pdf','public',224713,'[]','[]','[]',2150,'2020-02-21 07:15:34','2020-02-21 07:15:34'),(2407,'App\\Models\\Attachment',2020,'publication_files','5. Contextualizing Geospatial Information Systems (GIS) In African States Foreign Policy Formulation -- Uganda In Foc','5.-Contextualizing-Geospatial-Information-Systems-(GIS)-In-African-States-Foreign-Policy-Formulation----Uganda-In-Foc.pdf','application/pdf','public',426013,'[]','[]','[]',2154,'2020-02-21 07:20:30','2020-02-21 07:20:30'),(2409,'App\\Models\\Attachment',2022,'publication_files','7. ICT and Globalisation--Facing the Challenges','7.-ICT-and-Globalisation--Facing-the-Challenges.pdf','application/pdf','public',268203,'[]','[]','[]',2156,'2020-02-21 07:21:29','2020-02-21 07:21:29'),(2410,'App\\Models\\Attachment',2023,'publication_files','5. International Law, Globalisation and the Politics of Disseminating Diplomatic Information','5.-International-Law,-Globalisation-and-the-Politics-of-Disseminating-Diplomatic-Information.pdf','application/pdf','public',42153,'[]','[]','[]',2157,'2020-02-21 07:33:51','2020-02-21 07:33:51'),(2411,'App\\Models\\Attachment',2024,'publication_files','13. Software Interface Design-Human User Consideations','13.-Software-Interface-Design-Human-User-Consideations.pdf','application/pdf','public',205262,'[]','[]','[]',2158,'2020-02-21 07:35:24','2020-02-21 07:35:24'),(2412,'App\\Models\\Attachment',2025,'publication_files','2. A Business Case for GIS in Ugandas Banking and Financial Services Sector-web ','2.-A-Business-Case-for-GIS-in-Ugandas-Banking-and-Financial-Services-Sector-web-.pdf','application/pdf','public',501001,'[]','[]','[]',2159,'2020-02-21 07:42:33','2020-02-21 07:42:33'),(2413,'App\\Models\\Attachment',2026,'publication_files','2. IT Convergence and Systems Integration- A Strategy to Speed up Economic Integration in the East African Community-web','2.-IT-Convergence-and-Systems-Integration--A-Strategy-to-Speed-up-Economic-Integration-in-the-East-African-Community-web.pdf','application/pdf','public',273990,'[]','[]','[]',2160,'2020-02-21 07:43:42','2020-02-21 07:43:42'),(2414,'App\\Models\\Attachment',2027,'publication_files','3. Contemporary Peace and Security Issues in a Global Context','3.-Contemporary-Peace-and-Security-Issues-in-a-Global-Context.pdf','application/pdf','public',569352,'[]','[]','[]',2161,'2020-02-21 07:45:19','2020-02-21 07:45:19'),(2415,'App\\Models\\Attachment',2028,'publication_files','7. Applying Aquarian Diplomacy to Manage the River Nile Conflict betwen Uganda and Egypt ','7.-Applying-Aquarian-Diplomacy-to-Manage-the-River-Nile-Conflict-betwen-Uganda-and-Egypt-.pdf','application/pdf','public',357709,'[]','[]','[]',2162,'2020-02-21 07:46:33','2020-02-21 07:46:33'),(2416,'App\\Models\\Attachment',2029,'cv_files','SALAMATU curriculum vitae','SALAMATU-curriculum-vitae.pdf','application/pdf','public',73626,'[]','[]','[]',2163,'2020-02-21 08:08:20','2020-02-21 08:08:20'),(2417,'App\\Models\\Attachment',2030,'diploma_files','Uchechi Eluwa\'s Second Degree','Uchechi-Eluwa\'s-Second-Degree.pdf','application/pdf','public',388320,'[]','[]','[]',2164,'2020-02-21 08:19:34','2020-02-21 08:19:34'),(2419,'App\\Models\\Attachment',2032,'diploma_files','2A941955-37C7-41D9-B97B-FB67C8F25610','2A941955-37C7-41D9-B97B-FB67C8F25610.jpeg','image/jpeg','public',99945,'[]','{\"generated_conversions\": {\"thumb\": true, \"p11-thumb\": true}}','[]',2166,'2020-02-21 08:20:13','2020-02-21 08:20:13'),(2420,'App\\Models\\Attachment',2033,'diploma_files','2A941955-37C7-41D9-B97B-FB67C8F25610','2A941955-37C7-41D9-B97B-FB67C8F25610.jpeg','image/jpeg','public',99945,'[]','{\"generated_conversions\": {\"thumb\": true, \"p11-thumb\": true}}','[]',2167,'2020-02-21 08:20:14','2020-02-21 08:20:14'),(2422,'App\\Models\\Attachment',2035,'cv_files','Richard Baker SENNOGA-CV-5 JANUARY-2020','Richard-Baker-SENNOGA-CV-5-JANUARY-2020.pdf','application/pdf','public',169483,'[]','[]','[]',2169,'2020-02-21 08:46:37','2020-02-21 08:46:37'),(2428,'App\\Models\\Attachment',2039,'cv_files','KADUNA CV','KADUNA-CV.pdf','application/pdf','public',123708,'[]','[]','[]',2174,'2020-02-21 09:35:07','2020-02-21 09:35:07'),(2429,'App\\Models\\Attachment',2040,'cv_files','Uchechi Eluwa\'s Resume PDF.1','Uchechi-Eluwa\'s-Resume-PDF.1.pdf','application/pdf','public',112116,'[]','[]','[]',2175,'2020-02-21 09:48:27','2020-02-21 09:48:27'),(2432,'App\\Models\\Attachment',2041,'cv_files','Blinn.Olivia_CV - iMMAP','Blinn.Olivia_CV---iMMAP.pdf','application/pdf','public',72253,'[]','[]','[]',2177,'2020-02-21 11:14:37','2020-02-21 11:14:37'),(2435,'App\\Models\\Attachment',2042,'cv_files','Abiodun_CV','Abiodun_CV.pdf','application/pdf','public',633896,'[]','[]','[]',2179,'2020-02-21 13:08:29','2020-02-21 13:08:29'),(2437,'App\\Models\\Attachment',2043,'cv_files','CV Huber Norea Febrero 2020','CV-Huber-Norea-Febrero-2020.pdf','application/pdf','public',620956,'[]','[]','[]',2181,'2020-02-21 13:52:26','2020-02-21 13:52:26'),(2442,'App\\Models\\Attachment',2047,'cv_files','Oscar Tapera CV_2020','Oscar-Tapera-CV_2020.pdf','application/pdf','public',372218,'[]','[]','[]',2186,'2020-02-21 16:45:40','2020-02-21 16:45:40'),(2453,'App\\Models\\Attachment',2058,'cv_files','Christopher Onochie CV 2020','Christopher-Onochie-CV-2020.pdf','application/pdf','public',256885,'[]','[]','[]',2196,'2020-02-22 00:32:49','2020-02-22 00:32:49'),(2463,'App\\Models\\Attachment',2067,'publication_files','IJCER_OpenGaWIS_Kuria et al','IJCER_OpenGaWIS_Kuria-et-al.pdf','application/pdf','public',724190,'[]','[]','[]',2206,'2020-02-22 05:02:40','2020-02-22 05:02:40'),(2465,'App\\Models\\Attachment',2069,'cv_files','CV_Alex_Nwoko_iMMAP','CV_Alex_Nwoko_iMMAP.pdf','application/pdf','public',1626899,'[]','[]','[]',2207,'2020-02-22 05:15:29','2020-02-22 05:15:29'),(2466,'App\\Models\\Attachment',2070,'cv_files','cv Benjamin','cv-Benjamin.pdf','application/pdf','public',291664,'[]','[]','[]',2208,'2020-02-22 05:18:02','2020-02-22 05:18:02'),(2467,'App\\Models\\Attachment',2071,'cv_files','CV, Planning, MEAL, Candidate HEZAM','CV,-Planning,-MEAL,-Candidate-HEZAM.pdf','application/pdf','public',203489,'[]','[]','[]',2209,'2020-02-22 05:22:49','2020-02-22 05:22:49'),(2469,'App\\Models\\Attachment',2073,'cv_files','Simon Kibue Ngugi CV','Simon-Kibue-Ngugi-CV.pdf','application/pdf','public',271643,'[]','[]','[]',2211,'2020-02-22 06:05:31','2020-02-22 06:05:31'),(2472,'App\\Models\\Attachment',2074,'cv_files','Caroline Long CV - 2020','Caroline-Long-CV---2020.pdf','application/pdf','public',191590,'[]','[]','[]',2214,'2020-02-22 06:31:41','2020-02-22 06:31:41'),(2473,'App\\Models\\Attachment',2075,'diploma_files','Bsc.Certificate (1)','Bsc.Certificate-(1).pdf','application/pdf','public',1173960,'[]','[]','[]',2215,'2020-02-22 06:36:40','2020-02-22 06:36:40'),(2475,'App\\Models\\Attachment',2077,'diploma_files','received_281797612715078','received_281797612715078.jpeg','image/jpeg','public',162759,'[]','{\"generated_conversions\": {\"thumb\": true, \"p11-thumb\": true}}','[]',2217,'2020-02-22 11:29:53','2020-02-22 11:29:53'),(2476,'App\\Models\\Attachment',2078,'cv_files','CV_Ladina Schlatter','CV_Ladina-Schlatter.pdf','application/pdf','public',133332,'[]','[]','[]',2218,'2020-02-22 13:33:33','2020-02-22 13:33:33'),(2479,'App\\Models\\Attachment',2081,'diploma_files','received_281797612715078','received_281797612715078.jpeg','image/jpeg','public',162759,'[]','{\"generated_conversions\": {\"thumb\": true, \"p11-thumb\": true}}','[]',2221,'2020-02-22 14:13:13','2020-02-22 14:13:13'),(2486,'App\\Models\\Attachment',2088,'cv_files','Cv ','Cv-.pdf','application/pdf','public',550116,'[]','[]','[]',2224,'2020-02-22 14:59:47','2020-02-22 14:59:47'),(2489,'App\\Models\\Attachment',2089,'cv_files','Ibrahim Isah Sadau CV','Ibrahim-Isah-Sadau-CV.pdf','application/pdf','public',42537,'[]','[]','[]',2226,'2020-02-22 15:41:19','2020-02-22 15:41:19'),(2492,'App\\Models\\Attachment',2090,'diploma_files','IMG_20200222_070349_4','IMG_20200222_070349_4.jpg','image/jpeg','public',1926594,'[]','{\"generated_conversions\": {\"thumb\": true, \"p11-thumb\": true}}','[]',2228,'2020-02-22 23:20:13','2020-02-22 23:20:14'),(2493,'App\\Models\\Attachment',2091,'diploma_files','IMG_20200222_070349_4','IMG_20200222_070349_4.jpg','image/jpeg','public',1926594,'[]','{\"generated_conversions\": {\"thumb\": true, \"p11-thumb\": true}}','[]',2229,'2020-02-22 23:20:14','2020-02-22 23:20:15'),(2495,'App\\Models\\Attachment',2093,'diploma_files','IMG_20200222_070349_4','IMG_20200222_070349_4.jpg','image/jpeg','public',1926594,'[]','{\"generated_conversions\": {\"thumb\": true, \"p11-thumb\": true}}','[]',2231,'2020-02-22 23:20:22','2020-02-22 23:20:23'),(2498,'App\\Models\\Attachment',2095,'cv_files','CV','CV.pdf','application/pdf','public',219121,'[]','[]','[]',2234,'2020-02-23 01:52:26','2020-02-23 01:52:26'),(2499,'App\\Models\\Attachment',2096,'cv_files','CV_Muhammad Shabir__IMO-IMMAP','CV_Muhammad-Shabir__IMO-IMMAP.pdf','application/pdf','public',240733,'[]','[]','[]',2235,'2020-02-23 02:37:12','2020-02-23 02:37:12'),(2506,'App\\Models\\Attachment',2100,'cv_files','OYENUGA ADEYEMI3D1','OYENUGA-ADEYEMI3D1.PDF','application/pdf','public',234925,'[]','[]','[]',2240,'2020-02-23 05:44:47','2020-02-23 05:44:47'),(2510,'App\\Models\\Attachment',2103,'diploma_files','Doc','Doc.pdf','application/pdf','public',381079,'[]','[]','[]',2243,'2020-02-23 15:18:04','2020-02-23 15:18:04'),(2514,'App\\Models\\Attachment',2107,'cv_files','Deme Juliet Daniel ng','Deme-Juliet-Daniel-ng.pdf','application/pdf','public',173606,'[]','[]','[]',2247,'2020-02-23 15:49:45','2020-02-23 15:49:45'),(2516,'App\\Models\\Attachment',2108,'cv_files','Enas CURRICULUM VITAE','Enas-CURRICULUM-VITAE.pdf','application/pdf','public',225185,'[]','[]','[]',2249,'2020-02-23 15:53:18','2020-02-23 15:53:18'),(2518,'App\\Models\\Attachment',2109,'diploma_files','M.Sc','M.Sc.pdf','application/pdf','public',933760,'[]','[]','[]',2251,'2020-02-23 16:55:14','2020-02-23 16:55:14'),(2519,'App\\Models\\Attachment',2110,'diploma_files','M.Sc','M.Sc.pdf','application/pdf','public',933760,'[]','[]','[]',2252,'2020-02-23 16:55:39','2020-02-23 16:55:39'),(2523,'App\\Models\\Attachment',2114,'cv_files','Javaid Iqbal_Geospatial-IM_2020-02-24','Javaid-Iqbal_Geospatial-IM_2020-02-24.pdf','application/pdf','public',923393,'[]','[]','[]',2256,'2020-02-23 22:46:22','2020-02-23 22:46:22'),(2524,'App\\Models\\Attachment',2115,'cv_files','OlawumiSayomi AM','OlawumiSayomi-AM.pdf','application/pdf','public',84201,'[]','[]','[]',2257,'2020-02-24 00:41:23','2020-02-24 00:41:23'),(2527,'App\\Models\\Attachment',2117,'cv_files','haneen mesmar','haneen-mesmar.pdf','application/pdf','public',883156,'[]','[]','[]',2260,'2020-02-24 01:04:52','2020-02-24 01:04:52'),(2529,'App\\Models\\Attachment',2119,'cv_files','DelafosseAriasRyanCV','DelafosseAriasRyanCV.pdf','application/pdf','public',235299,'[]','[]','[]',2261,'2020-02-24 01:19:43','2020-02-24 01:19:43'),(2531,'App\\Models\\Attachment',2120,'diploma_files','bac','bac.jpg','image/jpeg','public',970932,'[]','{\"generated_conversions\": {\"thumb\": true, \"p11-thumb\": true}}','[]',2263,'2020-02-24 02:23:30','2020-02-24 02:23:31'),(2538,'App\\Models\\Attachment',2127,'cv_files','Ahmed Umar Cv','Ahmed-Umar-Cv.pdf','application/pdf','public',493906,'[]','[]','[]',2270,'2020-02-24 04:09:07','2020-02-24 04:09:07'),(2541,'App\\Models\\Attachment',2129,'cv_files','CV_Abdlesemed Jemal','CV_Abdlesemed-Jemal.pdf','application/pdf','public',61310,'[]','[]','[]',2273,'2020-02-24 04:56:49','2020-02-24 04:56:49'),(2543,'App\\Models\\Attachment',2130,'cv_files','EBENEHI MUSTAPHA MUHAMMED','EBENEHI-MUSTAPHA-MUHAMMED.pdf','application/pdf','public',161495,'[]','[]','[]',2275,'2020-02-24 05:28:55','2020-02-24 05:28:55'),(2544,'App\\Models\\Attachment',2131,'cv_files','Aswini Sahoo-CV','Aswini-Sahoo-CV.pdf','application/pdf','public',52019,'[]','[]','[]',2276,'2020-02-24 09:47:26','2020-02-24 09:47:26'),(2550,'App\\Models\\Attachment',2136,'certificate_files','training unicef','training-unicef.pdf','application/pdf','public',192972,'[]','[]','[]',2280,'2020-02-24 11:00:03','2020-02-24 11:00:03'),(2551,'App\\Models\\Attachment',2137,'cv_files','Resume','Resume.pdf','application/pdf','public',39080,'[]','[]','[]',2281,'2020-02-24 15:26:47','2020-02-24 15:26:47'),(2556,'App\\Models\\Attachment',2139,'publication_files','Publications','Publications.pdf','application/pdf','public',24991,'[]','[]','[]',2286,'2020-02-24 22:06:45','2020-02-24 22:06:45'),(2558,'App\\Models\\Attachment',2141,'certificate_files','IMG_20200223_142951','IMG_20200223_142951.jpg','image/jpeg','public',1412508,'[]','{\"generated_conversions\": {\"thumb\": true, \"p11-thumb\": true}}','[]',2288,'2020-02-24 22:31:49','2020-02-24 22:31:50'),(2561,'App\\Models\\Attachment',2143,'cv_files','cv-ifeanyi-nwachukwu-2020-02-04','cv-ifeanyi-nwachukwu-2020-02-04.pdf','application/pdf','public',41467,'[]','[]','[]',2291,'2020-02-24 22:34:29','2020-02-24 22:34:29'),(2563,'App\\Models\\Attachment',2145,'certificate_files','IMG_20200223_143236','IMG_20200223_143236.jpg','image/jpeg','public',1770019,'[]','{\"generated_conversions\": {\"thumb\": true, \"p11-thumb\": true}}','[]',2293,'2020-02-24 22:36:00','2020-02-24 22:36:01'),(2564,'App\\Models\\Attachment',2146,'cv_files','JL_Resume','JL_Resume.pdf','application/pdf','public',117647,'[]','[]','[]',2294,'2020-02-24 22:40:46','2020-02-24 22:40:46'),(2568,'App\\Models\\Attachment',2149,'cv_files','KhubaibCV','KhubaibCV.pdf','application/pdf','public',270427,'[]','[]','[]',2298,'2020-02-25 00:03:17','2020-02-25 00:03:17'),(2570,'App\\Models\\Attachment',2150,'cv_files','OMIMEYOZA MOMOH ZACHARY','OMIMEYOZA-MOMOH-ZACHARY.pdf','application/pdf','public',96040,'[]','[]','[]',2300,'2020-02-25 00:24:23','2020-02-25 00:24:23'),(2582,'App\\Models\\Attachment',2154,'diploma_files','Degree Certificate','Degree-Certificate.JPG','image/jpeg','public',48851,'[]','{\"generated_conversions\": {\"thumb\": true, \"p11-thumb\": true}}','[]',2309,'2020-02-25 03:01:44','2020-02-25 03:01:45'),(2584,'App\\Models\\Attachment',2156,'cv_files','muqjz-ltmj0','muqjz-ltmj0.pdf','application/pdf','public',64762,'[]','[]','[]',2311,'2020-02-25 03:05:56','2020-02-25 03:05:56'),(2587,'App\\Models\\Attachment',2158,'cv_files','Abdulmalik_Haruna_CV','Abdulmalik_Haruna_CV.pdf','application/pdf','public',290767,'[]','[]','[]',2314,'2020-02-25 03:52:01','2020-02-25 03:52:01'),(2590,'App\\Models\\Attachment',2160,'cv_files','OLAMIDE ARIWOOLA NEW 3 page CV..','OLAMIDE-ARIWOOLA-NEW-3-page-CV...pdf','application/pdf','public',261186,'[]','[]','[]',2316,'2020-02-25 04:39:57','2020-02-25 04:39:57'),(2592,'App\\Models\\Attachment',2161,'cv_files','imo curicullum letter of stephen ishaya pudza-converted (1)','imo-curicullum-letter-of-stephen-ishaya-pudza-converted-(1).pdf','application/pdf','public',177768,'[]','[]','[]',2318,'2020-02-25 04:51:13','2020-02-25 04:51:13'),(2609,'App\\Models\\Attachment',2170,'cv_files','Simon Curriculum Vita1','Simon-Curriculum-Vita1.pdf','application/pdf','public',527366,'[]','[]','[]',2326,'2020-02-25 05:12:14','2020-02-25 05:12:14'),(2610,'App\\Models\\Attachment',2171,'cv_files','MESSOU CV','MESSOU-CV.pdf','application/pdf','public',145531,'[]','[]','[]',2327,'2020-02-25 06:05:45','2020-02-25 06:05:45'),(2611,'App\\Models\\Attachment',2172,'cv_files','Samrawit_CV','Samrawit_CV.pdf','application/pdf','public',93216,'[]','[]','[]',2328,'2020-02-25 06:37:11','2020-02-25 06:37:11'),(2613,'App\\Models\\Attachment',2174,'cv_files','Bois_Christophe_CV_2015','Bois_Christophe_CV_2015.pdf','application/pdf','public',219796,'[]','[]','[]',2329,'2020-02-25 08:03:03','2020-02-25 08:03:03'),(2619,'App\\Models\\Attachment',2180,'cv_files','Prromise nwikogbara CV','Prromise-nwikogbara-CV.pdf','application/pdf','public',180484,'[]','[]','[]',2335,'2020-02-25 08:38:06','2020-02-25 08:38:06'),(2622,'App\\Models\\Attachment',2183,'diploma_files','ANAN CERT 001','ANAN-CERT-001.jpg','image/jpeg','public',647905,'[]','{\"generated_conversions\": {\"thumb\": true, \"p11-thumb\": true}}','[]',2338,'2020-02-25 08:45:50','2020-02-25 08:45:50'),(2623,'App\\Models\\Attachment',2184,'diploma_files','ANAN CERT 001','ANAN-CERT-001.jpg','image/jpeg','public',647905,'[]','{\"generated_conversions\": {\"thumb\": true, \"p11-thumb\": true}}','[]',2339,'2020-02-25 08:46:03','2020-02-25 08:46:03'),(2625,'App\\Models\\Attachment',2186,'diploma_files','ANAN CERT 001','ANAN-CERT-001.jpg','image/jpeg','public',647905,'[]','{\"generated_conversions\": {\"thumb\": true, \"p11-thumb\": true}}','[]',2341,'2020-02-25 08:46:05','2020-02-25 08:46:05'),(2631,'App\\Models\\Attachment',2192,'cv_files','CV Joseph Chalhoub','CV-Joseph-Chalhoub.pdf','application/pdf','public',203470,'[]','[]','[]',2346,'2020-02-25 09:00:20','2020-02-25 09:00:20'),(2632,'App\\Models\\Attachment',2193,'cv_files','Noha\'s CV as of August 2019.2','Noha\'s-CV-as-of-August-2019.2.pdf','application/pdf','public',827630,'[]','[]','[]',2347,'2020-02-25 09:01:01','2020-02-25 09:01:01'),(2633,'App\\Models\\Attachment',2194,'cv_files','cvurb','cvurb.pdf','application/pdf','public',45153,'[]','[]','[]',2348,'2020-02-25 09:20:12','2020-02-25 09:20:12'),(2634,'App\\Models\\Attachment',2195,'cv_files','SeyeCv. (2)','SeyeCv.-(2).pdf','application/pdf','public',43214,'[]','[]','[]',2349,'2020-02-25 09:31:08','2020-02-25 09:31:08'),(2636,'App\\Models\\Attachment',2196,'diploma_files','BABCOCK SOR','BABCOCK-SOR.pdf','application/pdf','public',120717,'[]','[]','[]',2351,'2020-02-25 09:34:53','2020-02-25 09:34:53'),(2637,'App\\Models\\Attachment',2197,'diploma_files','BABCOCK SOR','BABCOCK-SOR.pdf','application/pdf','public',120717,'[]','[]','[]',2352,'2020-02-25 09:34:55','2020-02-25 09:34:55'),(2638,'App\\Models\\Attachment',2198,'diploma_files','BABCOCK SOR','BABCOCK-SOR.pdf','application/pdf','public',120717,'[]','[]','[]',2353,'2020-02-25 09:34:58','2020-02-25 09:34:58'),(2640,'App\\Models\\Attachment',2200,'diploma_files','BABCOCK SOR','BABCOCK-SOR.pdf','application/pdf','public',120717,'[]','[]','[]',2355,'2020-02-25 09:35:35','2020-02-25 09:35:35'),(2641,'App\\Models\\Attachment',2201,'cv_files','NAOMI_GBEMUOTORs_CV','NAOMI_GBEMUOTORs_CV.pdf','application/pdf','public',117818,'[]','[]','[]',2356,'2020-02-25 10:52:44','2020-02-25 10:52:44'),(2648,'App\\Models\\Attachment',2205,'cv_files','Enne Joseph_Resume26022020','Enne-Joseph_Resume26022020.pdf','application/pdf','public',499607,'[]','[]','[]',2360,'2020-02-25 12:29:36','2020-02-25 12:29:36'),(2649,'App\\Models\\Attachment',2206,'diploma_files','M.E.d certificates English','M.E.d-certificates-English.pdf','application/pdf','public',140543,'[]','[]','[]',2361,'2020-02-25 13:24:51','2020-02-25 13:24:51'),(2653,'App\\Models\\Attachment',2210,'cv_files','Al Fasfous Osama CV - Application','Al-Fasfous-Osama-CV---Application.pdf','application/pdf','public',1480564,'[]','[]','[]',2363,'2020-02-25 13:26:16','2020-02-25 13:26:16'),(2654,'App\\Models\\Attachment',2211,'diploma_files','Nnamdi Azikiwe Univerasity','Nnamdi-Azikiwe-Univerasity.jpg','image/jpeg','public',222572,'[]','{\"generated_conversions\": {\"thumb\": true, \"p11-thumb\": true}}','[]',2364,'2020-02-25 15:41:06','2020-02-25 15:41:06'),(2657,'App\\Models\\Attachment',2214,'cv_files','MABM LinkedIn Profile 20200219','MABM-LinkedIn-Profile-20200219.pdf','application/pdf','public',74358,'[]','[]','[]',2367,'2020-02-25 23:12:23','2020-02-25 23:12:23'),(2662,'App\\Models\\Attachment',2219,'cv_files','Hassaan_Hasan_Syed_CV','Hassaan_Hasan_Syed_CV.pdf','application/pdf','public',97256,'[]','[]','[]',2372,'2020-02-26 00:14:26','2020-02-26 00:14:26'),(2664,'App\\Models\\Attachment',2220,'cv_files','Sajjad 2020','Sajjad-2020.pdf','application/pdf','public',651101,'[]','[]','[]',2374,'2020-02-26 00:16:21','2020-02-26 00:16:21'),(2669,'App\\Models\\Attachment',2224,'cv_files','Nyeapa_CV_PDF','Nyeapa_CV_PDF.pdf','application/pdf','public',368698,'[]','[]','[]',2379,'2020-02-26 01:02:23','2020-02-26 01:02:23'),(2671,'App\\Models\\Attachment',2226,'cv_files','Koen_Van_Rossum_Feb2020_Compact','Koen_Van_Rossum_Feb2020_Compact.pdf','application/pdf','public',161967,'[]','[]','[]',2381,'2020-02-26 01:18:31','2020-02-26 01:18:31'),(2672,'App\\Models\\Attachment',2227,'cv_files','CV_James NGOCHOCH','CV_James-NGOCHOCH.pdf','application/pdf','public',858264,'[]','[]','[]',2382,'2020-02-26 01:26:02','2020-02-26 01:26:02'),(2676,'App\\Models\\Attachment',2231,'cv_files','AsfarShah-Cover+CV','AsfarShah-Cover+CV.pdf','application/pdf','public',617003,'[]','[]','[]',2385,'2020-02-26 01:55:30','2020-02-26 01:55:30'),(2680,'App\\Models\\Attachment',2234,'cv_files','Aneel Piryani- CV with References','Aneel-Piryani--CV-with-References.pdf','application/pdf','public',292973,'[]','[]','[]',2389,'2020-02-26 02:12:10','2020-02-26 02:12:10'),(2686,'App\\Models\\Attachment',2239,'certificate_files','CERT_ANALYSE_SPATIALE_2','CERT_ANALYSE_SPATIALE_2.jpg','image/jpeg','public',50063,'[]','{\"generated_conversions\": {\"thumb\": true, \"p11-thumb\": true}}','[]',2394,'2020-02-26 03:27:38','2020-02-26 03:27:38'),(2689,'App\\Models\\Attachment',2242,'publication_files','oso (1)','oso-(1).pdf','application/pdf','public',839695,'[]','[]','[]',2397,'2020-02-26 04:59:00','2020-02-26 04:59:00'),(2690,'App\\Models\\Attachment',2243,'publication_files','oso (1)','oso-(1).pdf','application/pdf','public',839695,'[]','[]','[]',2398,'2020-02-26 04:59:09','2020-02-26 04:59:09'),(2693,'App\\Models\\Attachment',2246,'cv_files','Program Coordinator','Program-Coordinator.pdf','application/pdf','public',452046,'[]','[]','[]',2401,'2020-02-26 09:17:03','2020-02-26 09:17:03'),(2694,'App\\Models\\Attachment',2247,'cv_files','Uzera CV ','Uzera-CV-.pdf','application/pdf','public',371686,'[]','[]','[]',2402,'2020-02-26 10:16:33','2020-02-26 10:16:33'),(2697,'App\\Models\\Attachment',2248,'cv_files','Resume 12.19','Resume-12.19.pdf','application/pdf','public',126265,'[]','[]','[]',2404,'2020-02-26 11:55:55','2020-02-26 11:55:55'),(2698,'App\\Models\\Attachment',2249,'cv_files','CV_MUHAMMAD ALI','CV_MUHAMMAD-ALI.pdf','application/pdf','public',285183,'[]','[]','[]',2405,'2020-02-26 12:06:27','2020-02-26 12:06:27'),(2708,'App\\Models\\Attachment',2258,'cv_files','Tala Malakha','Tala-Malakha.pdf','application/pdf','public',142268,'[]','[]','[]',2415,'2020-02-26 13:00:45','2020-02-26 13:00:45'),(2709,'App\\Models\\Attachment',2259,'diploma_files','Attestation de Licence_1','Attestation-de-Licence_1.jpg','image/jpeg','public',313806,'[]','{\"generated_conversions\": {\"thumb\": true, \"p11-thumb\": true}}','[]',2416,'2020-02-26 15:22:58','2020-02-26 15:22:59'),(2710,'App\\Models\\Attachment',2260,'diploma_files','Attestation de Licence_1','Attestation-de-Licence_1.jpg','image/jpeg','public',313806,'[]','{\"generated_conversions\": {\"thumb\": true, \"p11-thumb\": true}}','[]',2417,'2020-02-26 15:22:58','2020-02-26 15:22:59'),(2712,'App\\Models\\Attachment',2262,'certificate_files','Stage 1 carto','Stage-1-carto.jpg','image/jpeg','public',228270,'[]','{\"generated_conversions\": {\"thumb\": true, \"p11-thumb\": true}}','[]',2419,'2020-02-26 15:31:31','2020-02-26 15:31:32'),(2714,'App\\Models\\Attachment',2264,'certificate_files','Stage 2 SIG','Stage-2-SIG.jpg','image/jpeg','public',248011,'[]','{\"generated_conversions\": {\"thumb\": true, \"p11-thumb\": true}}','[]',2421,'2020-02-26 15:35:21','2020-02-26 15:35:21'),(2718,'App\\Models\\Attachment',2268,'cv_files','James_Magidi_2020','James_Magidi_2020.pdf','application/pdf','public',97544,'[]','[]','[]',2425,'2020-02-26 17:37:30','2020-02-26 17:37:30'),(2724,'App\\Models\\Attachment',2273,'cv_files','CV Cheick Bady DIALLO-20 jan 2019 CBD','CV-Cheick-Bady-DIALLO-20-jan-2019-CBD.pdf','application/pdf','public',308590,'[]','[]','[]',2431,'2020-02-26 19:28:51','2020-02-26 19:28:51'),(2726,'App\\Models\\Attachment',2275,'publication_files','Assessment Of The Use Of Social Media As Source Of News By Journalists','Assessment-Of-The-Use-Of-Social-Media-As-Source-Of-News-By-Journalists.pdf','application/pdf','public',191264,'[]','[]','[]',2433,'2020-02-26 19:53:21','2020-02-26 19:53:21'),(2727,'App\\Models\\Attachment',2276,'certificate_files','Javan Eli Manga','Javan-Eli-Manga.pdf','application/pdf','public',140485,'[]','[]','[]',2434,'2020-02-26 22:29:22','2020-02-26 22:29:22'),(2728,'App\\Models\\Attachment',2277,'cv_files','Javan Eli Manga','Javan-Eli-Manga.pdf','application/pdf','public',140485,'[]','[]','[]',2435,'2020-02-26 22:48:36','2020-02-26 22:48:36'),(2735,'App\\Models\\Attachment',2283,'certificate_files','Esri Certificates (1)','Esri-Certificates-(1).pdf','application/pdf','public',323286,'[]','[]','[]',2442,'2020-02-27 02:16:32','2020-02-27 02:16:32'),(2737,'App\\Models\\Attachment',2285,'certificate_files','COD Certificate','COD-Certificate.pdf','application/pdf','public',2076660,'[]','[]','[]',2444,'2020-02-27 02:20:17','2020-02-27 02:20:17'),(2738,'App\\Models\\Attachment',2286,'certificate_files','COD Certificate','COD-Certificate.pdf','application/pdf','public',2076660,'[]','[]','[]',2445,'2020-02-27 02:20:20','2020-02-27 02:20:20'),(2739,'App\\Models\\Attachment',2287,'certificate_files','COD Certificate','COD-Certificate.pdf','application/pdf','public',2076660,'[]','[]','[]',2446,'2020-02-27 02:20:21','2020-02-27 02:20:21'),(2743,'App\\Models\\Attachment',2291,'cv_files','Resume - Ahsan Sarwar','Resume---Ahsan-Sarwar.pdf','application/pdf','public',536989,'[]','[]','[]',2450,'2020-02-27 02:25:15','2020-02-27 02:25:15'),(2747,'App\\Models\\Attachment',2294,'diploma_files','Degree','Degree.pdf','application/pdf','public',395777,'[]','[]','[]',2454,'2020-02-27 02:46:12','2020-02-27 02:46:12'),(2749,'App\\Models\\Attachment',2296,'diploma_files','Degree','Degree.pdf','application/pdf','public',395777,'[]','[]','[]',2456,'2020-02-27 02:46:48','2020-02-27 02:46:48'),(2750,'App\\Models\\Attachment',2297,'diploma_files','Degree','Degree.pdf','application/pdf','public',395777,'[]','[]','[]',2457,'2020-02-27 02:47:33','2020-02-27 02:47:33'),(2770,'App\\Models\\Attachment',2317,'cv_files','CV_Jane MURIITHI_2020','CV_Jane-MURIITHI_2020.pdf','application/pdf','public',239815,'[]','[]','[]',2477,'2020-02-27 03:13:39','2020-02-27 03:13:39'),(2771,'App\\Models\\Attachment',2318,'cv_files','Olta_Ndoja_CV-Jan2020','Olta_Ndoja_CV-Jan2020.pdf','application/pdf','public',52991,'[]','[]','[]',2478,'2020-02-27 03:16:20','2020-02-27 03:16:20'),(2774,'App\\Models\\Attachment',2320,'cv_files','Cv-Eyad Ghatasheh -Jan2019.doc','Cv-Eyad-Ghatasheh--Jan2019.doc.pdf','application/pdf','public',247042,'[]','[]','[]',2481,'2020-02-27 03:34:26','2020-02-27 03:34:26'),(2776,'App\\Models\\Attachment',2321,'cv_files','CV_CJRana_06 August 2019','CV_CJRana_06-August-2019.pdf','application/pdf','public',236612,'[]','[]','[]',2483,'2020-02-27 03:48:21','2020-02-27 03:48:21'),(2779,'App\\Models\\Attachment',2323,'cv_files','20200224 CURRICULUM VITAE Sost','20200224-CURRICULUM-VITAE-Sost.pdf','application/pdf','public',331766,'[]','[]','[]',2485,'2020-02-27 04:13:44','2020-02-27 04:13:44'),(2781,'App\\Models\\Attachment',2324,'cv_files','CURRICULUM_VITAE_MNORRISROGERS_2019','CURRICULUM_VITAE_MNORRISROGERS_2019.pdf','application/pdf','public',230354,'[]','[]','[]',2487,'2020-02-27 04:34:03','2020-02-27 04:34:03'),(2796,'App\\Models\\Attachment',2338,'certificate_files','Intermediate Model Builder','Intermediate-Model-Builder.pdf','application/pdf','public',908760,'[]','[]','[]',2502,'2020-02-27 06:42:47','2020-02-27 06:42:47'),(2803,'App\\Models\\Attachment',2345,'cv_files','CV -  Lucie Sewe - CV - Feb 2020','CV----Lucie-Sewe---CV---Feb-2020.pdf','application/pdf','public',720409,'[]','[]','[]',2509,'2020-02-27 06:53:27','2020-02-27 06:53:27'),(2806,'App\\Models\\Attachment',2348,'cv_files','Paul Azogor - GIS Resume','Paul-Azogor---GIS-Resume.pdf','application/pdf','public',207998,'[]','[]','[]',2512,'2020-02-27 07:07:11','2020-02-27 07:07:11'),(2808,'App\\Models\\Attachment',2350,'cv_files','Ifidon Igbuan CV','Ifidon-Igbuan-CV.pdf','application/pdf','public',368686,'[]','[]','[]',2514,'2020-02-27 07:08:56','2020-02-27 07:08:56'),(2811,'App\\Models\\Attachment',2352,'cv_files','Ifidon Igbuan CV','Ifidon-Igbuan-CV.pdf','application/pdf','public',368686,'[]','[]','[]',2515,'2020-02-27 07:09:10','2020-02-27 07:09:10'),(2819,'App\\Models\\Attachment',2358,'cv_files','CV - Dara Gbolahan_February 2020','CV---Dara-Gbolahan_February-2020.pdf','application/pdf','public',90530,'[]','[]','[]',2522,'2020-02-27 07:48:01','2020-02-27 07:48:01'),(2824,'App\\Models\\Attachment',2361,'diploma_files','Tufts University Diploma','Tufts-University-Diploma.pdf','application/pdf','public',57059,'[]','[]','[]',2525,'2020-02-27 07:54:22','2020-02-27 07:54:22'),(2826,'App\\Models\\Attachment',2363,'diploma_files','Oakwood University Diploma','Oakwood-University-Diploma.pdf','application/pdf','public',1498387,'[]','[]','[]',2527,'2020-02-27 07:54:45','2020-02-27 07:54:45'),(2828,'App\\Models\\Attachment',2365,'cv_files','CV_Dabo_Mohamed','CV_Dabo_Mohamed.pdf','application/pdf','public',480995,'[]','[]','[]',2529,'2020-02-27 07:58:02','2020-02-27 07:58:02'),(2829,'App\\Models\\Attachment',2366,'cv_files','Kamal Lawal Resume-','Kamal-Lawal-Resume-.pdf','application/pdf','public',202216,'[]','[]','[]',2530,'2020-02-27 08:20:20','2020-02-27 08:20:20'),(2833,'App\\Models\\Attachment',2369,'cv_files','CV Christian_iMMAP','CV-Christian_iMMAP.pdf','application/pdf','public',215142,'[]','[]','[]',2534,'2020-02-27 08:32:22','2020-02-27 08:32:22'),(2843,'App\\Models\\Attachment',2378,'cv_files','Paballo Mosala - Resume','Paballo-Mosala---Resume.pdf','application/pdf','public',841761,'[]','[]','[]',2544,'2020-02-27 11:59:28','2020-02-27 11:59:28'),(2845,'App\\Models\\Attachment',2379,'cv_files','Eugene Apindi Ochieng CV - Feb 2020','Eugene-Apindi-Ochieng-CV---Feb-2020.pdf','application/pdf','public',384079,'[]','[]','[]',2546,'2020-02-27 23:43:00','2020-02-27 23:43:00'),(2847,'App\\Models\\Attachment',2380,'cv_files','SALISU TIJJANI AHMADU CV','SALISU-TIJJANI-AHMADU-CV.pdf','application/pdf','public',698511,'[]','[]','[]',2548,'2020-02-28 00:38:52','2020-02-28 00:38:52'),(2848,'App\\Models\\Attachment',2381,'cv_files','CV Solomon 3','CV-Solomon-3.pdf','application/pdf','public',150687,'[]','[]','[]',2549,'2020-02-28 00:44:24','2020-02-28 00:44:24'),(2850,'App\\Models\\Attachment',2382,'certificate_files','IT diploma - ICONS','IT-diploma---ICONS.jpg','image/jpeg','public',476104,'[]','{\"generated_conversions\": {\"thumb\": true, \"p11-thumb\": true}}','[]',2551,'2020-02-28 01:24:35','2020-02-28 01:24:35'),(2851,'App\\Models\\Attachment',2383,'certificate_files','IT diploma - ICONS','IT-diploma---ICONS.jpg','image/jpeg','public',476104,'[]','{\"generated_conversions\": {\"thumb\": true, \"p11-thumb\": true}}','[]',2552,'2020-02-28 01:24:37','2020-02-28 01:24:38'),(2854,'App\\Models\\Attachment',2386,'cv_files','Ubaid Resume - Program','Ubaid-Resume---Program.pdf','application/pdf','public',596530,'[]','[]','[]',2555,'2020-02-28 02:01:09','2020-02-28 02:01:09'),(2859,'App\\Models\\Attachment',2389,'certificate_files','Webp.net-compress-image','Webp.net-compress-image.jpg','image/jpeg','public',2002812,'[]','{\"generated_conversions\": {\"thumb\": true, \"p11-thumb\": true}}','[]',2559,'2020-02-28 03:36:41','2020-02-28 03:36:44'),(2864,'App\\Models\\Attachment',2394,'diploma_files','bcs-degree','bcs-degree.jpg','image/jpeg','public',510586,'[]','{\"generated_conversions\": {\"thumb\": true, \"p11-thumb\": true}}','[]',2564,'2020-02-28 07:49:11','2020-02-28 07:49:12'),(2865,'App\\Models\\Attachment',2395,'cv_files','muhammad masood-shah-cv','muhammad-masood-shah-cv.pdf','application/pdf','public',193853,'[]','[]','[]',2565,'2020-02-28 08:27:08','2020-02-28 08:27:08'),(2868,'App\\Models\\Attachment',2396,'cv_files','Aminu_CV-converted','Aminu_CV-converted.pdf','application/pdf','public',94627,'[]','[]','[]',2568,'2020-02-28 08:40:57','2020-02-28 08:40:57'),(2874,'App\\Models\\Attachment',2402,'cv_files','lina_Al Khawaja-PDF','lina_Al-Khawaja-PDF.pdf','application/pdf','public',197412,'[]','[]','[]',2572,'2020-02-28 10:12:49','2020-02-28 10:12:49'),(2876,'App\\Models\\Attachment',2404,'cv_files','Takudzwa Jera - CURRICULUM VITAE','Takudzwa-Jera---CURRICULUM-VITAE.pdf','application/pdf','public',352700,'[]','[]','[]',2574,'2020-02-28 10:40:23','2020-02-28 10:40:23'),(2881,'App\\Models\\Attachment',2406,'diploma_files','Partial transcript MSSPM- Ocokdhogu JA Bright','Partial-transcript-MSSPM--Ocokdhogu-JA-Bright.pdf','application/pdf','public',449990,'[]','[]','[]',2578,'2020-02-28 16:19:41','2020-02-28 16:19:41'),(2882,'App\\Models\\Attachment',2407,'diploma_files','Partial transcript MSSPM- Ocokdhogu JA Bright','Partial-transcript-MSSPM--Ocokdhogu-JA-Bright.pdf','application/pdf','public',449990,'[]','[]','[]',2579,'2020-02-28 16:19:51','2020-02-28 16:19:51'),(2883,'App\\Models\\Attachment',2408,'diploma_files','Partial transcript MSSPM- Ocokdhogu JA Bright','Partial-transcript-MSSPM--Ocokdhogu-JA-Bright.pdf','application/pdf','public',449990,'[]','[]','[]',2580,'2020-02-28 16:19:54','2020-02-28 16:19:54'),(2886,'App\\Models\\Attachment',2411,'cv_files','Ocokdhogu_Resume 2 Jan  2020 rev1','Ocokdhogu_Resume-2-Jan--2020-rev1.pdf','application/pdf','public',737712,'[]','[]','[]',2583,'2020-02-28 18:44:25','2020-02-28 18:44:25'),(2888,'App\\Models\\Attachment',2412,'cv_files','Venkatesh_Balaji_Resume_March_2020','Venkatesh_Balaji_Resume_March_2020.pdf','application/pdf','public',920986,'[]','[]','[]',2585,'2020-02-28 21:17:05','2020-02-28 21:17:05'),(2892,'App\\Models\\Attachment',2415,'cv_files','CV Kawaya-Bienfait-200229','CV-Kawaya-Bienfait-200229.pdf','application/pdf','public',435188,'[]','[]','[]',2589,'2020-02-28 22:24:55','2020-02-28 22:24:55'),(2893,'App\\Models\\Attachment',2416,'cv_files','Resume Zaid As- June 2019','Resume-Zaid-As--June-2019.pdf','application/pdf','public',816980,'[]','[]','[]',2590,'2020-02-28 23:56:26','2020-02-28 23:56:26'),(2896,'App\\Models\\Attachment',2418,'diploma_files','certificates2','certificates2.pdf','application/pdf','public',202199,'[]','[]','[]',2593,'2020-02-29 01:28:24','2020-02-29 01:28:24'),(2897,'App\\Models\\Attachment',2419,'portfolios','Gwaher_IMO_Resume','Gwaher_IMO_Resume.pdf','application/pdf','public',186004,'[]','[]','[]',2594,'2020-02-29 02:44:01','2020-02-29 02:44:01'),(2898,'App\\Models\\Attachment',2420,'portfolios','Gwaher_IMO_Resume','Gwaher_IMO_Resume.pdf','application/pdf','public',186004,'[]','[]','[]',2595,'2020-02-29 02:44:09','2020-02-29 02:44:09'),(2903,'App\\Models\\Attachment',2425,'cv_files','Gwaher_IMO_Resume','Gwaher_IMO_Resume.pdf','application/pdf','public',186004,'[]','[]','[]',2597,'2020-02-29 02:55:23','2020-02-29 02:55:23'),(2904,'App\\Models\\Attachment',2426,'certificate_files','Arubi Amos CKM','Arubi-Amos-CKM.pdf','application/pdf','public',1896235,'[]','[]','[]',2598,'2020-02-29 03:21:03','2020-02-29 03:21:03'),(2906,'App\\Models\\Attachment',2428,'certificate_files','Arubi Amos EFD Statement of participation','Arubi-Amos-EFD-Statement-of-participation.pdf','application/pdf','public',546910,'[]','[]','[]',2600,'2020-02-29 03:23:54','2020-02-29 03:23:54'),(2908,'App\\Models\\Attachment',2430,'publication_files','Christian Aid North East CRM Snapshot (Jan - May 2019)','Christian-Aid-North-East-CRM-Snapshot-(Jan---May-2019).pdf','application/pdf','public',581517,'[]','[]','[]',2602,'2020-02-29 03:35:36','2020-02-29 03:35:36'),(2909,'App\\Models\\Attachment',2431,'publication_files','CAID Bi-Annual Infograph 23-07-2019','CAID-Bi-Annual-Infograph-23-07-2019.pdf','application/pdf','public',1612207,'[]','[]','[]',2603,'2020-02-29 03:36:48','2020-02-29 03:36:48'),(2910,'App\\Models\\Attachment',2432,'cv_files','Arubi Amos CV 2020','Arubi-Amos-CV-2020.pdf','application/pdf','public',642148,'[]','[]','[]',2604,'2020-02-29 04:05:38','2020-02-29 04:05:38'),(2913,'App\\Models\\Attachment',2433,'cv_files','Hassan A. Sambo CV','Hassan-A.-Sambo-CV.pdf','application/pdf','public',116775,'[]','[]','[]',2607,'2020-02-29 04:39:12','2020-02-29 04:39:12'),(2915,'App\\Models\\Attachment',2435,'diploma_files','KLUSER_Stephane_DESSNEdiplome','KLUSER_Stephane_DESSNEdiplome.pdf','application/pdf','public',571058,'[]','[]','[]',2609,'2020-02-29 05:40:11','2020-02-29 05:40:11'),(2917,'App\\Models\\Attachment',2437,'diploma_files','KLUSER_Stephane_MBOPdiplome','KLUSER_Stephane_MBOPdiplome.pdf','application/pdf','public',569973,'[]','[]','[]',2611,'2020-02-29 05:42:02','2020-02-29 05:42:02'),(2918,'App\\Models\\Attachment',2438,'diploma_files','KLUSER_Stephane_MBOPdiplome','KLUSER_Stephane_MBOPdiplome.pdf','application/pdf','public',569973,'[]','[]','[]',2612,'2020-02-29 05:42:03','2020-02-29 05:42:03'),(2919,'App\\Models\\Attachment',2439,'diploma_files','KLUSER_Stephane_MBOPdiplome','KLUSER_Stephane_MBOPdiplome.pdf','application/pdf','public',569973,'[]','[]','[]',2613,'2020-02-29 05:42:07','2020-02-29 05:42:07'),(2920,'App\\Models\\Attachment',2440,'diploma_files','KLUSER_Stephane_MBOPdiplome','KLUSER_Stephane_MBOPdiplome.pdf','application/pdf','public',569973,'[]','[]','[]',2614,'2020-02-29 05:46:54','2020-02-29 05:46:54'),(2921,'App\\Models\\Attachment',2441,'cv_files','AWETT  DESTA  HAGOS.docx CV 2020','AWETT--DESTA--HAGOS.docx-CV-2020.pdf','application/pdf','public',257967,'[]','[]','[]',2615,'2020-02-29 06:18:21','2020-02-29 06:18:21'),(2922,'App\\Models\\Attachment',2442,'diploma_files','Gyles PGDip Development Studies VUW certificate','Gyles-PGDip-Development-Studies-VUW-certificate.pdf','application/pdf','public',28951,'[]','[]','[]',2616,'2020-02-29 06:41:44','2020-02-29 06:41:44'),(2931,'App\\Models\\Attachment',2451,'diploma_files','MSc','MSc.pdf','application/pdf','public',1251552,'[]','[]','[]',2625,'2020-02-29 10:53:31','2020-02-29 10:53:31'),(2943,'App\\Models\\Attachment',2463,'certificate_files','Course Certificate','Course-Certificate.pdf','application/pdf','public',814174,'[]','[]','[]',2637,'2020-02-29 18:19:18','2020-02-29 18:19:18'),(2945,'App\\Models\\Attachment',2465,'cv_files','Aidan_Yuen_CV','Aidan_Yuen_CV.pdf','application/pdf','public',105004,'[]','[]','[]',2639,'2020-02-29 20:54:23','2020-02-29 20:54:23'),(2947,'App\\Models\\Attachment',2466,'cv_files','TL_IMMAP_Resume_Akintobi Olusanmi_','TL_IMMAP_Resume_Akintobi-Olusanmi_.pdf','application/pdf','public',133874,'[]','[]','[]',2641,'2020-02-29 21:04:30','2020-02-29 21:04:30'),(2953,'App\\Models\\Attachment',2471,'cv_files','2.Alca Kuvituanga_ Linkedin CV','2.Alca-Kuvituanga_-Linkedin-CV.pdf','application/pdf','public',59282,'[]','[]','[]',2647,'2020-02-29 23:39:03','2020-02-29 23:39:03'),(2954,'App\\Models\\Attachment',2472,'cv_files','Resume Iyad Qadi','Resume-Iyad-Qadi.pdf','application/pdf','public',682641,'[]','[]','[]',2648,'2020-03-01 01:20:51','2020-03-01 01:20:51'),(2960,'App\\Models\\Attachment',2477,'cv_files','CV Boniface Thawapo','CV-Boniface-Thawapo.pdf','application/pdf','public',459891,'[]','[]','[]',2654,'2020-03-01 07:44:04','2020-03-01 07:44:04'),(2969,'App\\Models\\Attachment',2486,'cv_files','Resume_Wenceslas_Ntumba_202002','Resume_Wenceslas_Ntumba_202002.pdf','application/pdf','public',201417,'[]','[]','[]',2663,'2020-03-01 12:02:51','2020-03-01 12:02:51'),(2972,'App\\Models\\Attachment',2488,'diploma_files','Diplome_Licence_et_Graduat','Diplome_Licence_et_Graduat.pdf','application/pdf','public',1906341,'[]','[]','[]',2666,'2020-03-01 13:25:34','2020-03-01 13:25:34'),(2973,'App\\Models\\Attachment',2489,'diploma_files','Diplome_Licence_et_Graduat','Diplome_Licence_et_Graduat.pdf','application/pdf','public',1906341,'[]','[]','[]',2667,'2020-03-01 13:26:22','2020-03-01 13:26:22'),(2974,'App\\Models\\Attachment',2490,'diploma_files','Diplome_Licence_et_Graduat','Diplome_Licence_et_Graduat.pdf','application/pdf','public',1906341,'[]','[]','[]',2668,'2020-03-01 13:26:50','2020-03-01 13:26:50'),(2975,'App\\Models\\Attachment',2491,'diploma_files','Diplome_Licence_et_Graduat','Diplome_Licence_et_Graduat.pdf','application/pdf','public',1906341,'[]','[]','[]',2669,'2020-03-01 13:27:00','2020-03-01 13:27:00'),(2977,'App\\Models\\Attachment',2493,'diploma_files','Diplome_Licence_et_Graduat','Diplome_Licence_et_Graduat.pdf','application/pdf','public',1906341,'[]','[]','[]',2671,'2020-03-01 13:32:23','2020-03-01 13:32:23'),(2978,'App\\Models\\Attachment',2494,'diploma_files','Diplome_Licence_et_Graduat','Diplome_Licence_et_Graduat.pdf','application/pdf','public',1906341,'[]','[]','[]',2672,'2020-03-01 13:34:39','2020-03-01 13:34:39'),(2983,'App\\Models\\Attachment',2499,'cv_files','CV_Jean_Pierre_WEZA_BATUMIKE','CV_Jean_Pierre_WEZA_BATUMIKE.pdf','application/pdf','public',331650,'[]','[]','[]',2677,'2020-03-01 15:37:49','2020-03-01 15:37:49'),(2985,'App\\Models\\Attachment',2500,'cv_files','Wesam Keewan- CV','Wesam-Keewan--CV.pdf','application/pdf','public',136309,'[]','[]','[]',2679,'2020-03-01 16:19:39','2020-03-01 16:19:39'),(2988,'App\\Models\\Attachment',2503,'certificate_files','Do-It-Yourself Geo Apps_Certificate_11222019','Do-It-Yourself-Geo-Apps_Certificate_11222019.pdf','application/pdf','public',494319,'[]','[]','[]',2682,'2020-03-01 22:15:32','2020-03-01 22:15:32'),(2989,'App\\Models\\Attachment',2504,'certificate_files','Basics of JavaScript Web Apps_Certificate_12192019','Basics-of-JavaScript-Web-Apps_Certificate_12192019.pdf','application/pdf','public',104215,'[]','[]','[]',2683,'2020-03-01 22:20:03','2020-03-01 22:20:03'),(2993,'App\\Models\\Attachment',2508,'certificate_files','M and E Certificate Wageningen','M-and-E-Certificate-Wageningen.pdf','application/pdf','public',328905,'[]','[]','[]',2687,'2020-03-01 23:29:29','2020-03-01 23:29:29'),(2994,'App\\Models\\Attachment',2509,'publication_files','Care Seeking Determinants among Adolescents in Lagos, Nigeria','Care-Seeking-Determinants-among-Adolescents-in-Lagos,-Nigeria.pdf','application/pdf','public',349825,'[]','[]','[]',2688,'2020-03-01 23:37:43','2020-03-01 23:37:43'),(2995,'App\\Models\\Attachment',2510,'cv_files','CV-CL_JC_CD','CV-CL_JC_CD.pdf','application/pdf','public',162972,'[]','[]','[]',2689,'2020-03-01 23:46:21','2020-03-01 23:46:21'),(2997,'App\\Models\\Attachment',2511,'publication_files','HIV testing among young people_Abstract','HIV-testing-among-young-people_Abstract.pdf','application/pdf','public',57079,'[]','[]','[]',2691,'2020-03-01 23:46:35','2020-03-01 23:46:35'),(2998,'App\\Models\\Attachment',2512,'publication_files','Teenage Fertility and Desire','Teenage-Fertility-and-Desire.pdf','application/pdf','public',609509,'[]','[]','[]',2692,'2020-03-01 23:47:58','2020-03-01 23:47:58'),(3000,'App\\Models\\Attachment',2513,'cv_files','Felix-Mary Okpechi_CV_02.2020','Felix-Mary-Okpechi_CV_02.2020.pdf','application/pdf','public',235009,'[]','[]','[]',2694,'2020-03-02 01:03:24','2020-03-02 01:03:24'),(3001,'App\\Models\\Attachment',2514,'diploma_files','Alycan Mushayabasa MScience0001','Alycan-Mushayabasa-MScience0001.pdf','application/pdf','public',463012,'[]','[]','[]',2695,'2020-03-02 01:25:11','2020-03-02 01:25:11'),(3002,'App\\Models\\Attachment',2515,'diploma_files','Alycan Mushayabasa MScience0001','Alycan-Mushayabasa-MScience0001.pdf','application/pdf','public',463012,'[]','[]','[]',2696,'2020-03-02 01:25:12','2020-03-02 01:25:12'),(3008,'App\\Models\\Attachment',2519,'certificate_files','IPC Level 2 Certificate_Andrew Makachia','IPC-Level-2-Certificate_Andrew-Makachia.pdf','application/pdf','public',961487,'[]','[]','[]',2701,'2020-03-02 01:49:05','2020-03-02 01:49:05'),(3009,'App\\Models\\Attachment',2520,'diploma_files','Degree Award','Degree-Award.pdf','application/pdf','public',435915,'[]','[]','[]',2702,'2020-03-02 01:49:45','2020-03-02 01:49:45'),(3012,'App\\Models\\Attachment',2523,'cv_files','AndrewLMakachia CV','AndrewLMakachia-CV.pdf','application/pdf','public',218571,'[]','[]','[]',2705,'2020-03-02 02:18:28','2020-03-02 02:18:28'),(3016,'App\\Models\\Attachment',2526,'publication_files','United Nations Course on Prevention of Harassment, Sexual Harassment and Abuse of Authority [Multilanguage]','United-Nations-Course-on-Prevention-of-Harassment,-Sexual-Harassment-and-Abuse-of-Authority-[Multilanguage].pdf','application/pdf','public',93519,'[]','[]','[]',2709,'2020-03-02 03:31:52','2020-03-02 03:31:52'),(3017,'App\\Models\\Attachment',2527,'cv_files','Ahmad Resume -','Ahmad-Resume--.pdf','application/pdf','public',414775,'[]','[]','[]',2710,'2020-03-02 03:55:52','2020-03-02 03:55:52'),(3020,'App\\Models\\Attachment',2529,'diploma_files','FUT_Cert','FUT_Cert.jpg','image/jpeg','public',142554,'[]','{\"generated_conversions\": {\"thumb\": true, \"p11-thumb\": true}}','[]',2713,'2020-03-02 05:59:33','2020-03-02 05:59:33'),(3022,'App\\Models\\Attachment',2531,'cv_files','CV_HillahNN','CV_HillahNN.pdf','application/pdf','public',165166,'[]','[]','[]',2715,'2020-03-02 06:08:54','2020-03-02 06:08:54'),(3026,'App\\Models\\Attachment',2535,'certificate_files','untitled13','untitled13.png','image/png','public',330209,'[]','{\"generated_conversions\": {\"thumb\": true, \"p11-thumb\": true}}','[]',2719,'2020-03-02 06:22:47','2020-03-02 06:22:47'),(3030,'App\\Models\\Attachment',2539,'cv_files','Ambi CV','Ambi-CV.pdf','application/pdf','public',587487,'[]','[]','[]',2722,'2020-03-02 07:19:38','2020-03-02 07:19:38'),(3037,'App\\Models\\Attachment',2544,'certificate_files','Linux-Intermediate','Linux-Intermediate.jpg','image/jpeg','public',741859,'[]','{\"generated_conversions\": {\"thumb\": true, \"p11-thumb\": true}}','[]',2728,'2020-03-02 08:37:06','2020-03-02 08:37:07'),(3038,'App\\Models\\Attachment',2545,'certificate_files','GIS','GIS.jpg','image/jpeg','public',622244,'[]','{\"generated_conversions\": {\"thumb\": true, \"p11-thumb\": true}}','[]',2729,'2020-03-02 08:39:21','2020-03-02 08:39:22'),(3044,'App\\Models\\Attachment',2550,'cv_files','CV - Samer Weber','CV---Samer-Weber.pdf','application/pdf','public',309220,'[]','[]','[]',2735,'2020-03-02 09:18:06','2020-03-02 09:18:06'),(3045,'App\\Models\\Attachment',2551,'cv_files','CV_Elias F. Mekuria_Feb 2020','CV_Elias-F.-Mekuria_Feb-2020.pdf','application/pdf','public',308528,'[]','[]','[]',2736,'2020-03-02 09:19:42','2020-03-02 09:19:42'),(3047,'App\\Models\\Attachment',2553,'cv_files','Yuster_CV_2020228','Yuster_CV_2020228.pdf','application/pdf','public',122451,'[]','[]','[]',2738,'2020-03-02 09:58:00','2020-03-02 09:58:00'),(3049,'App\\Models\\Attachment',2554,'cv_files','CV - Nuredin','CV---Nuredin.pdf','application/pdf','public',201371,'[]','[]','[]',2740,'2020-03-02 10:44:22','2020-03-02 10:44:22'),(3055,'App\\Models\\Attachment',2559,'portfolios','wfp_mli_SatImg_CroplandChange+ACLED_Mopti_Dec2019_ENG','wfp_mli_SatImg_CroplandChange+ACLED_Mopti_Dec2019_ENG.png','image/png','public',681735,'[]','{\"generated_conversions\": {\"thumb\": true, \"p11-thumb\": true}}','[]',2746,'2020-03-02 13:12:59','2020-03-02 13:13:00'),(3067,'App\\Models\\Attachment',2571,'cv_files','CV Armel Massimbo','CV-Armel-Massimbo.pdf','application/pdf','public',257446,'[]','[]','[]',2756,'2020-03-02 15:10:23','2020-03-02 15:10:23'),(3072,'App\\Models\\Attachment',2575,'cv_files','CV, Zier','CV,-Zier.pdf','application/pdf','public',97299,'[]','[]','[]',2761,'2020-03-02 15:35:00','2020-03-02 15:35:00'),(3074,'App\\Models\\Attachment',2576,'cv_files','CV_Abiot F Zegeye, January 2020','CV_Abiot-F-Zegeye,-January-2020.pdf','application/pdf','public',771001,'[]','[]','[]',2763,'2020-03-02 19:16:32','2020-03-02 19:16:32'),(3075,'App\\Models\\Attachment',2577,'cv_files','Bruno Granger Resume','Bruno-Granger-Resume.pdf','application/pdf','public',108109,'[]','[]','[]',2764,'2020-03-02 23:22:30','2020-03-02 23:22:30'),(3078,'App\\Models\\Attachment',2579,'diploma_files','diploma UvA','diploma-UvA.pdf','application/pdf','public',279126,'[]','[]','[]',2767,'2020-03-03 01:42:43','2020-03-03 01:42:43'),(3082,'App\\Models\\Attachment',2583,'cv_files','Profile_LucdeRuijter_Linkedin','Profile_LucdeRuijter_Linkedin.pdf','application/pdf','public',89423,'[]','[]','[]',2771,'2020-03-03 02:55:33','2020-03-03 02:55:33'),(3084,'App\\Models\\Attachment',2584,'cv_files','Tadios Tarekegn Ayele curriculum vitae updated','Tadios-Tarekegn-Ayele-curriculum-vitae-updated.pdf','application/pdf','public',536939,'[]','[]','[]',2773,'2020-03-03 03:40:26','2020-03-03 03:40:26'),(3086,'App\\Models\\Attachment',2586,'cv_files','CV_LaureBoudinaud_2p','CV_LaureBoudinaud_2p.pdf','application/pdf','public',172600,'[]','[]','[]',2774,'2020-03-03 03:52:14','2020-03-03 03:52:14'),(3089,'App\\Models\\Attachment',2588,'cv_files','03_03_2020_CV KOLABA AMBOTO Max Martial   english','03_03_2020_CV-KOLABA-AMBOTO-Max-Martial---english.pdf','application/pdf','public',479091,'[]','[]','[]',2777,'2020-03-03 04:13:26','2020-03-03 04:13:26'),(3092,'App\\Models\\Attachment',2591,'cv_files','OMOFOMA.OKOEDION - RESUME','OMOFOMA.OKOEDION---RESUME.pdf','application/pdf','public',177511,'[]','[]','[]',2780,'2020-03-03 04:22:55','2020-03-03 04:22:55'),(3094,'App\\Models\\Attachment',2593,'diploma_files','Masters Degree Certificate','Masters-Degree-Certificate.pdf','application/pdf','public',237756,'[]','[]','[]',2782,'2020-03-03 04:31:48','2020-03-03 04:31:48'),(3097,'App\\Models\\Attachment',2596,'publication_files','CV(1)','CV(1).pdf','application/pdf','public',43937,'[]','[]','[]',2785,'2020-03-03 04:35:33','2020-03-03 04:35:33'),(3103,'App\\Models\\Attachment',2601,'portfolios','kinshasa_urban_survey_example','kinshasa_urban_survey_example.pdf','application/pdf','public',1180072,'[]','[]','[]',2791,'2020-03-03 04:42:11','2020-03-03 04:42:11'),(3110,'App\\Models\\Attachment',2608,'cv_files','Mohamed Mahgoub USAJOBS RESUME ','Mohamed-Mahgoub-USAJOBS-RESUME-.pdf','application/pdf','public',88827,'[]','[]','[]',2798,'2020-03-03 04:48:41','2020-03-03 04:48:41'),(3111,'App\\Models\\Attachment',2609,'diploma_files','M. A. Certificate','M.-A.-Certificate.pdf','application/pdf','public',560340,'[]','[]','[]',2799,'2020-03-03 04:48:55','2020-03-03 04:48:55'),(3116,'App\\Models\\Attachment',2614,'diploma_files','M. A. Certificate','M.-A.-Certificate.pdf','application/pdf','public',560340,'[]','[]','[]',2804,'2020-03-03 04:54:12','2020-03-03 04:54:12'),(3117,'App\\Models\\Attachment',2615,'diploma_files','M. A. Certificate','M.-A.-Certificate.pdf','application/pdf','public',560340,'[]','[]','[]',2805,'2020-03-03 04:54:15','2020-03-03 04:54:15'),(3118,'App\\Models\\Attachment',2616,'diploma_files','M. A. Certificate','M.-A.-Certificate.pdf','application/pdf','public',560340,'[]','[]','[]',2806,'2020-03-03 04:54:26','2020-03-03 04:54:26'),(3119,'App\\Models\\Attachment',2617,'diploma_files','M. A. Certificate','M.-A.-Certificate.pdf','application/pdf','public',560340,'[]','[]','[]',2807,'2020-03-03 04:55:07','2020-03-03 04:55:07'),(3120,'App\\Models\\Attachment',2618,'diploma_files','M. A. Certificate','M.-A.-Certificate.pdf','application/pdf','public',560340,'[]','[]','[]',2808,'2020-03-03 04:55:39','2020-03-03 04:55:39'),(3121,'App\\Models\\Attachment',2619,'diploma_files','M. A. Certificate','M.-A.-Certificate.pdf','application/pdf','public',560340,'[]','[]','[]',2809,'2020-03-03 04:55:40','2020-03-03 04:55:40'),(3124,'App\\Models\\Attachment',2622,'diploma_files','B. A. Certificate','B.-A.-Certificate.pdf','application/pdf','public',931245,'[]','[]','[]',2812,'2020-03-03 04:58:52','2020-03-03 04:58:52'),(3126,'App\\Models\\Attachment',2624,'diploma_files','Diploma Certificate','Diploma-Certificate.pdf','application/pdf','public',273404,'[]','[]','[]',2814,'2020-03-03 05:01:12','2020-03-03 05:01:12'),(3129,'App\\Models\\Attachment',2627,'cv_files','epppppp','epppppp.pdf','application/pdf','public',287367,'[]','[]','[]',2817,'2020-03-03 05:02:27','2020-03-03 05:02:27'),(3135,'App\\Models\\Attachment',2632,'cv_files','CV','CV.pdf','application/pdf','public',259280,'[]','[]','[]',2823,'2020-03-03 05:10:57','2020-03-03 05:10:57'),(3139,'App\\Models\\Attachment',2634,'cv_files','0_Mr seyi','0_Mr-seyi.pdf','application/pdf','public',261525,'[]','[]','[]',2826,'2020-03-03 05:22:40','2020-03-03 05:22:40'),(3141,'App\\Models\\Attachment',2636,'diploma_files','Okon Bsc Lancaster-min','Okon-Bsc-Lancaster-min.jpg','image/jpeg','public',368906,'[]','{\"generated_conversions\": {\"thumb\": true, \"p11-thumb\": true}}','[]',2828,'2020-03-03 05:25:27','2020-03-03 05:25:27'),(3144,'App\\Models\\Attachment',2639,'cv_files','Laith-Nasr-labadi','Laith-Nasr-labadi.pdf','application/pdf','public',441209,'[]','[]','[]',2831,'2020-03-03 05:34:09','2020-03-03 05:34:09'),(3148,'App\\Models\\Attachment',2643,'cv_files','curriculum vatae retsum-5-1','curriculum-vatae-retsum-5-1.pdf','application/pdf','public',253614,'[]','[]','[]',2834,'2020-03-03 05:49:03','2020-03-03 05:49:03'),(3153,'App\\Models\\Attachment',2645,'diploma_files','IMG-20200112-WA0014','IMG-20200112-WA0014.jpg','image/jpeg','public',43734,'[]','{\"generated_conversions\": {\"thumb\": true, \"p11-thumb\": true}}','[]',2837,'2020-03-03 05:56:59','2020-03-03 05:56:59'),(3155,'App\\Models\\Attachment',2647,'cv_files','Patrick Musyoka CV','Patrick-Musyoka-CV.pdf','application/pdf','public',270442,'[]','[]','[]',2839,'2020-03-03 06:05:54','2020-03-03 06:05:54'),(3160,'App\\Models\\Attachment',2651,'certificate_files','Land Cover and Agricultural Change','Land-Cover-and-Agricultural-Change.pdf','application/pdf','public',400501,'[]','[]','[]',2844,'2020-03-03 06:12:25','2020-03-03 06:12:25'),(3161,'App\\Models\\Attachment',2652,'certificate_files','Land Cover and Agricultural Change','Land-Cover-and-Agricultural-Change.pdf','application/pdf','public',400501,'[]','[]','[]',2845,'2020-03-03 06:12:37','2020-03-03 06:12:37'),(3162,'App\\Models\\Attachment',2653,'diploma_files','M. A. Certificate','M.-A.-Certificate.pdf','application/pdf','public',560340,'[]','[]','[]',2846,'2020-03-03 06:14:13','2020-03-03 06:14:13'),(3163,'App\\Models\\Attachment',2654,'diploma_files','M. A. Certificate','M.-A.-Certificate.pdf','application/pdf','public',560340,'[]','[]','[]',2847,'2020-03-03 06:14:15','2020-03-03 06:14:15'),(3164,'App\\Models\\Attachment',2655,'diploma_files','M. A. Certificate','M.-A.-Certificate.pdf','application/pdf','public',560340,'[]','[]','[]',2848,'2020-03-03 06:14:57','2020-03-03 06:14:57'),(3165,'App\\Models\\Attachment',2656,'diploma_files','M. A. Certificate','M.-A.-Certificate.pdf','application/pdf','public',560340,'[]','[]','[]',2849,'2020-03-03 06:14:58','2020-03-03 06:14:58'),(3166,'App\\Models\\Attachment',2657,'certificate_files','Land Cover and Agricultural Change','Land-Cover-and-Agricultural-Change.pdf','application/pdf','public',400501,'[]','[]','[]',2850,'2020-03-03 06:15:49','2020-03-03 06:15:49'),(3167,'App\\Models\\Attachment',2658,'certificate_files','Land Cover and Agricultural Change','Land-Cover-and-Agricultural-Change.pdf','application/pdf','public',400501,'[]','[]','[]',2851,'2020-03-03 06:15:55','2020-03-03 06:15:55'),(3168,'App\\Models\\Attachment',2659,'diploma_files','M. A. Certificate','M.-A.-Certificate.jpg','image/jpeg','public',588250,'[]','{\"generated_conversions\": {\"thumb\": true, \"p11-thumb\": true}}','[]',2852,'2020-03-03 06:17:05','2020-03-03 06:17:06'),(3169,'App\\Models\\Attachment',2660,'diploma_files','M. A. Certificate','M.-A.-Certificate.jpg','image/jpeg','public',588250,'[]','{\"generated_conversions\": {\"thumb\": true, \"p11-thumb\": true}}','[]',2853,'2020-03-03 06:17:53','2020-03-03 06:17:53'),(3170,'App\\Models\\Attachment',2661,'diploma_files','M. A. Certificate','M.-A.-Certificate.jpg','image/jpeg','public',588250,'[]','{\"generated_conversions\": {\"thumb\": true, \"p11-thumb\": true}}','[]',2854,'2020-03-03 06:18:23','2020-03-03 06:18:23'),(3173,'App\\Models\\Attachment',2664,'diploma_files','M. A. Certificate','M.-A.-Certificate.jpg','image/jpeg','public',588250,'[]','{\"generated_conversions\": {\"thumb\": true, \"p11-thumb\": true}}','[]',2857,'2020-03-03 06:18:35','2020-03-03 06:18:36'),(3174,'App\\Models\\Attachment',2665,'cv_files','Faissal Bozi CV 2020 Updated','Faissal-Bozi-CV-2020-Updated.pdf','application/pdf','public',239201,'[]','[]','[]',2858,'2020-03-03 06:18:36','2020-03-03 06:18:36'),(3175,'App\\Models\\Attachment',2666,'diploma_files','M. A. Certificate','M.-A.-Certificate.pdf','application/pdf','public',560340,'[]','[]','[]',2859,'2020-03-03 06:18:50','2020-03-03 06:18:50'),(3176,'App\\Models\\Attachment',2667,'diploma_files','M. A. Certificate','M.-A.-Certificate.pdf','application/pdf','public',560340,'[]','[]','[]',2860,'2020-03-03 06:18:50','2020-03-03 06:18:50'),(3180,'App\\Models\\Attachment',2670,'certificate_files','Mapping with ArcGIS Online','Mapping-with-ArcGIS-Online.pdf','application/pdf','public',142535,'[]','[]','[]',2864,'2020-03-03 06:23:04','2020-03-03 06:23:04'),(3181,'App\\Models\\Attachment',2671,'diploma_files','Ms.C Degree','Ms.C-Degree.jpg','image/jpeg','public',380062,'[]','{\"generated_conversions\": {\"thumb\": true, \"p11-thumb\": true}}','[]',2865,'2020-03-03 06:25:30','2020-03-03 06:25:30'),(3183,'App\\Models\\Attachment',2673,'cv_files','CV_Nasser Ishaq_20200103-EN','CV_Nasser-Ishaq_20200103-EN.pdf','application/pdf','public',249095,'[]','[]','[]',2867,'2020-03-03 06:26:09','2020-03-03 06:26:09'),(3188,'App\\Models\\Attachment',2677,'certificate_files','001(1)','001(1).jpg','image/jpeg','public',869004,'[]','{\"generated_conversions\": {\"thumb\": true, \"p11-thumb\": true}}','[]',2872,'2020-03-03 06:44:09','2020-03-03 06:44:09'),(3189,'App\\Models\\Attachment',2678,'certificate_files','001(1)','001(1).jpg','image/jpeg','public',869004,'[]','{\"generated_conversions\": {\"thumb\": true, \"p11-thumb\": true}}','[]',2873,'2020-03-03 06:44:29','2020-03-03 06:44:29'),(3190,'App\\Models\\Attachment',2679,'certificate_files','001(1)','001(1).jpg','image/jpeg','public',869004,'[]','{\"generated_conversions\": {\"thumb\": true, \"p11-thumb\": true}}','[]',2874,'2020-03-03 06:44:32','2020-03-03 06:44:33'),(3191,'App\\Models\\Attachment',2680,'certificate_files','001(1)','001(1).jpg','image/jpeg','public',869004,'[]','{\"generated_conversions\": {\"thumb\": true, \"p11-thumb\": true}}','[]',2875,'2020-03-03 06:44:38','2020-03-03 06:44:39'),(3192,'App\\Models\\Attachment',2681,'certificate_files','001(1)','001(1).jpg','image/jpeg','public',869004,'[]','{\"generated_conversions\": {\"thumb\": true, \"p11-thumb\": true}}','[]',2876,'2020-03-03 06:44:51','2020-03-03 06:44:52'),(3199,'App\\Models\\Attachment',2688,'certificate_files','Certificate-WebDevformapswithJS','Certificate-WebDevformapswithJS.pdf','application/pdf','public',1155146,'[]','[]','[]',2883,'2020-03-03 06:55:55','2020-03-03 06:55:55'),(3200,'App\\Models\\Attachment',2689,'cv_files','CVI','CVI.pdf','application/pdf','public',304897,'[]','[]','[]',2884,'2020-03-03 07:01:28','2020-03-03 07:01:28'),(3203,'App\\Models\\Attachment',2691,'cv_files','CV IMMAPS  FRANCAIS  YVON','CV-IMMAPS--FRANCAIS--YVON.pdf','application/pdf','public',145715,'[]','[]','[]',2887,'2020-03-03 07:25:34','2020-03-03 07:25:34'),(3205,'App\\Models\\Attachment',2693,'cv_files','Resume_Michelo_v28012k20','Resume_Michelo_v28012k20.pdf','application/pdf','public',196451,'[]','[]','[]',2889,'2020-03-03 07:34:51','2020-03-03 07:34:51'),(3219,'App\\Models\\Attachment',2695,'cv_files','MARIA  ROBERT AKWAJI','MARIA--ROBERT-AKWAJI.pdf','application/pdf','public',289224,'[]','[]','[]',2894,'2020-03-03 08:08:45','2020-03-03 08:08:45'),(3220,'App\\Models\\Attachment',2696,'portfolios','Coastal_Communities_Against_Piracy_Map','Coastal_Communities_Against_Piracy_Map.pdf','application/pdf','public',602950,'[]','[]','[]',2895,'2020-03-03 08:13:54','2020-03-03 08:13:54'),(3225,'App\\Models\\Attachment',2698,'portfolios','Coastal_Communities_Against_Piracy_Map','Coastal_Communities_Against_Piracy_Map.pdf','application/pdf','public',602950,'[]','[]','[]',2898,'2020-03-03 08:15:07','2020-03-03 08:15:07'),(3226,'App\\Models\\Attachment',2699,'portfolios','Coastal_Communities_Against_Piracy_Map','Coastal_Communities_Against_Piracy_Map.pdf','application/pdf','public',602950,'[]','[]','[]',2899,'2020-03-03 08:15:33','2020-03-03 08:15:33'),(3227,'App\\Models\\Attachment',2700,'portfolios','Coastal_Communities_Against_Piracy_Map','Coastal_Communities_Against_Piracy_Map.pdf','application/pdf','public',602950,'[]','[]','[]',2900,'2020-03-03 08:16:16','2020-03-03 08:16:16'),(3228,'App\\Models\\Attachment',2701,'portfolios','Coastal_Communities_Against_Piracy_Map','Coastal_Communities_Against_Piracy_Map.pdf','application/pdf','public',602950,'[]','[]','[]',2901,'2020-03-03 08:16:18','2020-03-03 08:16:18'),(3229,'App\\Models\\Attachment',2702,'portfolios','Coastal_Communities_Against_Piracy_Map','Coastal_Communities_Against_Piracy_Map.pdf','application/pdf','public',602950,'[]','[]','[]',2902,'2020-03-03 08:16:25','2020-03-03 08:16:25'),(3230,'App\\Models\\Attachment',2703,'portfolios','Coastal_Communities_Against_Piracy_Map','Coastal_Communities_Against_Piracy_Map.pdf','application/pdf','public',602950,'[]','[]','[]',2903,'2020-03-03 08:16:48','2020-03-03 08:16:48'),(3231,'App\\Models\\Attachment',2704,'portfolios','Coastal_Communities_Against_Piracy_Map','Coastal_Communities_Against_Piracy_Map.pdf','application/pdf','public',602950,'[]','[]','[]',2904,'2020-03-03 08:17:27','2020-03-03 08:17:27'),(3232,'App\\Models\\Attachment',2705,'portfolios','Coastal_Communities_Against_Piracy_Map','Coastal_Communities_Against_Piracy_Map.pdf','application/pdf','public',602950,'[]','[]','[]',2905,'2020-03-03 08:17:56','2020-03-03 08:17:56'),(3233,'App\\Models\\Attachment',2706,'portfolios','Coastal_Communities_Against_Piracy_Map','Coastal_Communities_Against_Piracy_Map.pdf','application/pdf','public',602950,'[]','[]','[]',2906,'2020-03-03 08:17:59','2020-03-03 08:17:59'),(3234,'App\\Models\\Attachment',2707,'portfolios','Coastal_Communities_Against_Piracy_Map','Coastal_Communities_Against_Piracy_Map.pdf','application/pdf','public',602950,'[]','[]','[]',2907,'2020-03-03 08:18:02','2020-03-03 08:18:02'),(3236,'App\\Models\\Attachment',2709,'cv_files','CV-BrunoEN','CV-BrunoEN.pdf','application/pdf','public',164201,'[]','[]','[]',2908,'2020-03-03 08:24:21','2020-03-03 08:24:21'),(3238,'App\\Models\\Attachment',2711,'diploma_files','bsc','bsc.png','image/png','public',1482112,'[]','{\"generated_conversions\": {\"thumb\": true, \"p11-thumb\": true}}','[]',2910,'2020-03-03 08:28:36','2020-03-03 08:28:36'),(3240,'App\\Models\\Attachment',2713,'portfolios','FISHERIES-TERRITORIAL-CORRIDORS-UNDER-ILED-PROGRAMME-SOM-20200225-A3-001','FISHERIES-TERRITORIAL-CORRIDORS-UNDER-ILED-PROGRAMME-SOM-20200225-A3-001.pdf','application/pdf','public',1667435,'[]','[]','[]',2912,'2020-03-03 08:29:57','2020-03-03 08:29:57'),(3243,'App\\Models\\Attachment',2714,'cv_files','DamoduAbdul CV','DamoduAbdul-CV.pdf','application/pdf','public',409970,'[]','[]','[]',2914,'2020-03-03 08:36:16','2020-03-03 08:36:16'),(3249,'App\\Models\\Attachment',2719,'cv_files','CV_\'19.. ','CV_\'19..-.pdf','application/pdf','public',211485,'[]','[]','[]',2920,'2020-03-03 08:43:01','2020-03-03 08:43:01'),(3252,'App\\Models\\Attachment',2721,'cv_files','CV - G.KALADJAKOS','CV---G.KALADJAKOS.pdf','application/pdf','public',1439276,'[]','[]','[]',2922,'2020-03-03 08:45:56','2020-03-03 08:45:56'),(3254,'App\\Models\\Attachment',2723,'diploma_files','Master Degree Salah ali ','Master-Degree-Salah-ali-.pdf','application/pdf','public',1814332,'[]','[]','[]',2924,'2020-03-03 08:52:40','2020-03-03 08:52:40'),(3255,'App\\Models\\Attachment',2724,'diploma_files','Master Degree Salah ali ','Master-Degree-Salah-ali-.pdf','application/pdf','public',1814332,'[]','[]','[]',2925,'2020-03-03 08:52:59','2020-03-03 08:52:59'),(3256,'App\\Models\\Attachment',2725,'cv_files','CV_Antony Ndubi','CV_Antony-Ndubi.pdf','application/pdf','public',241947,'[]','[]','[]',2926,'2020-03-03 08:53:25','2020-03-03 08:53:25'),(3260,'App\\Models\\Attachment',2728,'cv_files','resume','resume.pdf','application/pdf','public',66239,'[]','[]','[]',2930,'2020-03-03 08:57:42','2020-03-03 08:57:42'),(3261,'App\\Models\\Attachment',2729,'diploma_files','Master Degree Salah ali ','Master-Degree-Salah-ali-.pdf','application/pdf','public',1814332,'[]','[]','[]',2931,'2020-03-03 08:57:54','2020-03-03 08:57:54'),(3263,'App\\Models\\Attachment',2730,'cv_files','CV Nasr 03032020 - iMMAP','CV-Nasr-03032020---iMMAP.pdf','application/pdf','public',208986,'[]','[]','[]',2933,'2020-03-03 09:00:17','2020-03-03 09:00:17'),(3266,'App\\Models\\Attachment',2731,'cv_files','Salah Ali CV','Salah-Ali-CV.pdf','application/pdf','public',461412,'[]','[]','[]',2935,'2020-03-03 09:11:12','2020-03-03 09:11:12'),(3268,'App\\Models\\Attachment',2733,'certificate_files','chika 13','chika-13.jpg','image/jpeg','public',826274,'[]','{\"generated_conversions\": {\"thumb\": true, \"p11-thumb\": true}}','[]',2937,'2020-03-03 10:48:32','2020-03-03 10:48:33'),(3269,'App\\Models\\Attachment',2734,'publication_files','CHIKA\'s Resume','CHIKA\'s-Resume.pdf','application/pdf','public',35831,'[]','[]','[]',2938,'2020-03-03 10:50:29','2020-03-03 10:50:29'),(3270,'App\\Models\\Attachment',2735,'publication_files','CHIKA\'s Resume','CHIKA\'s-Resume.pdf','application/pdf','public',35831,'[]','[]','[]',2939,'2020-03-03 10:50:29','2020-03-03 10:50:29'),(3271,'App\\Models\\Attachment',2736,'cv_files','RESUME_2020','RESUME_2020.pdf','application/pdf','public',89938,'[]','[]','[]',2940,'2020-03-03 10:55:03','2020-03-03 10:55:03'),(3273,'App\\Models\\Attachment',2737,'cv_files','Ayman- CV Jan 2020','Ayman--CV-Jan-2020.pdf','application/pdf','public',138528,'[]','[]','[]',2942,'2020-03-03 12:25:18','2020-03-03 12:25:18'),(3274,'App\\Models\\Attachment',2738,'diploma_files','besi dipl 001','besi-dipl-001.jpg','image/jpeg','public',1053818,'[]','{\"generated_conversions\": {\"thumb\": true, \"p11-thumb\": true}}','[]',2943,'2020-03-03 12:28:22','2020-03-03 12:28:23'),(3275,'App\\Models\\Attachment',2739,'diploma_files','1- Master in business administrator (Information Technology Management )','1--Master-in-business-administrator-(Information-Technology-Management-).pdf','application/pdf','public',2081127,'[]','[]','[]',2944,'2020-03-03 13:36:51','2020-03-03 13:36:51'),(3277,'App\\Models\\Attachment',2741,'diploma_files','1- Master in business administrator (Information Technology Management )','1--Master-in-business-administrator-(Information-Technology-Management-).pdf','application/pdf','public',2081127,'[]','[]','[]',2946,'2020-03-03 13:37:11','2020-03-03 13:37:11'),(3291,'App\\Models\\Attachment',2755,'diploma_files','Diplme LP3 Ibrahima B KONATE','Diplme-LP3-Ibrahima-B-KONATE.pdf','application/pdf','public',417364,'[]','[]','[]',2960,'2020-03-03 14:31:46','2020-03-03 14:31:46'),(3294,'App\\Models\\Attachment',2758,'cv_files','Resume  Ebrahim_Anaam','Resume--Ebrahim_Anaam.pdf','application/pdf','public',214651,'[]','[]','[]',2963,'2020-03-03 14:41:41','2020-03-03 14:41:41'),(3295,'App\\Models\\Attachment',2759,'cv_files','Gamuchirai Perekwa_CV','Gamuchirai-Perekwa_CV.pdf','application/pdf','public',660256,'[]','[]','[]',2964,'2020-03-03 15:53:19','2020-03-03 15:53:19'),(3297,'App\\Models\\Attachment',2760,'cv_files','180220_Gloria Affiku_Standard  CV','180220_Gloria-Affiku_Standard--CV.pdf','application/pdf','public',108675,'[]','[]','[]',2966,'2020-03-03 22:47:38','2020-03-03 22:47:38'),(3300,'App\\Models\\Attachment',2761,'cv_files','CV_of_AbrahamOndoma_2020-IMMAP','CV_of_AbrahamOndoma_2020-IMMAP.pdf','application/pdf','public',263039,'[]','[]','[]',2969,'2020-03-04 00:22:26','2020-03-04 00:22:26'),(3313,'App\\Models\\Attachment',2773,'publication_files','Durable-Solutions-Analysis-Guide-web','Durable-Solutions-Analysis-Guide-web.pdf','application/pdf','public',1248209,'[]','[]','[]',2982,'2020-03-04 04:09:52','2020-03-04 04:09:52'),(3314,'App\\Models\\Attachment',2774,'publication_files','krynskybaal-kivela-weihmayer','krynskybaal-kivela-weihmayer.pdf','application/pdf','public',377259,'[]','[]','[]',2983,'2020-03-04 04:13:36','2020-03-04 04:13:36'),(3315,'App\\Models\\Attachment',2775,'publication_files','JIPS_GRID2019_UrbanProfiling_FinalPaper','JIPS_GRID2019_UrbanProfiling_FinalPaper.pdf','application/pdf','public',906321,'[]','[]','[]',2984,'2020-03-04 04:17:05','2020-03-04 04:17:05'),(3316,'App\\Models\\Attachment',2776,'cv_files','Dima Abu Alkheir CURRICULAM VITA','Dima-Abu-Alkheir-CURRICULAM-VITA.pdf','application/pdf','public',375276,'[]','[]','[]',2985,'2020-03-04 04:19:59','2020-03-04 04:19:59'),(3320,'App\\Models\\Attachment',2779,'certificate_files','Certificate - M&E Fundamentals','Certificate---M&E-Fundamentals.pdf','application/pdf','public',93203,'[]','[]','[]',2989,'2020-03-04 04:55:45','2020-03-04 04:55:45'),(3321,'App\\Models\\Attachment',2780,'cv_files','Kevin Ukueku CV','Kevin-Ukueku-CV.pdf','application/pdf','public',134181,'[]','[]','[]',2990,'2020-03-04 05:45:05','2020-03-04 05:45:05'),(3322,'App\\Models\\Attachment',2781,'cv_files','20200304_CMarrs CV','20200304_CMarrs-CV.pdf','application/pdf','public',107457,'[]','[]','[]',2991,'2020-03-04 06:15:34','2020-03-04 06:15:34'),(3323,'App\\Models\\Attachment',2782,'cv_files','Sulaiman_Badamasi_Updated','Sulaiman_Badamasi_Updated.pdf','application/pdf','public',185072,'[]','[]','[]',2992,'2020-03-04 06:28:30','2020-03-04 06:28:30'),(3325,'App\\Models\\Attachment',2783,'cv_files','Resume_Ruta Alem','Resume_Ruta-Alem.pdf','application/pdf','public',191133,'[]','[]','[]',2994,'2020-03-04 06:37:01','2020-03-04 06:37:01'),(3326,'App\\Models\\Attachment',2784,'cv_files','Isam Ghareeb_CV_2020','Isam-Ghareeb_CV_2020.pdf','application/pdf','public',191517,'[]','[]','[]',2995,'2020-03-04 07:11:08','2020-03-04 07:11:08'),(3329,'App\\Models\\Attachment',2787,'diploma_files','Bacc_Geo','Bacc_Geo.pdf','application/pdf','public',467422,'[]','[]','[]',2998,'2020-03-04 07:42:23','2020-03-04 07:42:23'),(3344,'App\\Models\\Attachment',2800,'certificate_files','ESRI certificate','ESRI-certificate.pdf','application/pdf','public',844997,'[]','[]','[]',3012,'2020-03-04 09:31:39','2020-03-04 09:31:39'),(3345,'App\\Models\\Attachment',2801,'certificate_files','ESRI certificate','ESRI-certificate.pdf','application/pdf','public',844997,'[]','[]','[]',3013,'2020-03-04 09:31:43','2020-03-04 09:31:43'),(3346,'App\\Models\\Attachment',2802,'certificate_files','ESRI certificate','ESRI-certificate.pdf','application/pdf','public',844997,'[]','[]','[]',3014,'2020-03-04 09:31:56','2020-03-04 09:31:56'),(3348,'App\\Models\\Attachment',2804,'certificate_files','CERTIFICATE on Applied research with marginal and hidden population','CERTIFICATE-on-Applied-research-with-marginal-and-hidden-population.pdf','application/pdf','public',186353,'[]','[]','[]',3016,'2020-03-04 09:37:46','2020-03-04 09:37:46'),(3354,'App\\Models\\Attachment',2810,'certificate_files','TRAINING_BASICS OF PROPOSAL WRITING','TRAINING_BASICS-OF-PROPOSAL-WRITING.jpg','image/jpeg','public',153646,'[]','{\"generated_conversions\": {\"thumb\": true, \"p11-thumb\": true}}','[]',3022,'2020-03-04 09:57:48','2020-03-04 09:57:49'),(3356,'App\\Models\\Attachment',2812,'certificate_files','SAFEGUARDING','SAFEGUARDING.png','image/png','public',1204870,'[]','{\"generated_conversions\": {\"thumb\": true, \"p11-thumb\": true}}','[]',3024,'2020-03-04 10:04:17','2020-03-04 10:04:18'),(3358,'App\\Models\\Attachment',2814,'cv_files','Kennedy C. Atiya CV','Kennedy-C.-Atiya-CV.pdf','application/pdf','public',319708,'[]','[]','[]',3026,'2020-03-04 10:39:10','2020-03-04 10:39:10'),(3361,'App\\Models\\Attachment',2815,'cv_files','CV_SADIA SALEEM','CV_SADIA-SALEEM.pdf','application/pdf','public',225691,'[]','[]','[]',3029,'2020-03-04 10:41:14','2020-03-04 10:41:14'),(3363,'App\\Models\\Attachment',2817,'cv_files','Resume Ibrahima.B.KONATE','Resume-Ibrahima.B.KONATE.pdf','application/pdf','public',177142,'[]','[]','[]',3031,'2020-03-04 14:11:49','2020-03-04 14:11:49'),(3364,'App\\Models\\Attachment',2818,'cv_files','CV_Makan_Konate IMMAP','CV_Makan_Konate-IMMAP.pdf','application/pdf','public',123634,'[]','[]','[]',3032,'2020-03-04 14:13:50','2020-03-04 14:13:50'),(3368,'App\\Models\\Attachment',2820,'cv_files','Resume_2020','Resume_2020.pdf','application/pdf','public',163041,'[]','[]','[]',3035,'2020-03-04 14:39:16','2020-03-04 14:39:16'),(3387,'App\\Models\\Attachment',2838,'cv_files','Curriculum Vitae','Curriculum-Vitae.pdf','application/pdf','public',682401,'[]','[]','[]',3054,'2020-03-05 02:01:33','2020-03-05 02:01:33'),(3388,'App\\Models\\Attachment',2839,'cv_files','CV_ Adel_2020','CV_-Adel_2020.pdf','application/pdf','public',60582,'[]','[]','[]',3055,'2020-03-05 02:29:14','2020-03-05 02:29:14'),(3389,'App\\Models\\Attachment',2840,'cv_files','Manar ALERYANI - RESUM','Manar-ALERYANI---RESUM.pdf','application/pdf','public',177087,'[]','[]','[]',3056,'2020-03-05 02:42:03','2020-03-05 02:42:03'),(3391,'App\\Models\\Attachment',2841,'cv_files','Olufisola Oladipo_CV','Olufisola-Oladipo_CV.pdf','application/pdf','public',201117,'[]','[]','[]',3058,'2020-03-05 03:18:30','2020-03-05 03:18:30'),(3393,'App\\Models\\Attachment',2842,'certificate_files','Prevention of Sexual Harassment and Abuse by UN Personnel-Working Harmoniously (Sept2019)','Prevention-of-Sexual-Harassment-and-Abuse-by-UN-Personnel-Working-Harmoniously-(Sept2019).pdf','application/pdf','public',93422,'[]','[]','[]',3060,'2020-03-05 04:53:36','2020-03-05 04:53:36'),(3397,'App\\Models\\Attachment',2844,'cv_files','CV-Highlights-Lawrence-Aporto-2020','CV-Highlights-Lawrence-Aporto-2020.pdf','application/pdf','public',343571,'[]','[]','[]',3064,'2020-03-05 05:40:00','2020-03-05 05:40:00'),(3406,'App\\Models\\Attachment',2850,'cv_files','Magnat Kavuna_resum_2020-03','Magnat-Kavuna_resum_2020-03.pdf','application/pdf','public',116791,'[]','[]','[]',3070,'2020-03-05 06:44:50','2020-03-05 06:44:50'),(3407,'App\\Models\\Attachment',2851,'cv_files','CV SON','CV-SON.pdf','application/pdf','public',181360,'[]','[]','[]',3071,'2020-03-05 07:16:48','2020-03-05 07:16:48'),(3408,'App\\Models\\Attachment',2852,'cv_files','Ross_Colwell_GIS_CV_03032020','Ross_Colwell_GIS_CV_03032020.pdf','application/pdf','public',174948,'[]','[]','[]',3072,'2020-03-05 07:22:21','2020-03-05 07:22:21'),(3410,'App\\Models\\Attachment',2853,'cv_files','Amalia_Mendes_Resume','Amalia_Mendes_Resume.pdf','application/pdf','public',147575,'[]','[]','[]',3074,'2020-03-05 08:26:01','2020-03-05 08:26:01'),(3411,'App\\Models\\Attachment',2854,'cv_files','Francis_CURRICULUM VITAE English','Francis_CURRICULUM-VITAE-English.pdf','application/pdf','public',169514,'[]','[]','[]',3075,'2020-03-05 08:36:10','2020-03-05 08:36:10'),(3413,'App\\Models\\Attachment',2856,'diploma_files','LAGAMAYO_Masteral Certificate (LR)','LAGAMAYO_Masteral-Certificate-(LR).pdf','application/pdf','public',776360,'[]','[]','[]',3077,'2020-03-05 09:33:27','2020-03-05 09:33:27'),(3421,'App\\Models\\Attachment',2863,'cv_files','Fayyaz CV-Updated-Expate final','Fayyaz-CV-Updated-Expate-final.pdf','application/pdf','public',270008,'[]','[]','[]',3085,'2020-03-05 13:37:59','2020-03-05 13:37:59'),(3428,'App\\Models\\Attachment',2869,'publication_files','Critical review of KRB','Critical-review-of-KRB.pdf','application/pdf','public',348850,'[]','[]','[]',3092,'2020-03-05 14:58:58','2020-03-05 14:58:58'),(3429,'App\\Models\\Attachment',2870,'publication_files','Utilization of satellite-based Digital Elevation Model (DEM)','Utilization-of-satellite-based-Digital-Elevation-Model-(DEM).pdf','application/pdf','public',270151,'[]','[]','[]',3093,'2020-03-05 15:02:41','2020-03-05 15:02:41'),(3430,'App\\Models\\Attachment',2871,'publication_files','matecconf_mucet2018_03007','matecconf_mucet2018_03007.pdf','application/pdf','public',587006,'[]','[]','[]',3094,'2020-03-05 15:05:07','2020-03-05 15:05:07'),(3431,'App\\Models\\Attachment',2872,'publication_files','078b62a790e75af50c134e312ab5757aa38d','078b62a790e75af50c134e312ab5757aa38d.pdf','application/pdf','public',1334592,'[]','[]','[]',3095,'2020-03-05 15:06:58','2020-03-05 15:06:58'),(3432,'App\\Models\\Attachment',2873,'cv_files','SyedaMariaZaidi_Resume','SyedaMariaZaidi_Resume.pdf','application/pdf','public',179323,'[]','[]','[]',3096,'2020-03-05 15:36:25','2020-03-05 15:36:25'),(3434,'App\\Models\\Attachment',2874,'diploma_files','educer_20191106_231 (1)','educer_20191106_231-(1).pdf','application/pdf','public',428552,'[]','[]','[]',3098,'2020-03-05 20:03:29','2020-03-05 20:03:29'),(3441,'App\\Models\\Attachment',2879,'cv_files','Robert Muriithi_CV','Robert-Muriithi_CV.pdf','application/pdf','public',126613,'[]','[]','[]',3104,'2020-03-06 04:15:27','2020-03-06 04:15:27'),(3443,'App\\Models\\Attachment',2880,'cv_files','Salahaldeen CV Feb 2020','Salahaldeen-CV-Feb-2020.pdf','application/pdf','public',1056995,'[]','[]','[]',3106,'2020-03-06 05:02:27','2020-03-06 05:02:27'),(3445,'App\\Models\\Attachment',2881,'cv_files','Updated Cv_pdf','Updated-Cv_pdf.pdf','application/pdf','public',153729,'[]','[]','[]',3108,'2020-03-06 05:49:38','2020-03-06 05:49:38'),(3447,'App\\Models\\Attachment',2882,'diploma_files','15835342887535050435603036688238','15835342887535050435603036688238.jpg','image/jpeg','public',2044137,'[]','{\"generated_conversions\": {\"thumb\": true, \"p11-thumb\": true}}','[]',3110,'2020-03-06 15:43:34','2020-03-06 15:43:35'),(3448,'App\\Models\\Attachment',2883,'diploma_files','15835342887535050435603036688238','15835342887535050435603036688238.jpg','image/jpeg','public',2044137,'[]','{\"generated_conversions\": {\"thumb\": true, \"p11-thumb\": true}}','[]',3111,'2020-03-06 15:43:47','2020-03-06 15:43:48'),(3449,'App\\Models\\Attachment',2884,'diploma_files','15835342887535050435603036688238','15835342887535050435603036688238.jpg','image/jpeg','public',2044137,'[]','{\"generated_conversions\": {\"thumb\": true, \"p11-thumb\": true}}','[]',3112,'2020-03-06 15:44:04','2020-03-06 15:44:06'),(3450,'App\\Models\\Attachment',2885,'diploma_files','15835342887535050435603036688238','15835342887535050435603036688238.jpg','image/jpeg','public',2044137,'[]','{\"generated_conversions\": {\"thumb\": true, \"p11-thumb\": true}}','[]',3113,'2020-03-06 15:44:14','2020-03-06 15:44:15'),(3451,'App\\Models\\Attachment',2886,'cv_files','cv timo (1)','cv-timo-(1).pdf','application/pdf','public',206685,'[]','[]','[]',3114,'2020-03-06 16:04:32','2020-03-06 16:04:32'),(3454,'App\\Models\\Attachment',2889,'publication_files','Research Paper waqar','Research-Paper-waqar.pdf','application/pdf','public',260865,'[]','[]','[]',3117,'2020-03-07 00:34:41','2020-03-07 00:34:41'),(3457,'App\\Models\\Attachment',2891,'cv_files','CV waqar','CV-waqar.pdf','application/pdf','public',593547,'[]','[]','[]',3120,'2020-03-07 00:57:42','2020-03-07 00:57:42'),(3467,'App\\Models\\Attachment',2901,'certificate_files','WASH_Course certificate - Introduction to WASH','WASH_Course-certificate---Introduction-to-WASH.pdf','application/pdf','public',358308,'[]','[]','[]',3130,'2020-03-07 04:30:21','2020-03-07 04:30:21'),(3471,'App\\Models\\Attachment',2905,'cv_files','Alycan Mushayabasa - CV','Alycan-Mushayabasa---CV.pdf','application/pdf','public',157136,'[]','[]','[]',3134,'2020-03-07 08:29:25','2020-03-07 08:29:25'),(3473,'App\\Models\\Attachment',2906,'cv_files','IMMAP_CV_BMP','IMMAP_CV_BMP.pdf','application/pdf','public',183664,'[]','[]','[]',3136,'2020-03-07 09:52:50','2020-03-07 09:52:50'),(3477,'App\\Models\\Attachment',2909,'diploma_files','ADPH_certBEATRICE','ADPH_certBEATRICE.jpg','image/jpeg','public',525884,'[]','{\"generated_conversions\": {\"thumb\": true, \"p11-thumb\": true}}','[]',3140,'2020-03-07 11:41:38','2020-03-07 11:41:38'),(3479,'App\\Models\\Attachment',2911,'diploma_files','KMTC DIPLOMA','KMTC-DIPLOMA.pdf','application/pdf','public',954948,'[]','[]','[]',3142,'2020-03-07 11:43:55','2020-03-07 11:43:55'),(3482,'App\\Models\\Attachment',2913,'diploma_files','IMG-20170420-WA0038','IMG-20170420-WA0038.jpg','image/jpeg','public',368033,'[]','{\"generated_conversions\": {\"thumb\": true, \"p11-thumb\": true}}','[]',3145,'2020-03-07 16:12:20','2020-03-07 16:12:20'),(3483,'App\\Models\\Attachment',2914,'cv_files','CV_MagnusKronander_2_2','CV_MagnusKronander_2_2.pdf','application/pdf','public',248745,'[]','[]','[]',3146,'2020-03-07 23:41:24','2020-03-07 23:41:24'),(3486,'App\\Models\\Attachment',2915,'cv_files','Omar\'s Resume','Omar\'s-Resume.pdf','application/pdf','public',1005548,'[]','[]','[]',3148,'2020-03-08 03:45:18','2020-03-08 03:45:18'),(3492,'App\\Models\\Attachment',2920,'cv_files','LAGAMAYO_Curriculum Vitae','LAGAMAYO_Curriculum-Vitae.pdf','application/pdf','public',199316,'[]','[]','[]',3153,'2020-03-08 07:42:31','2020-03-08 07:42:31'),(3496,'App\\Models\\Attachment',2924,'certificate_files','TAFE Tasmania 1998-09-27 - Certificate IV Engineering (Electrical)','TAFE-Tasmania-1998-09-27---Certificate-IV-Engineering-(Electrical).jpg','image/jpeg','public',570684,'[]','{\"generated_conversions\": {\"thumb\": true, \"p11-thumb\": true}}','[]',3157,'2020-03-08 08:01:29','2020-03-08 08:01:29'),(3507,'App\\Models\\Attachment',2935,'cv_files','CV_Abdoul_Karim_Sow_dec2019','CV_Abdoul_Karim_Sow_dec2019.pdf','application/pdf','public',131828,'[]','[]','[]',3168,'2020-03-08 13:00:52','2020-03-08 13:00:52'),(3509,'App\\Models\\Attachment',2936,'diploma_files','Bachelor Degree (1)','Bachelor-Degree-(1).pdf','application/pdf','public',425057,'[]','[]','[]',3170,'2020-03-08 14:13:27','2020-03-08 14:13:27'),(3512,'App\\Models\\Attachment',2939,'diploma_files','Certificate in Social Work & Welfare','Certificate-in-Social-Work-&-Welfare.pdf','application/pdf','public',1691254,'[]','[]','[]',3173,'2020-03-08 14:23:11','2020-03-08 14:23:11'),(3518,'App\\Models\\Attachment',2945,'certificate_files','Smart Executive Cert','Smart-Executive-Cert.pdf','application/pdf','public',675794,'[]','[]','[]',3179,'2020-03-09 02:23:23','2020-03-09 02:23:23'),(3519,'App\\Models\\Attachment',2946,'certificate_files','Smart Executive Cert','Smart-Executive-Cert.pdf','application/pdf','public',675794,'[]','[]','[]',3180,'2020-03-09 02:23:46','2020-03-09 02:23:46'),(3525,'App\\Models\\Attachment',2948,'cv_files','Ayah Al-Majali CV 2020','Ayah-Al-Majali-CV-2020.pdf','application/pdf','public',268029,'[]','[]','[]',3185,'2020-03-09 03:59:02','2020-03-09 03:59:02'),(3526,'App\\Models\\Attachment',2949,'cv_files','CV_Jumana_Suleiman ','CV_Jumana_Suleiman-.pdf','application/pdf','public',89215,'[]','[]','[]',3186,'2020-03-09 04:07:06','2020-03-09 04:07:06'),(3527,'App\\Models\\Attachment',2950,'cv_files','Hadeel_Al-Bukhari_CV','Hadeel_Al-Bukhari_CV.pdf','application/pdf','public',147760,'[]','[]','[]',3187,'2020-03-09 05:42:52','2020-03-09 05:42:52'),(3529,'App\\Models\\Attachment',2952,'cv_files','Patrick_Fitzgerald_Resume','Patrick_Fitzgerald_Resume.pdf','application/pdf','public',96451,'[]','[]','[]',3189,'2020-03-09 07:50:57','2020-03-09 07:50:57'),(3532,'App\\Models\\Attachment',2955,'cv_files','Boniface CV_IMMAP','Boniface-CV_IMMAP.pdf','application/pdf','public',473824,'[]','[]','[]',3191,'2020-03-09 09:20:57','2020-03-09 09:20:57'),(3537,'App\\Models\\Attachment',2958,'diploma_files','Confirmation BCIS','Confirmation-BCIS.pdf','application/pdf','public',55390,'[]','[]','[]',3195,'2020-03-09 10:47:38','2020-03-09 10:47:38'),(3538,'App\\Models\\Attachment',2959,'diploma_files','Confirmation BCIS','Confirmation-BCIS.pdf','application/pdf','public',55390,'[]','[]','[]',3196,'2020-03-09 10:47:39','2020-03-09 10:47:39'),(3539,'App\\Models\\Attachment',2960,'diploma_files','Confirmation BCIS','Confirmation-BCIS.pdf','application/pdf','public',55390,'[]','[]','[]',3197,'2020-03-09 10:47:41','2020-03-09 10:47:41'),(3540,'App\\Models\\Attachment',2961,'diploma_files','Confirmation BCIS','Confirmation-BCIS.pdf','application/pdf','public',55390,'[]','[]','[]',3198,'2020-03-09 10:47:42','2020-03-09 10:47:42'),(3541,'App\\Models\\Attachment',2962,'diploma_files','Confirmation BCIS','Confirmation-BCIS.pdf','application/pdf','public',55390,'[]','[]','[]',3199,'2020-03-09 10:47:43','2020-03-09 10:47:43'),(3542,'App\\Models\\Attachment',2963,'diploma_files','Confirmation BCIS','Confirmation-BCIS.pdf','application/pdf','public',55390,'[]','[]','[]',3200,'2020-03-09 10:47:43','2020-03-09 10:47:43'),(3543,'App\\Models\\Attachment',2964,'diploma_files','Confirmation BCIS','Confirmation-BCIS.pdf','application/pdf','public',55390,'[]','[]','[]',3201,'2020-03-09 10:47:44','2020-03-09 10:47:44'),(3544,'App\\Models\\Attachment',2965,'diploma_files','Confirmation BCIS','Confirmation-BCIS.pdf','application/pdf','public',55390,'[]','[]','[]',3202,'2020-03-09 10:47:45','2020-03-09 10:47:45'),(3546,'App\\Models\\Attachment',2967,'cv_files','Dave Jegier iMMAP CV ','Dave-Jegier-iMMAP-CV-.pdf','application/pdf','public',668608,'[]','[]','[]',3203,'2020-03-09 10:58:38','2020-03-09 10:58:38'),(3548,'App\\Models\\Attachment',2968,'diploma_files','BCIS_CertificateAndConfirmationLetter','BCIS_CertificateAndConfirmationLetter.pdf','application/pdf','public',502331,'[]','[]','[]',3205,'2020-03-09 11:00:14','2020-03-09 11:00:14'),(3549,'App\\Models\\Attachment',2969,'cv_files','CV IBANEZ_Vicente aug2019','CV-IBANEZ_Vicente-aug2019.pdf','application/pdf','public',323771,'[]','[]','[]',3206,'2020-03-09 11:00:15','2020-03-09 11:00:15'),(3551,'App\\Models\\Attachment',2970,'diploma_files','BCIS_CertificateAndConfirmationLetter','BCIS_CertificateAndConfirmationLetter.pdf','application/pdf','public',502331,'[]','[]','[]',3208,'2020-03-09 11:07:05','2020-03-09 11:07:05'),(3552,'App\\Models\\Attachment',2971,'publication_files','DRAFT CID- IOM SOMALIA-KHALID MALIK','DRAFT-CID--IOM-SOMALIA-KHALID-MALIK.pdf','application/pdf','public',1528588,'[]','[]','[]',3209,'2020-03-09 11:12:11','2020-03-09 11:12:11'),(3556,'App\\Models\\Attachment',2975,'cv_files','UN_PHP_RPT_V3','UN_PHP_RPT_V3.pdf','application/pdf','public',43408,'[]','[]','[]',3212,'2020-03-09 11:21:36','2020-03-09 11:21:36'),(3557,'App\\Models\\Attachment',2976,'cv_files','CV.DAOUDIFARID.2020.PDF','CV.DAOUDIFARID.2020.PDF.pdf','application/pdf','public',219840,'[]','[]','[]',3213,'2020-03-09 12:56:21','2020-03-09 12:56:21'),(3565,'App\\Models\\Attachment',2982,'cv_files','MHAMAD CV.2020','MHAMAD-CV.2020.pdf','application/pdf','public',342989,'[]','[]','[]',3219,'2020-03-09 14:51:23','2020-03-09 14:51:23'),(3568,'App\\Models\\Attachment',2983,'diploma_files','Superior military studies ','Superior-military-studies-.pdf','application/pdf','public',473731,'[]','[]','[]',3221,'2020-03-09 14:54:03','2020-03-09 14:54:03'),(3576,'App\\Models\\Attachment',2987,'cv_files','MehdiBokhari012020Cu','MehdiBokhari012020Cu.pdf','application/pdf','public',129655,'[]','[]','[]',3225,'2020-03-09 15:06:58','2020-03-09 15:06:58'),(3579,'App\\Models\\Attachment',2990,'cv_files','cv-houssem (6)-converti ENG-converti','cv-houssem-(6)-converti-ENG-converti.pdf','application/pdf','public',180338,'[]','[]','[]',3228,'2020-03-09 15:30:46','2020-03-09 15:30:46'),(3582,'App\\Models\\Attachment',2992,'cv_files','Izzaldeen CV updatedJan2020','Izzaldeen-CV-updatedJan2020.pdf','application/pdf','public',251931,'[]','[]','[]',3231,'2020-03-09 22:08:43','2020-03-09 22:08:43'),(3583,'App\\Models\\Attachment',2993,'cv_files','Mahmoud Abdullah_CV2019','Mahmoud-Abdullah_CV2019.pdf','application/pdf','public',580819,'[]','[]','[]',3232,'2020-03-09 23:47:59','2020-03-09 23:47:59'),(3586,'App\\Models\\Attachment',2996,'cv_files','Domagoj Dragicevic CV-2020','Domagoj-Dragicevic-CV-2020.pdf','application/pdf','public',115288,'[]','[]','[]',3235,'2020-03-10 00:18:13','2020-03-10 00:18:13'),(3588,'App\\Models\\Attachment',2997,'diploma_files','UN BSAFE Certificate(1)','UN-BSAFE-Certificate(1).pdf','application/pdf','public',461953,'[]','[]','[]',3237,'2020-03-10 01:14:23','2020-03-10 01:14:23'),(3590,'App\\Models\\Attachment',2999,'certificate_files','HAVARD M&E PDF','HAVARD-M&E-PDF.pdf','application/pdf','public',447766,'[]','[]','[]',3239,'2020-03-10 01:18:40','2020-03-10 01:18:40'),(3591,'App\\Models\\Attachment',3000,'certificate_files','HAVARD M&E PDF','HAVARD-M&E-PDF.pdf','application/pdf','public',447766,'[]','[]','[]',3240,'2020-03-10 01:18:44','2020-03-10 01:18:44'),(3594,'App\\Models\\Attachment',3003,'portfolios','ICRC ID CARD -scan0009','ICRC-ID-CARD--scan0009.pdf','application/pdf','public',69408,'[]','[]','[]',3243,'2020-03-10 02:13:24','2020-03-10 02:13:24'),(3595,'App\\Models\\Attachment',3004,'cv_files','CURRICULUM VITAE TOKS','CURRICULUM-VITAE-TOKS.pdf','application/pdf','public',232174,'[]','[]','[]',3244,'2020-03-10 02:14:12','2020-03-10 02:14:12'),(3597,'App\\Models\\Attachment',3005,'cv_files','CVBenbrowne.HUM','CVBenbrowne.HUM.pdf','application/pdf','public',151940,'[]','[]','[]',3246,'2020-03-10 02:45:05','2020-03-10 02:45:05'),(3599,'App\\Models\\Attachment',3006,'cv_files','slemesurier 03_2020','slemesurier-03_2020.pdf','application/pdf','public',163912,'[]','[]','[]',3248,'2020-03-10 02:51:52','2020-03-10 02:51:52'),(3604,'App\\Models\\Attachment',3011,'cv_files','Ali_Nasser_Resume','Ali_Nasser_Resume.pdf','application/pdf','public',196634,'[]','[]','[]',3249,'2020-03-10 03:00:33','2020-03-10 03:00:33'),(3606,'App\\Models\\Attachment',3013,'cv_files','Ali_Nasser_Resume','Ali_Nasser_Resume.pdf','application/pdf','public',196634,'[]','[]','[]',3250,'2020-03-10 03:00:47','2020-03-10 03:00:47'),(3608,'App\\Models\\Attachment',3015,'cv_files','Ali_Nasser_Resume','Ali_Nasser_Resume.pdf','application/pdf','public',196634,'[]','[]','[]',3251,'2020-03-10 03:00:48','2020-03-10 03:00:48'),(3613,'App\\Models\\Attachment',3020,'cv_files','Ali_Nasser_Resume','Ali_Nasser_Resume.pdf','application/pdf','public',196634,'[]','[]','[]',3252,'2020-03-10 03:00:53','2020-03-10 03:00:53'),(3616,'App\\Models\\Attachment',3023,'cv_files','Ali_Nasser_Resume','Ali_Nasser_Resume.pdf','application/pdf','public',196634,'[]','[]','[]',3253,'2020-03-10 03:01:14','2020-03-10 03:01:14'),(3619,'App\\Models\\Attachment',3026,'cv_files','Ali_Nasser_Resume','Ali_Nasser_Resume.pdf','application/pdf','public',196634,'[]','[]','[]',3254,'2020-03-10 03:01:24','2020-03-10 03:01:24'),(3621,'App\\Models\\Attachment',3027,'cv_files','Adam Dobby  CV ','Adam-Dobby--CV-.pdf','application/pdf','public',59974,'[]','[]','[]',3256,'2020-03-10 03:42:48','2020-03-10 03:42:48'),(3627,'App\\Models\\Attachment',3033,'certificate_files','Basic Security Cert','Basic-Security-Cert.pdf','application/pdf','public',460200,'[]','[]','[]',3261,'2020-03-10 05:08:55','2020-03-10 05:08:55'),(3630,'App\\Models\\Attachment',3036,'diploma_files','BS-Degree','BS-Degree.jpg','image/jpeg','public',1018541,'[]','{\"generated_conversions\": {\"thumb\": true, \"p11-thumb\": true}}','[]',3263,'2020-03-10 05:16:47','2020-03-10 05:16:48'),(3634,'App\\Models\\Attachment',3039,'cv_files','Ilahi CV Jan 2020','Ilahi-CV-Jan-2020.pdf','application/pdf','public',58533,'[]','[]','[]',3267,'2020-03-10 05:22:30','2020-03-10 05:22:30'),(3642,'App\\Models\\Attachment',3047,'cv_files','Jair Vaca_summary','Jair-Vaca_summary.pdf','application/pdf','public',88708,'[]','[]','[]',3275,'2020-03-10 08:27:24','2020-03-10 08:27:24'),(3650,'App\\Models\\Attachment',3055,'cv_files','Pierre_Siffray_CV_English','Pierre_Siffray_CV_English.pdf','application/pdf','public',132394,'[]','[]','[]',3283,'2020-03-10 11:25:24','2020-03-10 11:25:24'),(3651,'App\\Models\\Attachment',3056,'cv_files','Lionel_CV','Lionel_CV.pdf','application/pdf','public',229792,'[]','[]','[]',3284,'2020-03-10 12:22:04','2020-03-10 12:22:04'),(3654,'App\\Models\\Attachment',3058,'cv_files','NIYOYITACV.(iMMAP)','NIYOYITACV.(iMMAP).pdf','application/pdf','public',537271,'[]','[]','[]',3286,'2020-03-10 13:04:27','2020-03-10 13:04:27'),(3657,'App\\Models\\Attachment',3059,'diploma_files','Law Degree diploma copy','Law-Degree-diploma-copy.JPG','image/jpeg','public',770207,'[]','{\"generated_conversions\": {\"thumb\": true, \"p11-thumb\": true}}','[]',3288,'2020-03-10 14:50:27','2020-03-10 14:50:27'),(3658,'App\\Models\\Attachment',3060,'diploma_files','Law Degree diploma copy','Law-Degree-diploma-copy.JPG','image/jpeg','public',770207,'[]','{\"generated_conversions\": {\"thumb\": true, \"p11-thumb\": true}}','[]',3289,'2020-03-10 14:50:28','2020-03-10 14:50:29'),(3659,'App\\Models\\Attachment',3061,'diploma_files','Law Degree diploma copy','Law-Degree-diploma-copy.JPG','image/jpeg','public',770207,'[]','{\"generated_conversions\": {\"thumb\": true, \"p11-thumb\": true}}','[]',3290,'2020-03-10 14:50:29','2020-03-10 14:50:29'),(3661,'App\\Models\\Attachment',3063,'certificate_files','Certificate Iraq Seminar','Certificate-Iraq-Seminar.PDF','application/pdf','public',1604821,'[]','[]','[]',3292,'2020-03-10 15:11:20','2020-03-10 15:11:20'),(3662,'App\\Models\\Attachment',3064,'certificate_files','Certificate Iraq Seminar','Certificate-Iraq-Seminar.PDF','application/pdf','public',1604821,'[]','[]','[]',3293,'2020-03-10 15:11:21','2020-03-10 15:11:21'),(3667,'App\\Models\\Attachment',3069,'cv_files','CV  Global Security Advisor','CV--Global-Security-Advisor.pdf','application/pdf','public',264756,'[]','[]','[]',3295,'2020-03-10 15:24:54','2020-03-10 15:24:54'),(3670,'App\\Models\\Attachment',3071,'cv_files','MeronASEGIDEW_CV','MeronASEGIDEW_CV.pdf','application/pdf','public',200017,'[]','[]','[]',3297,'2020-03-10 15:44:47','2020-03-10 15:44:47'),(3671,'App\\Models\\Attachment',3072,'publication_files','Saudi Attacks: Dawn of a New Era in Warfare | Global Risk Insights *','Saudi-Attacks:-Dawn-of-a-New-Era-in-Warfare-|-Global-Risk-Insights-*.pdf','application/pdf','public',548222,'[]','[]','[]',3298,'2020-03-10 16:05:27','2020-03-10 16:05:27'),(3677,'App\\Models\\Attachment',3077,'cv_files','CV_Richard_fr_short_IMMAP_BF_10_03_20','CV_Richard_fr_short_IMMAP_BF_10_03_20.pdf','application/pdf','public',251725,'[]','[]','[]',3304,'2020-03-10 16:46:30','2020-03-10 16:46:30'),(3681,'App\\Models\\Attachment',3079,'certificate_files','Global Health eLearning Center Certificate - Data Quality','Global-Health-eLearning-Center-Certificate---Data-Quality.pdf','application/pdf','public',78208,'[]','[]','[]',3307,'2020-03-10 16:53:01','2020-03-10 16:53:01'),(3683,'App\\Models\\Attachment',3081,'certificate_files','Prince2 Pract','Prince2-Pract.jpg','image/jpeg','public',1370532,'[]','{\"generated_conversions\": {\"thumb\": true, \"p11-thumb\": true}}','[]',3309,'2020-03-10 19:48:23','2020-03-10 19:48:23'),(3685,'App\\Models\\Attachment',3083,'publication_files','Saudi Attacks: Dawn of a New Era in Warfare | Global Risk Insights *','Saudi-Attacks:-Dawn-of-a-New-Era-in-Warfare-|-Global-Risk-Insights-*.pdf','application/pdf','public',548222,'[]','[]','[]',3311,'2020-03-10 20:14:23','2020-03-10 20:14:23'),(3687,'App\\Models\\Attachment',3085,'cv_files','200211_Neil Barriskell CV','200211_Neil-Barriskell-CV.pdf','application/pdf','public',172915,'[]','[]','[]',3313,'2020-03-10 20:21:07','2020-03-10 20:21:07'),(3689,'App\\Models\\Attachment',3086,'cv_files','Ara Joseph Sarian_ RESUME','Ara-Joseph-Sarian_-RESUME.pdf','application/pdf','public',163069,'[]','[]','[]',3315,'2020-03-10 23:44:32','2020-03-10 23:44:32'),(3697,'App\\Models\\Attachment',3092,'diploma_files','12)Mr KAINUKU Andy French card CPO & Security Officer','12)Mr-KAINUKU-Andy-French-card-CPO-&-Security-Officer.pdf','application/pdf','public',701129,'[]','[]','[]',3321,'2020-03-11 01:30:18','2020-03-11 01:30:18'),(3699,'App\\Models\\Attachment',3094,'certificate_files','ENGLISH M.S.O  KAINUKU Andy','ENGLISH-M.S.O--KAINUKU-Andy.pdf','application/pdf','public',283319,'[]','[]','[]',3323,'2020-03-11 01:41:04','2020-03-11 01:41:04'),(3700,'App\\Models\\Attachment',3095,'certificate_files','ENGLISH M.S.O  KAINUKU Andy','ENGLISH-M.S.O--KAINUKU-Andy.pdf','application/pdf','public',283319,'[]','[]','[]',3324,'2020-03-11 01:44:53','2020-03-11 01:44:53'),(3701,'App\\Models\\Attachment',3096,'portfolios','BI_Dashboard_Final_Version','BI_Dashboard_Final_Version.pdf','application/pdf','public',1843902,'[]','[]','[]',3325,'2020-03-11 01:58:40','2020-03-11 01:58:40'),(3702,'App\\Models\\Attachment',3097,'cv_files','CV_Muhammad_Sheraz_R','CV_Muhammad_Sheraz_R.pdf','application/pdf','public',349690,'[]','[]','[]',3326,'2020-03-11 02:41:18','2020-03-11 02:41:18'),(3705,'App\\Models\\Attachment',3100,'certificate_files','KAINUKU British MSO (2)','KAINUKU-British-MSO-(2).pdf','application/pdf','public',1315826,'[]','[]','[]',3329,'2020-03-11 02:57:40','2020-03-11 02:57:40'),(3715,'App\\Models\\Attachment',3110,'publication_files','ANDRE_ Jean_Dissertation MN7637_ Unlocking the Hydrocarbon potential of Africa by a High Risk Organization (HRO)_Case Study_Chad','ANDRE_-Jean_Dissertation-MN7637_-Unlocking-the-Hydrocarbon-potential-of-Africa-by-a-High-Risk-Organization-(HRO)_Case-Study_Chad.pdf','application/pdf','public',1163946,'[]','[]','[]',3339,'2020-03-11 03:06:41','2020-03-11 03:06:41'),(3716,'App\\Models\\Attachment',3111,'publication_files','ANDRE_ Jean_Dissertation MN7637_ Unlocking the Hydrocarbon potential of Africa by a High Risk Organization (HRO)_Case Study_Chad','ANDRE_-Jean_Dissertation-MN7637_-Unlocking-the-Hydrocarbon-potential-of-Africa-by-a-High-Risk-Organization-(HRO)_Case-Study_Chad.pdf','application/pdf','public',1163946,'[]','[]','[]',3340,'2020-03-11 03:06:48','2020-03-11 03:06:48'),(3717,'App\\Models\\Attachment',3112,'cv_files','NewDetailed_CV_Amina_Aminala','NewDetailed_CV_Amina_Aminala.pdf','application/pdf','public',143176,'[]','[]','[]',3341,'2020-03-11 03:37:32','2020-03-11 03:37:32'),(3719,'App\\Models\\Attachment',3113,'cv_files','andre-resume_SM profile','andre-resume_SM-profile.pdf','application/pdf','public',207641,'[]','[]','[]',3343,'2020-03-11 03:40:24','2020-03-11 03:40:24'),(3720,'App\\Models\\Attachment',3114,'cv_files','CV Nicolas Pilet','CV-Nicolas-Pilet.pdf','application/pdf','public',324116,'[]','[]','[]',3344,'2020-03-11 06:37:12','2020-03-11 06:37:12'),(3731,'App\\Models\\Attachment',3124,'cv_files','2020.03_CV_Eliedjimbarnodji_IMO_','2020.03_CV_Eliedjimbarnodji_IMO_.pdf','application/pdf','public',273091,'[]','[]','[]',3355,'2020-03-11 09:06:32','2020-03-11 09:06:32'),(3743,'App\\Models\\Attachment',3135,'cv_files','hoja de vida Johan Febrero 2020','hoja-de-vida-Johan-Febrero-2020.pdf','application/pdf','public',161852,'[]','[]','[]',3367,'2020-03-11 09:35:15','2020-03-11 09:35:15'),(3744,'App\\Models\\Attachment',3136,'publication_files','document','document.pdf','application/pdf','public',1263322,'[]','[]','[]',3368,'2020-03-11 09:38:54','2020-03-11 09:38:54'),(3746,'App\\Models\\Attachment',3138,'publication_files','document','document.pdf','application/pdf','public',1263322,'[]','[]','[]',3370,'2020-03-11 09:39:03','2020-03-11 09:39:03'),(3747,'App\\Models\\Attachment',3139,'cv_files','Chro Hussein Hamad  _CV','Chro-Hussein-Hamad--_CV.pdf','application/pdf','public',363305,'[]','[]','[]',3371,'2020-03-11 09:39:26','2020-03-11 09:39:26'),(3748,'App\\Models\\Attachment',3140,'cv_files','2020 January - iain statham - CV','2020-January---iain-statham---CV.pdf','application/pdf','public',90221,'[]','[]','[]',3372,'2020-03-11 10:07:04','2020-03-11 10:07:04'),(3749,'App\\Models\\Attachment',3141,'cv_files','CV2020','CV2020.pdf','application/pdf','public',395760,'[]','[]','[]',3373,'2020-03-11 10:17:56','2020-03-11 10:17:56'),(3752,'App\\Models\\Attachment',3142,'cv_files','Curriculum Vitae Michael Cetta 2020','Curriculum-Vitae-Michael-Cetta-2020.pdf','application/pdf','public',252502,'[]','[]','[]',3376,'2020-03-11 11:40:35','2020-03-11 11:40:35'),(3756,'App\\Models\\Attachment',3146,'certificate_files','ArcGIS Certificate','ArcGIS-Certificate.pdf','application/pdf','public',688674,'[]','[]','[]',3380,'2020-03-11 12:46:15','2020-03-11 12:46:15'),(3759,'App\\Models\\Attachment',3149,'cv_files','hoja_oscar_castroha','hoja_oscar_castroha.pdf','application/pdf','public',1002036,'[]','[]','[]',3383,'2020-03-11 14:18:58','2020-03-11 14:18:58'),(3762,'App\\Models\\Attachment',3151,'cv_files','CV-Basel','CV-Basel.pdf','application/pdf','public',113575,'[]','[]','[]',3385,'2020-03-11 15:44:10','2020-03-11 15:44:10'),(3766,'App\\Models\\Attachment',3154,'publication_files','Work for Publication by Engr. Isah','Work-for-Publication-by-Engr.-Isah.pdf','application/pdf','public',732760,'[]','[]','[]',3389,'2020-03-11 15:59:20','2020-03-11 15:59:20'),(3767,'App\\Models\\Attachment',3155,'cv_files','Cesar Jothy - Resume - December 2019 - ABRIDGED','Cesar-Jothy---Resume---December-2019---ABRIDGED.pdf','application/pdf','public',237320,'[]','[]','[]',3390,'2020-03-11 16:51:21','2020-03-11 16:51:21'),(3768,'App\\Models\\Attachment',3156,'cv_files','Isah_Mohammed CV 2020','Isah_Mohammed-CV-2020.pdf','application/pdf','public',435662,'[]','[]','[]',3391,'2020-03-11 17:07:59','2020-03-11 17:07:59'),(3773,'App\\Models\\Attachment',3159,'certificate_files','CSMP Certificate John Cummins','CSMP-Certificate-John-Cummins.jpg','image/jpeg','public',89267,'[]','{\"generated_conversions\": {\"thumb\": true, \"p11-thumb\": true}}','[]',3396,'2020-03-12 03:42:31','2020-03-12 03:42:31'),(3774,'App\\Models\\Attachment',3160,'cv_files','UN_PHP_RPT','UN_PHP_RPT.pdf','application/pdf','public',66800,'[]','[]','[]',3397,'2020-03-12 04:10:43','2020-03-12 04:10:43'),(3776,'App\\Models\\Attachment',3161,'cv_files','CV Ken Christensen','CV-Ken-Christensen.pdf','application/pdf','public',141862,'[]','[]','[]',3399,'2020-03-12 04:41:16','2020-03-12 04:41:16'),(3781,'App\\Models\\Attachment',3166,'certificate_files','Neil - CP Certificate','Neil---CP-Certificate.jpg','image/jpeg','public',751551,'[]','{\"generated_conversions\": {\"thumb\": true, \"p11-thumb\": true}}','[]',3404,'2020-03-12 05:10:43','2020-03-12 05:10:44'),(3790,'App\\Models\\Attachment',3175,'cv_files','Neil Swinyard Jordan - CV - 060320','Neil-Swinyard-Jordan---CV---060320.pdf','application/pdf','public',215360,'[]','[]','[]',3412,'2020-03-12 07:12:07','2020-03-12 07:12:07'),(3792,'App\\Models\\Attachment',3176,'cv_files','CV_Gashaw_Bekele_IMAP','CV_Gashaw_Bekele_IMAP.pdf','application/pdf','public',126358,'[]','[]','[]',3414,'2020-03-12 07:21:39','2020-03-12 07:21:39'),(3794,'App\\Models\\Attachment',3178,'cv_files','CV_Mumbere Hillary','CV_Mumbere-Hillary.pdf','application/pdf','public',407278,'[]','[]','[]',3416,'2020-03-12 10:08:27','2020-03-12 10:08:27'),(3801,'App\\Models\\Attachment',3183,'cv_files','CV Mustafa IMMAP - Updated ','CV-Mustafa-IMMAP---Updated-.pdf','application/pdf','public',198240,'[]','[]','[]',3423,'2020-03-12 16:09:21','2020-03-12 16:09:21'),(3802,'App\\Models\\Attachment',3184,'cv_files','Smith Blandonn W Resume 02MAR2020_B','Smith-Blandonn-W-Resume-02MAR2020_B.pdf','application/pdf','public',185850,'[]','[]','[]',3424,'2020-03-12 20:11:08','2020-03-12 20:11:08'),(3804,'App\\Models\\Attachment',3185,'diploma_files','PGD Disaster Preparedness and Management Degree','PGD-Disaster-Preparedness-and-Management-Degree.pdf','application/pdf','public',575986,'[]','[]','[]',3426,'2020-03-13 00:21:13','2020-03-13 00:21:13'),(3806,'App\\Models\\Attachment',3187,'diploma_files','MPA Final Degree','MPA-Final-Degree.pdf','application/pdf','public',614878,'[]','[]','[]',3428,'2020-03-13 00:22:54','2020-03-13 00:22:54'),(3810,'App\\Models\\Attachment',3191,'certificate_files','Supporting Users Running Applications on Microsoft XP_Microsoft Certificate of Achievement_AUG 2008','Supporting-Users-Running-Applications-on-Microsoft-XP_Microsoft-Certificate-of-Achievement_AUG-2008.pdf','application/pdf','public',250299,'[]','[]','[]',3432,'2020-03-13 01:33:43','2020-03-13 01:33:43'),(3826,'App\\Models\\Attachment',3194,'cv_files','Upated CV MIsrar_March 2020','Upated-CV-MIsrar_March-2020.pdf','application/pdf','public',283882,'[]','[]','[]',3435,'2020-03-13 01:36:04','2020-03-13 01:36:04'),(3833,'App\\Models\\Attachment',3201,'cv_files','CV - FILLON - En','CV---FILLON---En.pdf','application/pdf','public',1426983,'[]','[]','[]',3442,'2020-03-13 07:21:23','2020-03-13 07:21:23'),(3840,'App\\Models\\Attachment',3206,'certificate_files','SharePoint2010 Training Certificate','SharePoint2010-Training-Certificate.pdf','application/pdf','public',474745,'[]','[]','[]',3449,'2020-03-13 11:14:11','2020-03-13 11:14:11'),(3841,'App\\Models\\Attachment',3207,'cv_files','Ivan Baptista_Professional Profile_Mar2020','Ivan-Baptista_Professional-Profile_Mar2020.pdf','application/pdf','public',184394,'[]','[]','[]',3450,'2020-03-13 11:22:17','2020-03-13 11:22:17'),(3842,'App\\Models\\Attachment',3208,'portfolios','CCF C2','CCF-C2.pdf','application/pdf','public',1240603,'[]','[]','[]',3451,'2020-03-13 17:41:48','2020-03-13 17:41:48'),(3843,'App\\Models\\Attachment',3209,'portfolios','CCF C2','CCF-C2.pdf','application/pdf','public',1240603,'[]','[]','[]',3452,'2020-03-13 17:42:10','2020-03-13 17:42:10'),(3845,'App\\Models\\Attachment',3211,'cv_files','CV DZIRI SMAIN OLC 11','CV-DZIRI-SMAIN-OLC-11.pdf','application/pdf','public',466027,'[]','[]','[]',3453,'2020-03-13 17:42:41','2020-03-13 17:42:41'),(3847,'App\\Models\\Attachment',3212,'cv_files','CV_PatrickMFUMU_2020','CV_PatrickMFUMU_2020.pdf','application/pdf','public',258275,'[]','[]','[]',3455,'2020-03-14 04:00:47','2020-03-14 04:00:47'),(3848,'App\\Models\\Attachment',3213,'cv_files','Gerald Gorman CV 2020','Gerald-Gorman-CV-2020.pdf','application/pdf','public',174044,'[]','[]','[]',3456,'2020-03-14 07:28:55','2020-03-14 07:28:55'),(3854,'App\\Models\\Attachment',3216,'diploma_files','MBA_Transcript','MBA_Transcript.jpg','image/jpeg','public',1208631,'[]','{\"generated_conversions\": {\"thumb\": true, \"p11-thumb\": true}}','[]',3460,'2020-03-14 09:58:28','2020-03-14 09:58:28'),(3857,'App\\Models\\Attachment',3219,'certificate_files','CS diploma transcipt','CS-diploma-transcipt.jpg','image/jpeg','public',1610589,'[]','{\"generated_conversions\": {\"thumb\": true, \"p11-thumb\": true}}','[]',3463,'2020-03-14 10:03:31','2020-03-14 10:03:32'),(3858,'App\\Models\\Attachment',3220,'certificate_files','ERP_MSB_UNICEF in Emergencies','ERP_MSB_UNICEF-in-Emergencies.jpeg','image/jpeg','public',106670,'[]','{\"generated_conversions\": {\"thumb\": true, \"p11-thumb\": true}}','[]',3464,'2020-03-14 10:05:06','2020-03-14 10:05:06'),(3859,'App\\Models\\Attachment',3221,'certificate_files','ERP_MSB_UNICEF in Emergencies','ERP_MSB_UNICEF-in-Emergencies.jpeg','image/jpeg','public',106670,'[]','{\"generated_conversions\": {\"thumb\": true, \"p11-thumb\": true}}','[]',3465,'2020-03-14 10:05:09','2020-03-14 10:05:09'),(3861,'App\\Models\\Attachment',3223,'certificate_files','NRC training and induction','NRC-training-and-induction.jpeg','image/jpeg','public',96691,'[]','{\"generated_conversions\": {\"thumb\": true, \"p11-thumb\": true}}','[]',3467,'2020-03-14 10:09:48','2020-03-14 10:09:48'),(3862,'App\\Models\\Attachment',3224,'certificate_files','NRC training and induction','NRC-training-and-induction.jpeg','image/jpeg','public',96691,'[]','{\"generated_conversions\": {\"thumb\": true, \"p11-thumb\": true}}','[]',3468,'2020-03-14 10:09:48','2020-03-14 10:09:48'),(3864,'App\\Models\\Attachment',3226,'certificate_files','PSEA_2017_Course certificate - Prevention of Sexual Exploitation and Abuse','PSEA_2017_Course-certificate---Prevention-of-Sexual-Exploitation-and-Abuse.pdf','application/pdf','public',358368,'[]','[]','[]',3470,'2020-03-14 10:12:48','2020-03-14 10:12:48'),(3866,'App\\Models\\Attachment',3228,'certificate_files','PSEA_2017_Course certificate - Prevention of Sexual Exploitation and Abuse','PSEA_2017_Course-certificate---Prevention-of-Sexual-Exploitation-and-Abuse.pdf','application/pdf','public',358368,'[]','[]','[]',3472,'2020-03-14 10:12:57','2020-03-14 10:12:57'),(3871,'App\\Models\\Attachment',3233,'certificate_files','v2 Information Security Awareness Course_Course certificate - Information Security Awareness Course copy','v2-Information-Security-Awareness-Course_Course-certificate---Information-Security-Awareness-Course-copy.pdf','application/pdf','public',358397,'[]','[]','[]',3477,'2020-03-14 10:16:31','2020-03-14 10:16:31'),(3872,'App\\Models\\Attachment',3234,'certificate_files','v2 Information Security Awareness Course_Course certificate - Information Security Awareness Course copy','v2-Information-Security-Awareness-Course_Course-certificate---Information-Security-Awareness-Course-copy.pdf','application/pdf','public',358397,'[]','[]','[]',3478,'2020-03-14 10:16:34','2020-03-14 10:16:34'),(3873,'App\\Models\\Attachment',3235,'publication_files','IRIS Masters Thesis - Cesar Jothy - American Foreign Policy in Iraq','IRIS-Masters-Thesis---Cesar-Jothy---American-Foreign-Policy-in-Iraq.pdf','application/pdf','public',1334773,'[]','[]','[]',3479,'2020-03-14 10:18:55','2020-03-14 10:18:55'),(3874,'App\\Models\\Attachment',3236,'certificate_files','Statistical Package for Social Sciences','Statistical-Package-for-Social-Sciences.jpg','image/jpeg','public',985580,'[]','{\"generated_conversions\": {\"thumb\": true, \"p11-thumb\": true}}','[]',3480,'2020-03-14 10:18:57','2020-03-14 10:18:57'),(3876,'App\\Models\\Attachment',3238,'certificate_files','Statistical Package for Social Sciences','Statistical-Package-for-Social-Sciences.jpg','image/jpeg','public',985580,'[]','{\"generated_conversions\": {\"thumb\": true, \"p11-thumb\": true}}','[]',3482,'2020-03-14 10:19:05','2020-03-14 10:19:05'),(3877,'App\\Models\\Attachment',3239,'publication_files','la_deterrence_israelienne_forme_finale','la_deterrence_israelienne_forme_finale.pdf','application/pdf','public',1436005,'[]','[]','[]',3483,'2020-03-14 10:19:10','2020-03-14 10:19:10'),(3878,'App\\Models\\Attachment',3240,'certificate_files','Statistical Package for Social Sciences','Statistical-Package-for-Social-Sciences.jpg','image/jpeg','public',985580,'[]','{\"generated_conversions\": {\"thumb\": true, \"p11-thumb\": true}}','[]',3484,'2020-03-14 10:19:14','2020-03-14 10:19:15'),(3879,'App\\Models\\Attachment',3241,'publication_files','EPS2012-Ambitions stratgiques amricaines britanniques et russes en Mditerrane','EPS2012-Ambitions-stratgiques-amricaines-britanniques-et-russes-en-Mditerrane.pdf','application/pdf','public',1778143,'[]','[]','[]',3485,'2020-03-14 10:20:42','2020-03-14 10:20:42'),(3880,'App\\Models\\Attachment',3242,'cv_files','Jihad Aljarady -IM','Jihad-Aljarady--IM.pdf','application/pdf','public',307828,'[]','[]','[]',3486,'2020-03-14 12:02:23','2020-03-14 12:02:23'),(3882,'App\\Models\\Attachment',3243,'cv_files','Owen McCaffrey CV','Owen-McCaffrey-CV.pdf','application/pdf','public',89829,'[]','[]','[]',3488,'2020-03-14 12:35:44','2020-03-14 12:35:44'),(3884,'App\\Models\\Attachment',3245,'cv_files','Saif AlHindawi 92 CV 2020 1','Saif-AlHindawi-92-CV-2020-1.pdf','application/pdf','public',203768,'[]','[]','[]',3490,'2020-03-15 02:20:21','2020-03-15 02:20:21'),(3886,'App\\Models\\Attachment',3246,'cv_files','SADIG ELAMIN CV-MAR-2019','SADIG-ELAMIN-CV-MAR-2019.pdf','application/pdf','public',213253,'[]','[]','[]',3492,'2020-03-15 03:56:12','2020-03-15 03:56:12'),(3888,'App\\Models\\Attachment',3247,'cv_files','cv kei anglais','cv-kei-anglais.pdf','application/pdf','public',34531,'[]','[]','[]',3494,'2020-03-15 06:16:06','2020-03-15 06:16:06'),(3891,'App\\Models\\Attachment',3250,'cv_files','Nasr\'s CV','Nasr\'s-CV.pdf','application/pdf','public',1989757,'[]','[]','[]',3497,'2020-03-15 08:18:35','2020-03-15 08:18:35'),(3892,'App\\Models\\Attachment',3251,'cv_files','Omar Al Haj Ahmad_Writer+Editor_Resume (1) ','Omar-Al-Haj-Ahmad_Writer+Editor_Resume-(1)-.pdf','application/pdf','public',128179,'[]','[]','[]',3498,'2020-03-15 08:18:46','2020-03-15 08:18:46'),(3893,'App\\Models\\Attachment',3252,'cv_files','Bilal AlOmari Resume - EN','Bilal-AlOmari-Resume---EN.pdf','application/pdf','public',343953,'[]','[]','[]',3499,'2020-03-15 10:00:06','2020-03-15 10:00:06'),(3898,'App\\Models\\Attachment',3257,'cv_files','Benson_Curriculum Vitae','Benson_Curriculum-Vitae.pdf','application/pdf','public',151306,'[]','[]','[]',3504,'2020-03-16 01:15:34','2020-03-16 01:15:34'),(3901,'App\\Models\\Attachment',3258,'cv_files','Yewond Assefa_CV_Ethiopia','Yewond-Assefa_CV_Ethiopia.pdf','application/pdf','public',286748,'[]','[]','[]',3507,'2020-03-16 01:43:43','2020-03-16 01:43:43'),(3903,'App\\Models\\Attachment',3260,'diploma_files','diploma KUB Recht','diploma-KUB-Recht.pdf','application/pdf','public',931439,'[]','[]','[]',3509,'2020-03-16 02:38:57','2020-03-16 02:38:57'),(3904,'App\\Models\\Attachment',3261,'cv_files','Mobilis CVEN 12022020','Mobilis-CVEN-12022020.pdf','application/pdf','public',602517,'[]','[]','[]',3510,'2020-03-16 03:23:18','2020-03-16 03:23:18'),(3905,'App\\Models\\Attachment',3262,'cv_files','CV Tatiana Almeida_2020','CV-Tatiana-Almeida_2020.pdf','application/pdf','public',651297,'[]','[]','[]',3511,'2020-03-16 03:24:34','2020-03-16 03:24:34'),(3906,'App\\Models\\Attachment',3263,'cv_files','cv','cv.pdf','application/pdf','public',7965,'[]','[]','[]',3512,'2020-03-16 03:27:25','2020-03-16 03:27:25'),(3911,'App\\Models\\Attachment',3267,'certificate_files','IM_Course certificate - GWC IM training','IM_Course-certificate---GWC-IM-training.pdf','application/pdf','public',195839,'[]','[]','[]',3517,'2020-03-16 04:42:32','2020-03-16 04:42:32'),(3914,'App\\Models\\Attachment',3270,'certificate_files','LP_information_security_EN_Certificate of Completion','LP_information_security_EN_Certificate-of-Completion.pdf','application/pdf','public',290173,'[]','[]','[]',3520,'2020-03-16 04:51:49','2020-03-16 04:51:49'),(3916,'App\\Models\\Attachment',3272,'cv_files','CV_Karkouli_Alexandra','CV_Karkouli_Alexandra.pdf','application/pdf','public',673799,'[]','[]','[]',3522,'2020-03-16 05:29:52','2020-03-16 05:29:52'),(3918,'App\\Models\\Attachment',3273,'portfolios','NES WASH 4W- June 2019 ','NES-WASH-4W--June-2019-.pdf','application/pdf','public',1348719,'[]','[]','[]',3524,'2020-03-16 05:45:58','2020-03-16 05:45:58'),(3920,'App\\Models\\Attachment',3275,'portfolios','NES WASH 4W- June 2019 ','NES-WASH-4W--June-2019-.pdf','application/pdf','public',1348719,'[]','[]','[]',3526,'2020-03-16 05:46:26','2020-03-16 05:46:26'),(3921,'App\\Models\\Attachment',3276,'portfolios','NES WASH 4W- June 2019 ','NES-WASH-4W--June-2019-.pdf','application/pdf','public',1348719,'[]','[]','[]',3527,'2020-03-16 05:46:36','2020-03-16 05:46:36'),(3922,'App\\Models\\Attachment',3277,'cv_files','20200309_CV_CA-Capper','20200309_CV_CA-Capper.pdf','application/pdf','public',62675,'[]','[]','[]',3528,'2020-03-16 12:04:26','2020-03-16 12:04:26'),(3925,'App\\Models\\Attachment',3280,'cv_files','Edidiong Udousoro_CV.','Edidiong-Udousoro_CV..pdf','application/pdf','public',578929,'[]','[]','[]',3531,'2020-03-16 14:29:12','2020-03-16 14:29:12'),(3927,'App\\Models\\Attachment',3281,'diploma_files','Jane Mmayi  - Exeter MBA Cert','Jane-Mmayi----Exeter-MBA-Cert.pdf','application/pdf','public',405186,'[]','[]','[]',3533,'2020-03-16 14:48:55','2020-03-16 14:48:55'),(3930,'App\\Models\\Attachment',3284,'cv_files','CV Jane NS Nov 2020 WFP Canada','CV-Jane-NS-Nov-2020-WFP-Canada.pdf','application/pdf','public',153109,'[]','[]','[]',3536,'2020-03-16 17:42:20','2020-03-16 17:42:20'),(3934,'App\\Models\\Attachment',3288,'diploma_files','Graduation Statement - Mass Communication - Lana Almaradni','Graduation-Statement---Mass-Communication---Lana-Almaradni.pdf','application/pdf','public',1093793,'[]','[]','[]',3538,'2020-03-17 04:23:56','2020-03-17 04:23:56'),(3935,'App\\Models\\Attachment',3289,'diploma_files','Graduation Statement - Mass Communication - Lana Almaradni','Graduation-Statement---Mass-Communication---Lana-Almaradni.pdf','application/pdf','public',1093793,'[]','[]','[]',3539,'2020-03-17 04:25:53','2020-03-17 04:25:53'),(3937,'App\\Models\\Attachment',3291,'cv_files','CV Brendon Largue MAR 2020','CV-Brendon-Largue-MAR-2020.pdf','application/pdf','public',164906,'[]','[]','[]',3541,'2020-03-17 04:38:04','2020-03-17 04:38:04'),(3939,'App\\Models\\Attachment',3293,'cv_files','Lana Al-Maradni - resume','Lana-Al-Maradni---resume.pdf','application/pdf','public',773797,'[]','[]','[]',3542,'2020-03-17 04:56:46','2020-03-17 04:56:46'),(3944,'App\\Models\\Attachment',3294,'cv_files','Joseph Jones - Global Security Specialist','Joseph-Jones---Global-Security-Specialist.pdf','application/pdf','public',161715,'[]','[]','[]',3544,'2020-03-17 06:09:48','2020-03-17 06:09:48'),(3945,'App\\Models\\Attachment',3295,'cv_files','JTopacio CV October 2019_Final','JTopacio-CV-October-2019_Final.pdf','application/pdf','public',806484,'[]','[]','[]',3545,'2020-03-17 06:53:50','2020-03-17 06:53:50'),(3958,'App\\Models\\Attachment',3299,'publication_files','7.MA THESIS ABSTRACT- UNIVERSITY OF NAIROBI- KENNEDY KIBISU','7.MA-THESIS-ABSTRACT--UNIVERSITY-OF-NAIROBI--KENNEDY-KIBISU.pdf','application/pdf','public',192769,'[]','[]','[]',3550,'2020-03-17 16:47:15','2020-03-17 16:47:15'),(3959,'App\\Models\\Attachment',3300,'publication_files','DFID-ASI Youth Employment Mombasa County FINAL DRAFT 2013 09 14','DFID-ASI-Youth-Employment-Mombasa-County-FINAL-DRAFT-2013-09-14.pdf','application/pdf','public',1731105,'[]','[]','[]',3551,'2020-03-17 16:49:42','2020-03-17 16:49:42'),(3968,'App\\Models\\Attachment',3302,'cv_files','Daniel St Pierre CV - Jan 2020 EN','Daniel-St-Pierre-CV---Jan-2020-EN.pdf','application/pdf','public',166877,'[]','[]','[]',3555,'2020-03-17 22:55:48','2020-03-17 22:55:48'),(3972,'App\\Models\\Attachment',3303,'publication_files','Humanitalents_SGBV_report','Humanitalents_SGBV_report.pdf','application/pdf','public',381180,'[]','[]','[]',3557,'2020-03-18 03:46:20','2020-03-18 03:46:20'),(3976,'App\\Models\\Profile',1,'photos','adityo-ashari-wirjono-cropped','adityo-ashari-wirjono-cropped.jpg','image/jpeg','public',176999,'[]','{\"generated_conversions\": {\"thumb\": true, \"p11-thumb\": true}}','[]',3561,'2020-03-18 03:55:41','2020-03-18 03:55:41'),(3977,'App\\Models\\Profile',1,'photos','adityo-ashari-wirjono-cropped','adityo-ashari-wirjono-cropped.jpg','image/jpeg','public',176999,'[]','{\"generated_conversions\": {\"thumb\": true, \"p11-thumb\": true}}','[]',3562,'2020-03-18 03:56:02','2020-03-18 03:56:02'),(3979,'App\\Models\\Attachment',3305,'cv_files','CV Estelle ROBERT','CV-Estelle-ROBERT.pdf','application/pdf','public',559635,'[]','[]','[]',3564,'2020-03-18 04:36:40','2020-03-18 04:36:40'),(3993,'App\\Models\\Attachment',3318,'certificate_files','EFSET-Certificates','EFSET-Certificates.pdf','application/pdf','public',634258,'[]','[]','[]',3578,'2020-03-18 12:20:41','2020-03-18 12:20:41'),(3995,'App\\Models\\Attachment',3320,'cv_files','CV_Hritier BHAYO_v2','CV_Hritier-BHAYO_v2.pdf','application/pdf','public',412731,'[]','[]','[]',3579,'2020-03-19 03:27:58','2020-03-19 03:27:58'),(3996,'App\\Models\\Attachment',3321,'cv_files','HKhamis_CV_20200114','HKhamis_CV_20200114.pdf','application/pdf','public',1142599,'[]','[]','[]',3580,'2020-03-19 12:34:01','2020-03-19 12:34:01'),(3998,'App\\Models\\Attachment',3322,'portfolios','PhotoBienfait','PhotoBienfait.jpg','image/jpeg','public',223457,'[]','{\"generated_conversions\": {\"thumb\": true, \"p11-thumb\": true}}','[]',3582,'2020-03-20 06:56:49','2020-03-20 06:56:49'),(4001,'App\\Models\\Attachment',3325,'cv_files','Gabriel_Vincent_Sanya_CURRICULUM VITAE_Consultant_03_2020','Gabriel_Vincent_Sanya_CURRICULUM-VITAE_Consultant_03_2020.pdf','application/pdf','public',974484,'[]','[]','[]',3585,'2020-03-20 14:08:41','2020-03-20 14:08:41'),(4003,'App\\Models\\Attachment',3326,'cv_files','CV-Ilham-Abumusbeh','CV-Ilham-Abumusbeh.pdf','application/pdf','public',228810,'[]','[]','[]',3587,'2020-03-21 09:41:13','2020-03-21 09:41:13'),(4009,'App\\Models\\Attachment',3332,'publication_files','RCA_RRM_2016-2017_AVRIL_EN','RCA_RRM_2016-2017_AVRIL_EN.pdf','application/pdf','public',456718,'[]','[]','[]',3593,'2020-03-22 05:42:28','2020-03-22 05:42:28'),(4010,'App\\Models\\Attachment',3333,'publication_files','SSD_Factsheet_Jonglei_state_AoO_April_21052016_V5','SSD_Factsheet_Jonglei_state_AoO_April_21052016_V5.pdf','application/pdf','public',1227504,'[]','[]','[]',3594,'2020-03-22 05:42:46','2020-03-22 05:42:46'),(4011,'App\\Models\\Attachment',3334,'publication_files','couverture_nut_GdKasai_3avril2018','couverture_nut_GdKasai_3avril2018.pdf','application/pdf','public',1346353,'[]','[]','[]',3595,'2020-03-22 05:43:20','2020-03-22 05:43:20'),(4016,'App\\Models\\Attachment',3338,'cv_files','CV_LESCHALLIER_Short & Detailed_compressed','CV_LESCHALLIER_Short-&-Detailed_compressed.pdf','application/pdf','public',159771,'[]','[]','[]',3598,'2020-03-22 13:28:40','2020-03-22 13:28:40'),(4017,'App\\Models\\Attachment',3339,'cv_files','CV John TSHIBANGU','CV-John-TSHIBANGU.pdf','application/pdf','public',437903,'[]','[]','[]',3599,'2020-03-23 10:49:57','2020-03-23 10:49:57'),(4021,'App\\Models\\Attachment',3341,'cv_files','20200315_Christian Lodolo_rsum CS','20200315_Christian-Lodolo_rsum-CS.pdf','application/pdf','public',150309,'[]','[]','[]',3601,'2020-03-24 15:06:45','2020-03-24 15:06:45'),(4023,'App\\Models\\Attachment',3342,'cv_files','Saif Abu Mahfoud CV','Saif-Abu-Mahfoud-CV.pdf','application/pdf','public',166888,'[]','[]','[]',3603,'2020-03-25 02:34:58','2020-03-25 02:34:58'),(4028,'App\\Models\\Attachment',3346,'cv_files','ronak sarok CV','ronak-sarok-CV.pdf','application/pdf','public',470987,'[]','[]','[]',3608,'2020-03-25 04:17:15','2020-03-25 04:17:15'),(4030,'App\\Models\\Attachment',3347,'cv_files','C.V','C.V.pdf','application/pdf','public',186274,'[]','[]','[]',3610,'2020-03-25 04:30:18','2020-03-25 04:30:18'),(4034,'App\\Models\\Attachment',3351,'cv_files','Essraa Ghassan Husni_CV','Essraa-Ghassan-Husni_CV.pdf','application/pdf','public',153222,'[]','[]','[]',3612,'2020-03-25 05:57:56','2020-03-25 05:57:56'),(4040,'App\\Models\\Attachment',3352,'cv_files','CV-Lawand Omer (1)','CV-Lawand-Omer-(1).pdf','application/pdf','public',664871,'[]','[]','[]',3615,'2020-03-25 06:37:05','2020-03-25 06:37:05'),(4041,'App\\Models\\Attachment',3353,'cv_files','1.Zardasht Rafiq CV - 2019','1.Zardasht-Rafiq-CV---2019.pdf','application/pdf','public',235582,'[]','[]','[]',3616,'2020-03-25 06:38:38','2020-03-25 06:38:38'),(4042,'App\\Models\\Attachment',3354,'cv_files','Maud Busuttil CV HR POLICY SUPPORT','Maud-Busuttil-CV-HR-POLICY-SUPPORT.pdf','application/pdf','public',222230,'[]','[]','[]',3617,'2020-03-25 07:32:37','2020-03-25 07:32:37'),(4047,'App\\Models\\Attachment',3357,'certificate_files','HCC','HCC.Jpg','image/jpeg','public',106808,'[]','{\"generated_conversions\": {\"thumb\": true, \"p11-thumb\": true}}','[]',3621,'2020-03-25 08:00:26','2020-03-25 08:00:27'),(4048,'App\\Models\\Attachment',3358,'certificate_files','SSAFE','SSAFE.jfif','image/jpeg','public',106054,'[]','{\"generated_conversions\": {\"thumb\": true, \"p11-thumb\": true}}','[]',3622,'2020-03-25 08:01:40','2020-03-25 08:01:40'),(4049,'App\\Models\\Attachment',3359,'certificate_files','bsafe Certificate (1)','bsafe-Certificate-(1).pdf','application/pdf','public',461951,'[]','[]','[]',3623,'2020-03-25 08:04:37','2020-03-25 08:04:37'),(4052,'App\\Models\\Attachment',3362,'certificate_files','HCC Training','HCC-Training.jfif','image/jpeg','public',106808,'[]','{\"generated_conversions\": {\"thumb\": true, \"p11-thumb\": true}}','[]',3626,'2020-03-25 08:10:46','2020-03-25 08:10:46'),(4053,'App\\Models\\Attachment',3363,'cv_files','Bashar -Curriculum Vita - Final','Bashar--Curriculum-Vita---Final.pdf','application/pdf','public',128162,'[]','[]','[]',3627,'2020-03-25 08:18:44','2020-03-25 08:18:44'),(4055,'App\\Models\\Attachment',3364,'cv_files','Fayyaz Ahmed Malik_CV_25102019','Fayyaz-Ahmed-Malik_CV_25102019.pdf','application/pdf','public',103248,'[]','[]','[]',3629,'2020-03-25 08:23:39','2020-03-25 08:23:39'),(4057,'App\\Models\\Attachment',3365,'cv_files','Hawkar Taha 07501129034','Hawkar-Taha-07501129034.pdf','application/pdf','public',878521,'[]','[]','[]',3631,'2020-03-25 08:48:42','2020-03-25 08:48:42'),(4060,'App\\Models\\Attachment',3367,'cv_files','Zhwan Ahmed CV','Zhwan-Ahmed-CV.pdf','application/pdf','public',88486,'[]','[]','[]',3634,'2020-03-25 09:24:56','2020-03-25 09:24:56'),(4064,'App\\Models\\Attachment',3370,'diploma_files','BA-Certificate','BA-Certificate.PNG','image/png','public',739105,'[]','{\"generated_conversions\": {\"thumb\": true, \"p11-thumb\": true}}','[]',3637,'2020-03-25 09:27:23','2020-03-25 09:27:23'),(4066,'App\\Models\\Attachment',3372,'cv_files','Mustafa_CV_Immap 24-11-2019','Mustafa_CV_Immap-24-11-2019.pdf','application/pdf','public',99747,'[]','[]','[]',3639,'2020-03-25 09:42:43','2020-03-25 09:42:43'),(4069,'App\\Models\\Attachment',3373,'cv_files','CV-Isra Azad','CV-Isra-Azad.pdf','application/pdf','public',295030,'[]','[]','[]',3641,'2020-03-25 09:59:02','2020-03-25 09:59:02'),(4072,'App\\Models\\Attachment',3375,'certificate_files','certificate','certificate.png','image/png','public',1254102,'[]','{\"generated_conversions\": {\"thumb\": true, \"p11-thumb\": true}}','[]',3644,'2020-03-25 10:36:06','2020-03-25 10:36:06'),(4073,'App\\Models\\Attachment',3376,'certificate_files','certificate','certificate.png','image/png','public',1254102,'[]','{\"generated_conversions\": {\"thumb\": true, \"p11-thumb\": true}}','[]',3645,'2020-03-25 10:36:17','2020-03-25 10:36:17'),(4074,'App\\Models\\Attachment',3377,'certificate_files','certificate','certificate.png','image/png','public',1254102,'[]','{\"generated_conversions\": {\"thumb\": true, \"p11-thumb\": true}}','[]',3646,'2020-03-25 10:36:29','2020-03-25 10:36:29'),(4079,'App\\Models\\Attachment',3382,'cv_files','Zryan_Cv','Zryan_Cv.pdf','application/pdf','public',284950,'[]','[]','[]',3651,'2020-03-25 11:57:31','2020-03-25 11:57:31'),(4082,'App\\Models\\Attachment',3383,'cv_files','Salar Khalid\' CV','Salar-Khalid\'-CV.pdf','application/pdf','public',127432,'[]','[]','[]',3653,'2020-03-26 02:47:19','2020-03-26 02:47:19'),(4084,'App\\Models\\Attachment',3384,'cv_files','Sirin El-Zuhairi CV 2020','Sirin-El-Zuhairi-CV-2020.pdf','application/pdf','public',119783,'[]','[]','[]',3655,'2020-03-26 03:34:37','2020-03-26 03:34:37'),(4095,'App\\Models\\Attachment',3392,'diploma_files','Master certificate_Lubna Shaheen','Master-certificate_Lubna-Shaheen.pdf','application/pdf','public',328699,'[]','[]','[]',3665,'2020-03-26 05:16:05','2020-03-26 05:16:05'),(4096,'App\\Models\\Attachment',3393,'cv_files','Reshan Shaker CV','Reshan-Shaker-CV.pdf','application/pdf','public',298919,'[]','[]','[]',3666,'2020-03-26 05:41:47','2020-03-26 05:41:47'),(4097,'App\\Models\\Attachment',3394,'cv_files','RAWAZ MUSTAFA RASOOL','RAWAZ-MUSTAFA-RASOOL.pdf','application/pdf','public',424454,'[]','[]','[]',3667,'2020-03-26 05:43:35','2020-03-26 05:43:35'),(4101,'App\\Models\\Attachment',3397,'cv_files','Noor Ali Al-Saad ( updated CV)','Noor-Ali-Al-Saad-(-updated-CV).pdf','application/pdf','public',354528,'[]','[]','[]',3671,'2020-03-26 05:54:32','2020-03-26 05:54:32'),(4103,'App\\Models\\Attachment',3398,'cv_files','IbraheemNaman_CV','IbraheemNaman_CV.pdf','application/pdf','public',242838,'[]','[]','[]',3673,'2020-03-26 06:03:32','2020-03-26 06:03:32'),(4107,'App\\Models\\Attachment',3401,'cv_files','Mohammed_Hassan_Sallam-SoftwareDev_IM_GIS_019','Mohammed_Hassan_Sallam-SoftwareDev_IM_GIS_019.pdf','application/pdf','public',363263,'[]','[]','[]',3677,'2020-03-26 06:54:29','2020-03-26 06:54:29'),(4109,'App\\Models\\Attachment',3402,'cv_files','AISHA_CV','AISHA_CV.pdf','application/pdf','public',721026,'[]','[]','[]',3679,'2020-03-26 07:05:17','2020-03-26 07:05:17'),(4111,'App\\Models\\Attachment',3404,'cv_files','20200326-IMMAP-JELLY','20200326-IMMAP-JELLY.pdf','application/pdf','public',97888,'[]','[]','[]',3681,'2020-03-26 07:11:25','2020-03-26 07:11:25'),(4113,'App\\Models\\Attachment',3405,'cv_files','Ali.CV','Ali.CV.pdf','application/pdf','public',374992,'[]','[]','[]',3683,'2020-03-26 07:36:55','2020-03-26 07:36:55'),(4115,'App\\Models\\Attachment',3407,'cv_files','Lubna Shaheen CV_2019','Lubna-Shaheen-CV_2019.pdf','application/pdf','public',163098,'[]','[]','[]',3684,'2020-03-26 07:46:05','2020-03-26 07:46:05'),(4123,'App\\Models\\Attachment',3411,'cv_files','MAHMOUD JAMAL HUSSEIN CV','MAHMOUD-JAMAL-HUSSEIN-CV.pdf','application/pdf','public',224463,'[]','[]','[]',3691,'2020-03-26 09:01:29','2020-03-26 09:01:29'),(4127,'App\\Models\\Attachment',3413,'cv_files','Curriculum Vatae DIARRA Losseni','Curriculum-Vatae-DIARRA-Losseni.pdf','application/pdf','public',463419,'[]','[]','[]',3695,'2020-03-26 11:10:28','2020-03-26 11:10:28'),(4128,'App\\Models\\Attachment',3414,'diploma_files','03-26-2020-14.26.08','03-26-2020-14.26.08.jpg','image/jpeg','public',686600,'[]','{\"generated_conversions\": {\"thumb\": true, \"p11-thumb\": true}}','[]',3696,'2020-03-26 11:10:39','2020-03-26 11:10:40'),(4129,'App\\Models\\Attachment',3415,'diploma_files','03-26-2020-14.26.08','03-26-2020-14.26.08.jpg','image/jpeg','public',686600,'[]','{\"generated_conversions\": {\"thumb\": true, \"p11-thumb\": true}}','[]',3697,'2020-03-26 11:11:56','2020-03-26 11:11:57'),(4130,'App\\Models\\Attachment',3416,'diploma_files','03-26-2020-14.26.08','03-26-2020-14.26.08.jpg','image/jpeg','public',686600,'[]','{\"generated_conversions\": {\"thumb\": true, \"p11-thumb\": true}}','[]',3698,'2020-03-26 11:11:59','2020-03-26 11:12:00'),(4134,'App\\Models\\Attachment',3419,'cv_files','Raneen Othman cv','Raneen-Othman-cv.pdf','application/pdf','public',276910,'[]','[]','[]',3702,'2020-03-26 11:22:41','2020-03-26 11:22:41'),(4138,'App\\Models\\Attachment',3423,'cv_files','C.V.','C.V..pdf','application/pdf','public',446691,'[]','[]','[]',3706,'2020-03-26 11:29:42','2020-03-26 11:29:42'),(4141,'App\\Models\\Attachment',3425,'cv_files','Ruba Atari CV','Ruba-Atari-CV.pdf','application/pdf','public',216238,'[]','[]','[]',3709,'2020-03-26 12:03:24','2020-03-26 12:03:24'),(4143,'App\\Models\\Attachment',3426,'cv_files','Dalya cv2018','Dalya-cv2018.pdf','application/pdf','public',176714,'[]','[]','[]',3711,'2020-03-26 12:25:19','2020-03-26 12:25:19'),(4153,'App\\Models\\Attachment',3435,'cv_files','cv_noor2[1].pdf','cv_noor2[1].pdf.pdf','application/pdf','public',29109,'[]','[]','[]',3720,'2020-03-26 13:26:37','2020-03-26 13:26:37'),(4157,'App\\Models\\Attachment',3439,'publication_files','Dalya cv2018','Dalya-cv2018.pdf','application/pdf','public',176714,'[]','[]','[]',3724,'2020-03-26 13:39:55','2020-03-26 13:39:55'),(4158,'App\\Models\\Attachment',3440,'publication_files','Dalya cv2018','Dalya-cv2018.pdf','application/pdf','public',176714,'[]','[]','[]',3725,'2020-03-26 13:42:21','2020-03-26 13:42:21'),(4160,'App\\Models\\Attachment',3441,'cv_files','Sazan.CV','Sazan.CV.pdf','application/pdf','public',225674,'[]','[]','[]',3727,'2020-03-26 14:08:56','2020-03-26 14:08:56'),(4163,'App\\Models\\Attachment',3442,'cv_files','CV_Frank_Lusumba_Wisungata_2020','CV_Frank_Lusumba_Wisungata_2020.pdf','application/pdf','public',530614,'[]','[]','[]',3730,'2020-03-26 15:45:31','2020-03-26 15:45:31'),(4165,'App\\Models\\Attachment',3444,'certificate_files','IMG_20200327_004954','IMG_20200327_004954.jpg','image/jpeg','public',1534273,'[]','{\"generated_conversions\": {\"thumb\": true, \"p11-thumb\": true}}','[]',3732,'2020-03-26 16:15:01','2020-03-26 16:15:02'),(4171,'App\\Models\\Attachment',3450,'cv_files','qusay_CV.','qusay_CV..pdf','application/pdf','public',87764,'[]','[]','[]',3738,'2020-03-26 17:41:24','2020-03-26 17:41:24'),(4173,'App\\Models\\Attachment',3451,'cv_files','CVFINALGABY','CVFINALGABY.pdf','application/pdf','public',387852,'[]','[]','[]',3740,'2020-03-26 20:54:17','2020-03-26 20:54:17'),(4175,'App\\Models\\Attachment',3452,'cv_files','Rowan Dickson - Resume','Rowan-Dickson---Resume.pdf','application/pdf','public',275335,'[]','[]','[]',3742,'2020-03-26 23:38:47','2020-03-26 23:38:47'),(4182,'App\\Models\\Attachment',3458,'cv_files','Kiggudde Deogratius Resume_2020_3','Kiggudde-Deogratius-Resume_2020_3.pdf','application/pdf','public',388817,'[]','[]','[]',3749,'2020-03-27 02:43:40','2020-03-27 02:43:40'),(4184,'App\\Models\\Attachment',3459,'cv_files','CVKSecSAF','CVKSecSAF.pdf','application/pdf','public',451023,'[]','[]','[]',3751,'2020-03-27 04:22:41','2020-03-27 04:22:41'),(4187,'App\\Models\\Attachment',3460,'cv_files','CV_Franois BEURDELEY_Mar 2020','CV_Franois-BEURDELEY_Mar-2020.pdf','application/pdf','public',702614,'[]','[]','[]',3754,'2020-03-27 05:34:08','2020-03-27 05:34:08'),(4188,'App\\Models\\Attachment',3461,'cv_files','20200320-Chris Shirley MA FRGS CV','20200320-Chris-Shirley-MA-FRGS-CV.pdf','application/pdf','public',102245,'[]','[]','[]',3755,'2020-03-27 09:36:12','2020-03-27 09:36:12'),(4191,'App\\Models\\Attachment',3462,'cv_files','Sora Almansuri  CV (PDF)','Sora-Almansuri--CV-(PDF).pdf','application/pdf','public',57309,'[]','[]','[]',3758,'2020-03-27 10:20:57','2020-03-27 10:20:57'),(4192,'App\\Models\\Attachment',3463,'cv_files','CV_Daniel Mouque','CV_Daniel-Mouque.pdf','application/pdf','public',90470,'[]','[]','[]',3759,'2020-03-27 11:20:49','2020-03-27 11:20:49'),(4193,'App\\Models\\Attachment',3464,'cv_files','Mehmet Subhi Ali.CV','Mehmet-Subhi-Ali.CV.pdf','application/pdf','public',126209,'[]','[]','[]',3760,'2020-03-27 11:40:49','2020-03-27 11:40:49'),(4195,'App\\Models\\Attachment',3465,'publication_files','Mhd Subhi ALELAIWI - Tez','Mhd-Subhi-ALELAIWI---Tez.pdf','application/pdf','public',1966399,'[]','[]','[]',3762,'2020-03-27 11:54:18','2020-03-27 11:54:18'),(4196,'App\\Models\\Attachment',3466,'cv_files','Hoja de vida Zully Babilonia','Hoja-de-vida-Zully-Babilonia.pdf','application/pdf','public',106118,'[]','[]','[]',3763,'2020-03-27 13:03:49','2020-03-27 13:03:49'),(4197,'App\\Models\\Attachment',3467,'cv_files','Barzan A Ali -CV','Barzan-A-Ali--CV.pdf','application/pdf','public',252026,'[]','[]','[]',3764,'2020-03-27 16:07:13','2020-03-27 16:07:13'),(4201,'App\\Models\\Attachment',3471,'cv_files','Park, Min Young - CV - MEL','Park,-Min-Young---CV---MEL.pdf','application/pdf','public',96805,'[]','[]','[]',3768,'2020-03-27 20:26:41','2020-03-27 20:26:41'),(4213,'App\\Models\\Attachment',3482,'cv_files','CV- Ariel_Anwar_Choudry_20200305','CV--Ariel_Anwar_Choudry_20200305.pdf','application/pdf','public',417541,'[]','[]','[]',3779,'2020-03-28 06:30:30','2020-03-28 06:30:30'),(4216,'App\\Models\\Attachment',3483,'cv_files','Zain C.V','Zain-C.V.pdf','application/pdf','public',1392402,'[]','[]','[]',3782,'2020-03-28 06:57:52','2020-03-28 06:57:52'),(4221,'App\\Models\\Attachment',3487,'cv_files','M.M.Alkhaja CV','M.M.Alkhaja-CV.pdf','application/pdf','public',122542,'[]','[]','[]',3783,'2020-03-28 16:27:20','2020-03-28 16:27:20'),(4226,'App\\Models\\Attachment',3491,'cv_files','Oluwafemi_Ooju_CV','Oluwafemi_Ooju_CV.pdf','application/pdf','public',584778,'[]','[]','[]',3788,'2020-03-29 00:14:43','2020-03-29 00:14:43'),(4231,'App\\Models\\Attachment',3495,'cv_files','Gominah Blessing\'s updated CV','Gominah-Blessing\'s-updated-CV.pdf','application/pdf','public',270941,'[]','[]','[]',3793,'2020-03-29 02:55:47','2020-03-29 02:55:47'),(4233,'App\\Models\\Attachment',3496,'cv_files','Resume - LEJNAR ','Resume---LEJNAR-.pdf','application/pdf','public',48606,'[]','[]','[]',3795,'2020-03-29 04:47:40','2020-03-29 04:47:40'),(4234,'App\\Models\\Attachment',3497,'cv_files','EdgarSantiago-resume-NGO-2019','EdgarSantiago-resume-NGO-2019.pdf','application/pdf','public',127512,'[]','[]','[]',3796,'2020-03-29 04:54:42','2020-03-29 04:54:42'),(4235,'App\\Models\\Attachment',3498,'diploma_files','EdgarSantiago-resume-NGO-2019','EdgarSantiago-resume-NGO-2019.pdf','application/pdf','public',127512,'[]','[]','[]',3797,'2020-03-29 05:01:13','2020-03-29 05:01:13'),(4236,'App\\Models\\Attachment',3499,'diploma_files','Edgar Santiago-resume-2020-pdf','Edgar-Santiago-resume-2020-pdf.pdf','application/pdf','public',49904,'[]','[]','[]',3798,'2020-03-29 05:02:21','2020-03-29 05:02:21'),(4237,'App\\Models\\Attachment',3500,'diploma_files','EdgarSantiago-resume-NGO-2019','EdgarSantiago-resume-NGO-2019.pdf','application/pdf','public',127512,'[]','[]','[]',3799,'2020-03-29 05:29:37','2020-03-29 05:29:37'),(4239,'App\\Models\\Attachment',3501,'cv_files','MSteyn-CV-Sector-Feb2020','MSteyn-CV-Sector-Feb2020.pdf','application/pdf','public',303581,'[]','[]','[]',3801,'2020-03-29 05:59:50','2020-03-29 05:59:50'),(4241,'App\\Models\\Attachment',3502,'cv_files','Sebastian Bleijs CV, Current_2020_iMMAP','Sebastian-Bleijs-CV,-Current_2020_iMMAP.pdf','application/pdf','public',111172,'[]','[]','[]',3802,'2020-03-29 10:39:09','2020-03-29 10:39:09'),(4242,'App\\Models\\Attachment',3503,'cv_files','CV_Abdon_Trowonou - Mar2020','CV_Abdon_Trowonou---Mar2020.pdf','application/pdf','public',210960,'[]','[]','[]',3803,'2020-03-29 20:37:19','2020-03-29 20:37:19'),(4245,'App\\Models\\Attachment',3505,'cv_files','Louis Parker CV 2020','Louis-Parker-CV-2020.pdf','application/pdf','public',127608,'[]','[]','[]',3806,'2020-03-29 22:18:48','2020-03-29 22:18:48'),(4248,'App\\Models\\Attachment',3506,'cv_files','Andrea Porro CV Nov 2019','Andrea-Porro-CV-Nov-2019.pdf','application/pdf','public',233769,'[]','[]','[]',3809,'2020-03-30 02:42:38','2020-03-30 02:42:38'),(4262,'App\\Models\\Attachment',3519,'diploma_files','Bachelors Degree','Bachelors-Degree.pdf','application/pdf','public',483437,'[]','[]','[]',3823,'2020-03-30 07:37:15','2020-03-30 07:37:15'),(4266,'App\\Models\\Attachment',3522,'cv_files','CV - Mayra Solis','CV---Mayra-Solis.pdf','application/pdf','public',148757,'[]','[]','[]',3827,'2020-03-30 08:51:05','2020-03-30 08:51:05'),(4267,'App\\Models\\Attachment',3523,'cv_files','CV L Kivela March 2020','CV-L-Kivela-March-2020.pdf','application/pdf','public',315249,'[]','[]','[]',3828,'2020-03-30 09:51:40','2020-03-30 09:51:40'),(4279,'App\\Models\\Attachment',3535,'cv_files','1-Muhammad Kamran Baig - IM-GIS','1-Muhammad-Kamran-Baig---IM-GIS.pdf','application/pdf','public',297391,'[]','[]','[]',3840,'2020-03-30 17:02:59','2020-03-30 17:02:59'),(4282,'App\\Models\\Attachment',3536,'cv_files','RJ_CV','RJ_CV.pdf','application/pdf','public',531436,'[]','[]','[]',3843,'2020-03-31 02:00:38','2020-03-31 02:00:38'),(4283,'App\\Models\\Attachment',3537,'cv_files','Ghaida_Rishmawi_Resume_2020','Ghaida_Rishmawi_Resume_2020.pdf','application/pdf','public',290746,'[]','[]','[]',3844,'2020-03-31 02:53:50','2020-03-31 02:53:50'),(4285,'App\\Models\\Attachment',3539,'certificate_files','oracle','oracle.jpg','image/jpeg','public',80791,'[]','{\"generated_conversions\": {\"thumb\": true, \"p11-thumb\": true}}','[]',3846,'2020-03-31 04:55:24','2020-03-31 04:55:24'),(4286,'App\\Models\\Attachment',3540,'certificate_files','scjp','scjp.jpg','image/jpeg','public',491971,'[]','{\"generated_conversions\": {\"thumb\": true, \"p11-thumb\": true}}','[]',3847,'2020-03-31 04:56:17','2020-03-31 04:56:17'),(4288,'App\\Models\\Attachment',3542,'diploma_files','8-computer_engineer_associate_degree_p1','8-computer_engineer_associate_degree_p1.png','image/png','public',539408,'[]','{\"generated_conversions\": {\"thumb\": true, \"p11-thumb\": true}}','[]',3849,'2020-03-31 05:20:39','2020-03-31 05:20:40'),(4297,'App\\Models\\Attachment',3551,'cv_files','assoum007','assoum007.pdf','application/pdf','public',1311460,'[]','[]','[]',3857,'2020-03-31 06:13:52','2020-03-31 06:13:52'),(4298,'App\\Models\\Attachment',3552,'certificate_files','HR Certificate','HR-Certificate.pdf','application/pdf','public',540608,'[]','[]','[]',3858,'2020-03-31 06:20:34','2020-03-31 06:20:34'),(4299,'App\\Models\\Attachment',3553,'certificate_files','HR Certificate','HR-Certificate.pdf','application/pdf','public',540608,'[]','[]','[]',3859,'2020-03-31 06:21:50','2020-03-31 06:21:50'),(4302,'App\\Models\\Attachment',3556,'cv_files','Rasha Baker-CV - 2020','Rasha-Baker-CV---2020.pdf','application/pdf','public',223676,'[]','[]','[]',3862,'2020-03-31 06:39:51','2020-03-31 06:39:51'),(4306,'App\\Models\\Attachment',3560,'portfolios','Professional Experiences','Professional-Experiences.pdf','application/pdf','public',694521,'[]','[]','[]',3865,'2020-03-31 07:36:37','2020-03-31 07:36:37'),(4308,'App\\Models\\Attachment',3562,'cv_files','AIDA FAYED RESUME 2019','AIDA-FAYED-RESUME-2019.pdf','application/pdf','public',800615,'[]','[]','[]',3867,'2020-03-31 07:40:35','2020-03-31 07:40:35'),(4312,'App\\Models\\Attachment',3563,'cv_files','Ayman CV ','Ayman-CV-.pdf','application/pdf','public',220568,'[]','[]','[]',3871,'2020-03-31 08:40:26','2020-03-31 08:40:26'),(4314,'App\\Models\\Attachment',3565,'cv_files','Luai Ahmaro\'s CV','Luai-Ahmaro\'s-CV.pdf','application/pdf','public',437698,'[]','[]','[]',3873,'2020-03-31 08:50:45','2020-03-31 08:50:45'),(4326,'App\\Models\\Attachment',3576,'cv_files','OLUSEYE ABRAHAM_CV_immap rooster','OLUSEYE-ABRAHAM_CV_immap-rooster.pdf','application/pdf','public',747840,'[]','[]','[]',3885,'2020-03-31 11:06:23','2020-03-31 11:06:23'),(4328,'App\\Models\\Attachment',3577,'cv_files','CV Assaf HIRSCH','CV-Assaf-HIRSCH.pdf','application/pdf','public',51047,'[]','[]','[]',3887,'2020-03-31 11:10:59','2020-03-31 11:10:59'),(4331,'App\\Models\\Attachment',3580,'cv_files','Loai Siwas_Resume','Loai-Siwas_Resume.pdf','application/pdf','public',262768,'[]','[]','[]',3890,'2020-03-31 11:23:54','2020-03-31 11:23:54'),(4334,'App\\Models\\Attachment',3583,'publication_files','Malaria Publlication','Malaria-Publlication.pdf','application/pdf','public',951746,'[]','[]','[]',3893,'2020-03-31 11:47:58','2020-03-31 11:47:58'),(4336,'App\\Models\\Attachment',3585,'publication_files','Somalia Cholera Factsheet','Somalia-Cholera-Factsheet.pdf','application/pdf','public',656326,'[]','[]','[]',3895,'2020-03-31 12:09:20','2020-03-31 12:09:20'),(4337,'App\\Models\\Attachment',3586,'publication_files','Malawi Cholera Factsheet','Malawi-Cholera-Factsheet.pdf','application/pdf','public',409016,'[]','[]','[]',3896,'2020-03-31 12:14:20','2020-03-31 12:14:20'),(4338,'App\\Models\\Attachment',3587,'publication_files','Zimbabwe Cholera Factsheet','Zimbabwe-Cholera-Factsheet.pdf','application/pdf','public',440047,'[]','[]','[]',3897,'2020-03-31 12:17:53','2020-03-31 12:17:53'),(4339,'App\\Models\\Attachment',3588,'publication_files','Zambia Cholera Factsheet','Zambia-Cholera-Factsheet.pdf','application/pdf','public',499935,'[]','[]','[]',3898,'2020-03-31 12:22:04','2020-03-31 12:22:04'),(4340,'App\\Models\\Attachment',3589,'cv_files','Saeb Al Nasser CV','Saeb-Al-Nasser-CV.pdf','application/pdf','public',149351,'[]','[]','[]',3899,'2020-03-31 12:54:00','2020-03-31 12:54:00'),(4342,'App\\Models\\Attachment',3590,'cv_files','HENRY RESUME (CV)','HENRY-RESUME-(CV).pdf','application/pdf','public',103373,'[]','[]','[]',3901,'2020-03-31 15:30:54','2020-03-31 15:30:54'),(4344,'App\\Models\\Attachment',3591,'cv_files','Fidele_DIEDHIOU_CV _Eng','Fidele_DIEDHIOU_CV-_Eng.pdf','application/pdf','public',222607,'[]','[]','[]',3903,'2020-03-31 18:50:16','2020-03-31 18:50:16'),(4350,'App\\Models\\Attachment',3596,'cv_files','One Page CV (Francisco O. Labado)','One-Page-CV-(Francisco-O.-Labado).pdf','application/pdf','public',115743,'[]','[]','[]',3909,'2020-03-31 20:02:38','2020-03-31 20:02:38'),(4353,'App\\Models\\Attachment',3597,'publication_files','South Sudan Cholera Factsheet','South-Sudan-Cholera-Factsheet.pdf','application/pdf','public',363814,'[]','[]','[]',3912,'2020-04-01 00:26:41','2020-04-01 00:26:41'),(4354,'App\\Models\\Attachment',3598,'publication_files','Angola Cholera Factsheet','Angola-Cholera-Factsheet.pdf','application/pdf','public',418295,'[]','[]','[]',3913,'2020-04-01 00:29:18','2020-04-01 00:29:18'),(4357,'App\\Models\\Attachment',3600,'cv_files','Mhd_tamer_CV_2020-v1','Mhd_tamer_CV_2020-v1.pdf','application/pdf','public',149525,'[]','[]','[]',3916,'2020-04-01 03:34:42','2020-04-01 03:34:42'),(4361,'App\\Models\\Attachment',3604,'cv_files','CV_Nabil_TABBAL_20200312','CV_Nabil_TABBAL_20200312.pdf','application/pdf','public',168829,'[]','[]','[]',3920,'2020-04-01 05:17:46','2020-04-01 05:17:46'),(4362,'App\\Models\\Attachment',3605,'cv_files','Natalie eliwat-C.V','Natalie-eliwat-C.V.pdf','application/pdf','public',188404,'[]','[]','[]',3921,'2020-04-01 05:27:20','2020-04-01 05:27:20'),(4367,'App\\Models\\Attachment',3607,'cv_files','Zacharie Lefevre Resume  2019','Zacharie-Lefevre-Resume--2019.pdf','application/pdf','public',57821,'[]','[]','[]',3925,'2020-04-01 06:38:10','2020-04-01 06:38:10'),(4369,'App\\Models\\Attachment',3608,'cv_files','CV_Andres_Rincon','CV_Andres_Rincon.pdf','application/pdf','public',42569,'[]','[]','[]',3927,'2020-04-01 09:23:45','2020-04-01 09:23:45'),(4372,'App\\Models\\Attachment',3610,'cv_files','Kingsly Atem_Resume - 412020','Kingsly-Atem_Resume---412020.pdf','application/pdf','public',365372,'[]','[]','[]',3930,'2020-04-01 12:38:57','2020-04-01 12:38:57'),(4376,'App\\Models\\Attachment',3611,'cv_files','Hamzah Mahmoud Mohammad Al Jezawi CV 2020','Hamzah-Mahmoud-Mohammad-Al-Jezawi-CV-2020.pdf','application/pdf','public',111687,'[]','[]','[]',3933,'2020-04-01 16:33:34','2020-04-01 16:33:34'),(4391,'App\\Models\\Attachment',3626,'publication_files','Private Military Contractors Impact on Uncertainty_DNAK','Private-Military-Contractors-Impact-on-Uncertainty_DNAK.pdf','application/pdf','public',717870,'[]','[]','[]',3948,'2020-04-02 01:35:32','2020-04-02 01:35:32'),(4392,'App\\Models\\Attachment',3627,'cv_files','Richard Shdeed CV 2020','Richard-Shdeed-CV-2020.pdf','application/pdf','public',655557,'[]','[]','[]',3949,'2020-04-02 01:37:04','2020-04-02 01:37:04'),(4394,'App\\Models\\Attachment',3629,'cv_files','2020-03-23-CV-English-Henrik Raftsjo','2020-03-23-CV-English-Henrik-Raftsjo.pdf','application/pdf','public',257854,'[]','[]','[]',3951,'2020-04-02 02:15:24','2020-04-02 02:15:24'),(4396,'App\\Models\\Attachment',3630,'cv_files','CURRICULUM VITAE 2020','CURRICULUM-VITAE-2020.pdf','application/pdf','public',228904,'[]','[]','[]',3953,'2020-04-02 02:41:12','2020-04-02 02:41:12'),(4400,'App\\Models\\Attachment',3634,'cv_files','CV','CV.pdf','application/pdf','public',560338,'[]','[]','[]',3957,'2020-04-02 04:20:44','2020-04-02 04:20:44'),(4401,'App\\Models\\Attachment',3635,'cv_files','CV Anis JENHANI-EPRD_EU_Eng','CV-Anis-JENHANI-EPRD_EU_Eng.pdf','application/pdf','public',204862,'[]','[]','[]',3958,'2020-04-02 04:53:23','2020-04-02 04:53:23'),(4407,'App\\Models\\Attachment',3640,'cv_files','AHMED_MOHAMMED_ALI_72914(3).pdf','AHMED_MOHAMMED_ALI_72914(3).pdf.pdf','application/pdf','public',114359,'[]','[]','[]',3964,'2020-04-02 05:52:15','2020-04-02 05:52:15'),(4410,'App\\Models\\Attachment',3643,'diploma_files','c','c.pdf','application/pdf','public',1816031,'[]','[]','[]',3967,'2020-04-02 06:19:29','2020-04-02 06:19:29'),(4414,'App\\Models\\Attachment',3647,'cv_files','CV_Oussama-Dahmani_Global Security Advisor','CV_Oussama-Dahmani_Global-Security-Advisor.pdf','application/pdf','public',146908,'[]','[]','[]',3971,'2020-04-02 06:53:05','2020-04-02 06:53:05'),(4418,'App\\Models\\Attachment',3649,'cv_files','Line Ellen CV 2020','Line-Ellen-CV-2020.pdf','application/pdf','public',839142,'[]','[]','[]',3974,'2020-04-02 07:20:29','2020-04-02 07:20:29'),(4426,'App\\Models\\Attachment',3656,'cv_files','DanaiMatowanyika_Resume_IMMAP-Roster_2020','DanaiMatowanyika_Resume_IMMAP-Roster_2020.pdf','application/pdf','public',68227,'[]','[]','[]',3982,'2020-04-02 07:55:05','2020-04-02 07:55:05'),(4467,'App\\Models\\Attachment',3694,'publication_files','IJHSRP_Dec2019','IJHSRP_Dec2019.pdf','application/pdf','public',551745,'[]','[]','[]',4023,'2020-04-02 08:58:42','2020-04-02 08:58:42'),(4468,'App\\Models\\Attachment',3695,'portfolios','Sanitation_facilities_and_cholera','Sanitation_facilities_and_cholera.pdf','application/pdf','public',1096831,'[]','[]','[]',4024,'2020-04-02 08:59:21','2020-04-02 08:59:21'),(4470,'App\\Models\\Attachment',3697,'publication_files','jpha-10-1-827_2019','jpha-10-1-827_2019.pdf','application/pdf','public',150553,'[]','[]','[]',4026,'2020-04-02 09:01:06','2020-04-02 09:01:06'),(4471,'App\\Models\\Attachment',3698,'publication_files','NursingEthics2017','NursingEthics2017.pdf','application/pdf','public',142681,'[]','[]','[]',4027,'2020-04-02 09:04:33','2020-04-02 09:04:33'),(4472,'App\\Models\\Attachment',3699,'publication_files','jhss33_281-296_2018','jhss33_281-296_2018.pdf','application/pdf','public',251585,'[]','[]','[]',4028,'2020-04-02 09:06:35','2020-04-02 09:06:35'),(4474,'App\\Models\\Attachment',3701,'publication_files','PAMJ_2018','PAMJ_2018.pdf','application/pdf','public',340333,'[]','[]','[]',4030,'2020-04-02 09:09:40','2020-04-02 09:09:40'),(4475,'App\\Models\\Attachment',3702,'publication_files','EAHRJ_Vol2_Issue2_2018','EAHRJ_Vol2_Issue2_2018.pdf','application/pdf','public',200523,'[]','[]','[]',4031,'2020-04-02 09:19:22','2020-04-02 09:19:22'),(4476,'App\\Models\\Attachment',3703,'cv_files','CV - Maureen Khambira','CV---Maureen-Khambira.pdf','application/pdf','public',410333,'[]','[]','[]',4032,'2020-04-02 09:24:35','2020-04-02 09:24:35'),(4477,'App\\Models\\Attachment',3704,'publication_files','IntJPrevMed9143-5887302_162113_2018','IntJPrevMed9143-5887302_162113_2018.pdf','application/pdf','public',502230,'[]','[]','[]',4033,'2020-04-02 09:24:38','2020-04-02 09:24:38'),(4481,'App\\Models\\Attachment',3708,'publication_files','The Use of Laypersons2018','The-Use-of-Laypersons2018.pdf','application/pdf','public',321739,'[]','[]','[]',4037,'2020-04-02 09:56:48','2020-04-02 09:56:48'),(4482,'App\\Models\\Attachment',3709,'publication_files','Disclosure2017','Disclosure2017.pdf','application/pdf','public',784982,'[]','[]','[]',4038,'2020-04-02 09:59:32','2020-04-02 09:59:32'),(4483,'App\\Models\\Attachment',3710,'publication_files','HRH_2017','HRH_2017.pdf','application/pdf','public',430902,'[]','[]','[]',4039,'2020-04-02 10:04:16','2020-04-02 10:04:16'),(4484,'App\\Models\\Attachment',3711,'publication_files','2016_PloSOne','2016_PloSOne.pdf','application/pdf','public',696530,'[]','[]','[]',4040,'2020-04-02 10:17:24','2020-04-02 10:17:24'),(4485,'App\\Models\\Attachment',3712,'publication_files','2016_PloSOneCavanaugh','2016_PloSOneCavanaugh.pdf','application/pdf','public',726965,'[]','[]','[]',4041,'2020-04-02 10:19:35','2020-04-02 10:19:35'),(4486,'App\\Models\\Attachment',3713,'publication_files','2016_IJSSS','2016_IJSSS.pdf','application/pdf','public',226393,'[]','[]','[]',4042,'2020-04-02 10:40:30','2020-04-02 10:40:30'),(4487,'App\\Models\\Attachment',3714,'publication_files','2016_IJTLD','2016_IJTLD.pdf','application/pdf','public',436430,'[]','[]','[]',4043,'2020-04-02 10:45:41','2020-04-02 10:45:41'),(4488,'App\\Models\\Attachment',3715,'publication_files','2015_AIDSCare','2015_AIDSCare.pdf','application/pdf','public',818510,'[]','[]','[]',4044,'2020-04-02 10:47:54','2020-04-02 10:47:54'),(4489,'App\\Models\\Attachment',3716,'publication_files','2015_JWH','2015_JWH.pdf','application/pdf','public',115379,'[]','[]','[]',4045,'2020-04-02 10:49:48','2020-04-02 10:49:48'),(4490,'App\\Models\\Attachment',3717,'publication_files','2019_IJHSRP','2019_IJHSRP.pdf','application/pdf','public',487855,'[]','[]','[]',4046,'2020-04-02 10:57:49','2020-04-02 10:57:49'),(4496,'App\\Models\\Attachment',3722,'cv_files','ResumeBarbaraBurmen24thMar2020','ResumeBarbaraBurmen24thMar2020.pdf','application/pdf','public',251981,'[]','[]','[]',4052,'2020-04-02 11:58:23','2020-04-02 11:58:23'),(4500,'App\\Models\\Attachment',3724,'cv_files','dohaa. cv','dohaa.-cv.pdf','application/pdf','public',48333,'[]','[]','[]',4056,'2020-04-02 12:15:18','2020-04-02 12:15:18'),(4508,'App\\Models\\Attachment',3732,'publication_files','Concern CAR_Evaluation Report_FINAL REVIEW','Concern-CAR_Evaluation-Report_FINAL-REVIEW.pdf','application/pdf','public',566241,'[]','[]','[]',4064,'2020-04-02 14:46:18','2020-04-02 14:46:18'),(4509,'App\\Models\\Attachment',3733,'publication_files','UNDP MOZ_Recovery Needs Assessments Report','UNDP-MOZ_Recovery-Needs-Assessments-Report.pdf','application/pdf','public',626675,'[]','[]','[]',4065,'2020-04-02 14:49:19','2020-04-02 14:49:19'),(4511,'App\\Models\\Attachment',3735,'cv_files','CV_Ines-Ghali 1 Academique','CV_Ines-Ghali-1-Academique.pdf','application/pdf','public',601374,'[]','[]','[]',4067,'2020-04-02 16:04:55','2020-04-02 16:04:55'),(4512,'App\\Models\\Attachment',3736,'cv_files','Resume Wali Ahadi','Resume-Wali-Ahadi.pdf','application/pdf','public',218690,'[]','[]','[]',4068,'2020-04-02 18:01:57','2020-04-02 18:01:57'),(4514,'App\\Models\\Attachment',3737,'portfolios','Resume Wali Ahadi','Resume-Wali-Ahadi.pdf','application/pdf','public',218690,'[]','[]','[]',4070,'2020-04-02 18:25:44','2020-04-02 18:25:44'),(4516,'App\\Models\\Attachment',3739,'certificate_files','HarvardX Humanitarian Response for Conflict and Disaster','HarvardX-Humanitarian-Response-for-Conflict-and-Disaster.pdf','application/pdf','public',2093880,'[]','[]','[]',4072,'2020-04-02 20:33:54','2020-04-02 20:33:54'),(4519,'App\\Models\\Attachment',3742,'cv_files','BARRETTO_IAN_CV','BARRETTO_IAN_CV.pdf','application/pdf','public',12846,'[]','[]','[]',4075,'2020-04-02 20:46:53','2020-04-02 20:46:53'),(4520,'App\\Models\\Attachment',3743,'publication_files','An Evaluation of Open Source Geographic Information Systems Routi','An-Evaluation-of-Open-Source-Geographic-Information-Systems-Routi.pdf','application/pdf','public',2092022,'[]','[]','[]',4076,'2020-04-02 21:44:18','2020-04-02 21:44:18'),(4521,'App\\Models\\Attachment',3744,'cv_files','CV SERGE MBUNGE UPDATE','CV-SERGE-MBUNGE-UPDATE.pdf','application/pdf','public',286033,'[]','[]','[]',4077,'2020-04-03 01:03:19','2020-04-03 01:03:19'),(4526,'App\\Models\\Attachment',3749,'certificate_files','Diallo_Neneh_T_20190804_GOR_Recert (1)','Diallo_Neneh_T_20190804_GOR_Recert-(1).PDF','application/pdf','public',174508,'[]','[]','[]',4082,'2020-04-03 01:45:27','2020-04-03 01:45:27'),(4528,'App\\Models\\Attachment',3751,'certificate_files','Attestation conter- terrorism','Attestation-conter--terrorism.pdf','application/pdf','public',477093,'[]','[]','[]',4084,'2020-04-03 01:54:09','2020-04-03 01:54:09'),(4535,'App\\Models\\Attachment',3758,'cv_files','CV_Geneve','CV_Geneve.pdf','application/pdf','public',453918,'[]','[]','[]',4091,'2020-04-03 02:55:25','2020-04-03 02:55:25'),(4542,'App\\Models\\Attachment',3765,'publication_files','MEMOIRE_SERAPHIN_KATSUVA_MBUSA','MEMOIRE_SERAPHIN_KATSUVA_MBUSA.pdf','application/pdf','public',2084780,'[]','[]','[]',4098,'2020-04-03 03:40:21','2020-04-03 03:40:21'),(4543,'App\\Models\\Attachment',3766,'cv_files','Paul Mazvarira Resume_PDF','Paul-Mazvarira-Resume_PDF.pdf','application/pdf','public',293489,'[]','[]','[]',4099,'2020-04-03 03:44:15','2020-04-03 03:44:15'),(4552,'App\\Models\\Attachment',3774,'cv_files','CV NTD english-project coordinator (2)','CV-NTD-english-project-coordinator-(2).pdf','application/pdf','public',150895,'[]','[]','[]',4108,'2020-04-03 04:33:59','2020-04-03 04:33:59'),(4555,'App\\Models\\Attachment',3776,'cv_files','CV__NUHaq_IMMAP_Roster','CV__NUHaq_IMMAP_Roster.pdf','application/pdf','public',269893,'[]','[]','[]',4111,'2020-04-03 04:50:42','2020-04-03 04:50:42'),(4560,'App\\Models\\Attachment',3779,'cv_files','CV Yvon Clovis EYEMA - En','CV-Yvon-Clovis-EYEMA---En.pdf','application/pdf','public',1035967,'[]','[]','[]',4114,'2020-04-03 05:59:16','2020-04-03 05:59:16'),(4572,'App\\Models\\Attachment',3789,'cv_files','SKOBIC, Luka_CV','SKOBIC,-Luka_CV.pdf','application/pdf','public',201017,'[]','[]','[]',4122,'2020-04-03 07:45:40','2020-04-03 07:45:40'),(4576,'App\\Models\\Attachment',3792,'certificate_files','L3 Cert','L3-Cert.pdf','application/pdf','public',181035,'[]','[]','[]',4126,'2020-04-03 08:18:43','2020-04-03 08:18:43'),(4583,'App\\Models\\Attachment',3799,'publication_files','HI_IRAQ_Clearance Preparation_Report_Dec2015_FieldVersion','HI_IRAQ_Clearance-Preparation_Report_Dec2015_FieldVersion.pdf','application/pdf','public',1799100,'[]','[]','[]',4133,'2020-04-03 08:33:24','2020-04-03 08:33:24'),(4584,'App\\Models\\Attachment',3800,'publication_files','HI-LIBYA MA Assessment Report','HI-LIBYA-MA-Assessment-Report.pdf','application/pdf','public',952135,'[]','[]','[]',4134,'2020-04-03 08:33:57','2020-04-03 08:33:57'),(4587,'App\\Models\\Attachment',3802,'cv_files','Simon Security CV','Simon-Security-CV.pdf','application/pdf','public',501873,'[]','[]','[]',4137,'2020-04-03 09:28:54','2020-04-03 09:28:54'),(4592,'App\\Models\\Attachment',3803,'cv_files','CV Rami Ouanes EN','CV-Rami-Ouanes-EN.PDF','application/pdf','public',131072,'[]','[]','[]',4142,'2020-04-03 11:44:44','2020-04-03 11:44:44'),(4596,'App\\Models\\Attachment',3806,'cv_files','scan0002','scan0002.pdf','application/pdf','public',153848,'[]','[]','[]',4146,'2020-04-03 12:11:30','2020-04-03 12:11:30'),(4599,'App\\Models\\Attachment',3808,'cv_files','Ibrahim Awwad','Ibrahim-Awwad.pdf','application/pdf','public',711869,'[]','[]','[]',4149,'2020-04-03 13:27:44','2020-04-03 13:27:44'),(4607,'App\\Models\\Attachment',3815,'cv_files','CV Dtaill. SPRdocx','CV-Dtaill.-SPRdocx.pdf','application/pdf','public',973342,'[]','[]','[]',4157,'2020-04-04 00:51:33','2020-04-04 00:51:33'),(4608,'App\\Models\\Attachment',3816,'publication_files','Attestation tchadcarriere','Attestation-tchadcarriere.jpg','image/jpeg','public',332439,'[]','{\"generated_conversions\": {\"thumb\": true, \"p11-thumb\": true}}','[]',4158,'2020-04-04 00:58:26','2020-04-04 00:58:27'),(4611,'App\\Models\\Attachment',3818,'cv_files','CV act ing1','CV-act-ing1.pdf','application/pdf','public',322772,'[]','[]','[]',4160,'2020-04-04 02:13:55','2020-04-04 02:13:55'),(4612,'App\\Models\\Attachment',3819,'cv_files','AbdelAziz Cv','AbdelAziz-Cv.pdf','application/pdf','public',238135,'[]','[]','[]',4161,'2020-04-04 04:56:31','2020-04-04 04:56:31'),(4616,'App\\Models\\Attachment',3822,'cv_files','Jeremiah_Kioko._NEW CV_2020. pdf','Jeremiah_Kioko._NEW-CV_2020.-pdf.pdf','application/pdf','public',333168,'[]','[]','[]',4165,'2020-04-04 06:24:17','2020-04-04 06:24:17'),(4623,'App\\Models\\Attachment',3827,'publication_files','Puertas Cerradas','Puertas-Cerradas.jpg','image/jpeg','public',51543,'[]','{\"generated_conversions\": {\"thumb\": true, \"p11-thumb\": true}}','[]',4172,'2020-04-04 08:14:20','2020-04-04 08:14:20'),(4625,'App\\Models\\Attachment',3828,'cv_files','My CV 2020 Updated','My-CV-2020-Updated.pdf','application/pdf','public',591432,'[]','[]','[]',4174,'2020-04-04 12:31:35','2020-04-04 12:31:35'),(4628,'App\\Models\\Attachment',3831,'cv_files','Siliman Musa - Resume 2020','Siliman-Musa---Resume-2020.pdf','application/pdf','public',75036,'[]','[]','[]',4177,'2020-04-04 14:09:06','2020-04-04 14:09:06'),(4632,'App\\Models\\Attachment',3833,'cv_files','YiyiDieudonneNyunghoResume1','YiyiDieudonneNyunghoResume1.pdf','application/pdf','public',361091,'[]','[]','[]',4181,'2020-04-04 16:52:53','2020-04-04 16:52:53'),(4644,'App\\Models\\Attachment',3845,'cv_files','CV, Ankit - (2020)1','CV,-Ankit---(2020)1.pdf','application/pdf','public',122488,'[]','[]','[]',4193,'2020-04-04 22:48:23','2020-04-04 22:48:23'),(4647,'App\\Models\\Attachment',3846,'cv_files','Ochieng, Willis CV-US format','Ochieng,-Willis-CV-US-format.pdf','application/pdf','public',138326,'[]','[]','[]',4196,'2020-04-04 23:10:34','2020-04-04 23:10:34'),(4652,'App\\Models\\Attachment',3851,'cv_files','cvbravoz (1) (1)','cvbravoz-(1)-(1).pdf','application/pdf','public',83497,'[]','[]','[]',4201,'2020-04-05 01:27:17','2020-04-05 01:27:17'),(4655,'App\\Models\\Attachment',3853,'cv_files','ERSOZ Erhan Resume','ERSOZ-Erhan-Resume.pdf','application/pdf','public',656537,'[]','[]','[]',4204,'2020-04-05 04:50:45','2020-04-05 04:50:45'),(4660,'App\\Models\\Attachment',3857,'cv_files','CV_Chisingui','CV_Chisingui.pdf','application/pdf','public',149725,'[]','[]','[]',4209,'2020-04-05 06:12:46','2020-04-05 06:12:46'),(4663,'App\\Models\\Attachment',3859,'cv_files','CV MALUA abril-2020','CV-MALUA-abril-2020.pdf','application/pdf','public',482948,'[]','[]','[]',4212,'2020-04-05 07:42:32','2020-04-05 07:42:32'),(4678,'App\\Models\\Attachment',3868,'cv_files','CV of Dan Prasad Giri','CV-of-Dan-Prasad-Giri.pdf','application/pdf','public',252108,'[]','[]','[]',4222,'2020-04-05 09:46:49','2020-04-05 09:46:49'),(4684,'App\\Models\\Attachment',3873,'publication_files','Thesis','Thesis.pdf','application/pdf','public',187515,'[]','[]','[]',4228,'2020-04-05 16:50:51','2020-04-05 16:50:51'),(4686,'App\\Models\\Attachment',3875,'cv_files','CV_Pascal_Gbangou_EN','CV_Pascal_Gbangou_EN.pdf','application/pdf','public',353773,'[]','[]','[]',4230,'2020-04-05 17:17:51','2020-04-05 17:17:51'),(4692,'App\\Models\\Attachment',3878,'cv_files','Kella_CV.Franaise','Kella_CV.Franaise.pdf','application/pdf','public',924076,'[]','[]','[]',4235,'2020-04-05 21:37:29','2020-04-05 21:37:29'),(4694,'App\\Models\\Attachment',3880,'cv_files','CV-EB-Immap','CV-EB-Immap.pdf','application/pdf','public',156653,'[]','[]','[]',4237,'2020-04-06 02:39:40','2020-04-06 02:39:40'),(4698,'App\\Models\\Attachment',3884,'publication_files','01. 130614 - NATO_CFC_Logistical_Challenges_Confronting_Afg_Drawdown VAN LOVEN','01.-130614---NATO_CFC_Logistical_Challenges_Confronting_Afg_Drawdown-VAN-LOVEN.pdf','application/pdf','public',1068951,'[]','[]','[]',4241,'2020-04-06 03:52:25','2020-04-06 03:52:25'),(4699,'App\\Models\\Attachment',3885,'publication_files','130715_ NATO_CFC_ Thematic_AFG_IED  Mine-ERW_Overview_2012-13_Final VAN LOVEN','130715_-NATO_CFC_-Thematic_AFG_IED--Mine-ERW_Overview_2012-13_Final-VAN-LOVEN.pdf','application/pdf','public',1795304,'[]','[]','[]',4242,'2020-04-06 03:53:19','2020-04-06 03:53:19'),(4700,'App\\Models\\Attachment',3886,'cv_files','CV Mansour pdf','CV-Mansour-pdf.pdf','application/pdf','public',318310,'[]','[]','[]',4243,'2020-04-06 04:06:38','2020-04-06 04:06:38'),(4703,'App\\Models\\Attachment',3887,'certificate_files','Fk Exchange Certificate','Fk-Exchange-Certificate.pdf','application/pdf','public',375293,'[]','[]','[]',4245,'2020-04-06 04:10:48','2020-04-06 04:10:48'),(4706,'App\\Models\\Attachment',3890,'cv_files','Dima Resheq - Resume','Dima-Resheq---Resume.pdf','application/pdf','public',63554,'[]','[]','[]',4248,'2020-04-06 04:23:47','2020-04-06 04:23:47'),(4717,'App\\Models\\Attachment',3901,'cv_files','CV_Aboudou_TRAORE','CV_Aboudou_TRAORE.pdf','application/pdf','public',149076,'[]','[]','[]',4259,'2020-04-06 05:51:13','2020-04-06 05:51:13'),(4719,'App\\Models\\Attachment',3902,'cv_files','CV ','CV-.pdf','application/pdf','public',329213,'[]','[]','[]',4261,'2020-04-06 06:32:46','2020-04-06 06:32:46'),(4722,'App\\Models\\Attachment',3904,'cv_files','CV_BilgoGuillaume','CV_BilgoGuillaume.pdf','application/pdf','public',34110,'[]','[]','[]',4264,'2020-04-06 07:17:49','2020-04-06 07:17:49'),(4730,'App\\Models\\Attachment',3911,'cv_files','English CV_HOINATHY','English-CV_HOINATHY.pdf','application/pdf','public',293596,'[]','[]','[]',4272,'2020-04-06 09:26:31','2020-04-06 09:26:31'),(4731,'App\\Models\\Attachment',3912,'cv_files','CV Immap','CV-Immap.pdf','application/pdf','public',142727,'[]','[]','[]',4273,'2020-04-06 09:30:58','2020-04-06 09:30:58'),(4738,'App\\Models\\Attachment',3917,'cv_files','CV Orina  Global Security manager  ','CV-Orina--Global-Security-manager--.pdf','application/pdf','public',518530,'[]','[]','[]',4279,'2020-04-06 11:40:41','2020-04-06 11:40:41'),(4741,'App\\Models\\Attachment',3918,'publication_files','The Socio-political And Legal Factors Affecting Counter-Terrorism Efforts In Kenya','The-Socio-political-And-Legal-Factors-Affecting-Counter-Terrorism-Efforts-In-Kenya.pdf','application/pdf','public',1229918,'[]','[]','[]',4281,'2020-04-06 11:45:38','2020-04-06 11:45:38'),(4742,'App\\Models\\Attachment',3919,'cv_files','cv_europeen mpc','cv_europeen-mpc.pdf','application/pdf','public',122835,'[]','[]','[]',4282,'2020-04-06 11:47:33','2020-04-06 11:47:33'),(4744,'App\\Models\\Attachment',3920,'diploma_files','GARANE YUSSUF-1','GARANE-YUSSUF-1.jpg','image/jpeg','public',1193100,'[]','{\"generated_conversions\": {\"thumb\": true, \"p11-thumb\": true}}','[]',4284,'2020-04-06 12:14:48','2020-04-06 12:14:48'),(4745,'App\\Models\\Attachment',3921,'diploma_files','GARANE YUSSUF-1','GARANE-YUSSUF-1.jpg','image/jpeg','public',1193100,'[]','{\"generated_conversions\": {\"thumb\": true, \"p11-thumb\": true}}','[]',4285,'2020-04-06 12:19:44','2020-04-06 12:19:44'),(4750,'App\\Models\\Attachment',3926,'cv_files','Ngala Hassan Resume wp (5)','Ngala-Hassan-Resume-wp-(5).pdf','application/pdf','public',152443,'[]','[]','[]',4290,'2020-04-06 13:25:28','2020-04-06 13:25:28'),(4752,'App\\Models\\Attachment',3927,'cv_files','CV_2019docx','CV_2019docx.pdf','application/pdf','public',308766,'[]','[]','[]',4292,'2020-04-06 13:59:20','2020-04-06 13:59:20'),(4756,'App\\Models\\Attachment',3930,'diploma_files','Ing Geodesia y Cartog_2','Ing-Geodesia-y-Cartog_2.pdf','application/pdf','public',553195,'[]','[]','[]',4296,'2020-04-06 14:30:21','2020-04-06 14:30:21'),(4761,'App\\Models\\Attachment',3935,'publication_files','ASSAM 3 NIGER full','ASSAM-3-NIGER-full.pdf','application/pdf','public',606904,'[]','[]','[]',4301,'2020-04-07 01:44:52','2020-04-07 01:44:52'),(4774,'App\\Models\\Attachment',3948,'cv_files','IMMAP-RESUME-KOSI SEPENOU DAVUI','IMMAP-RESUME-KOSI-SEPENOU-DAVUI.pdf','application/pdf','public',451216,'[]','[]','[]',4314,'2020-04-07 04:33:21','2020-04-07 04:33:21'),(4785,'App\\Models\\Attachment',3957,'cv_files','Anoud Abu Hassan CV','Anoud-Abu-Hassan-CV.pdf','application/pdf','public',517246,'[]','[]','[]',4324,'2020-04-07 04:50:48','2020-04-07 04:50:48'),(4788,'App\\Models\\Attachment',3960,'cv_files','Givemore Diza','Givemore-Diza.pdf','application/pdf','public',357648,'[]','[]','[]',4327,'2020-04-07 05:13:08','2020-04-07 05:13:08'),(4789,'App\\Models\\Attachment',3961,'cv_files','Curriculum Vitae_Abdullah Fahad','Curriculum-Vitae_Abdullah-Fahad.pdf','application/pdf','public',249264,'[]','[]','[]',4328,'2020-04-07 05:48:32','2020-04-07 05:48:32'),(4793,'App\\Models\\Attachment',3963,'cv_files','CV','CV.pdf','application/pdf','public',337914,'[]','[]','[]',4331,'2020-04-07 06:16:24','2020-04-07 06:16:24'),(4794,'App\\Models\\Attachment',3964,'publication_files','CODHESInforma80','CODHESInforma80.pdf','application/pdf','public',853821,'[]','[]','[]',4332,'2020-04-07 06:29:59','2020-04-07 06:29:59'),(4795,'App\\Models\\Attachment',3965,'publication_files','CODHESInforma83','CODHESInforma83.pdf','application/pdf','public',1221995,'[]','[]','[]',4333,'2020-04-07 06:34:23','2020-04-07 06:34:23'),(4796,'App\\Models\\Attachment',3966,'publication_files','CODHESInforma89','CODHESInforma89.pdf','application/pdf','public',630148,'[]','[]','[]',4334,'2020-04-07 06:35:56','2020-04-07 06:35:56'),(4797,'App\\Models\\Attachment',3967,'cv_files','JBarnardCVApril2020','JBarnardCVApril2020.pdf','application/pdf','public',66108,'[]','[]','[]',4335,'2020-04-07 06:47:43','2020-04-07 06:47:43'),(4804,'App\\Models\\Attachment',3968,'cv_files','VAN LOVEN F - CV - iMMAP (as of Apr 2020)','VAN-LOVEN-F---CV---iMMAP-(as-of-Apr-2020).pdf','application/pdf','public',246998,'[]','[]','[]',4337,'2020-04-07 06:57:23','2020-04-07 06:57:23'),(4812,'App\\Models\\Attachment',3975,'cv_files','CV_Yineth Katerine zapata Erazo','CV_Yineth-Katerine-zapata-Erazo.pdf','application/pdf','public',56822,'[]','[]','[]',4345,'2020-04-07 10:38:04','2020-04-07 10:38:04'),(4815,'App\\Models\\Attachment',3978,'diploma_files','mtc  teaching diploma','mtc--teaching-diploma.pdf','application/pdf','public',1869199,'[]','[]','[]',4348,'2020-04-07 11:18:31','2020-04-07 11:18:31'),(4817,'App\\Models\\Attachment',3980,'certificate_files','m and e certificate (1)','m-and-e-certificate-(1).jpg','image/jpeg','public',363650,'[]','{\"generated_conversions\": {\"thumb\": true, \"p11-thumb\": true}}','[]',4350,'2020-04-07 11:23:37','2020-04-07 11:23:38'),(4819,'App\\Models\\Attachment',3982,'cv_files','CV_Ali Basim_2020','CV_Ali-Basim_2020.pdf','application/pdf','public',762857,'[]','[]','[]',4352,'2020-04-07 13:34:06','2020-04-07 13:34:06'),(4820,'App\\Models\\Attachment',3983,'cv_files','CHENGETO M ZVINGOWANISEI CV','CHENGETO-M-ZVINGOWANISEI-CV.pdf','application/pdf','public',533884,'[]','[]','[]',4353,'2020-04-07 14:14:38','2020-04-07 14:14:38'),(4829,'App\\Models\\Attachment',3991,'cv_files','CV-Laura Alejandra Alonso Garcia','CV-Laura-Alejandra-Alonso-Garcia.pdf','application/pdf','public',115252,'[]','[]','[]',4362,'2020-04-07 16:45:31','2020-04-07 16:45:31'),(4831,'App\\Models\\Attachment',3992,'portfolios','CV Lorena Mar 2020 - 1','CV-Lorena-Mar-2020---1.pdf','application/pdf','public',67727,'[]','[]','[]',4364,'2020-04-07 17:08:00','2020-04-07 17:08:00'),(4832,'App\\Models\\Attachment',3993,'cv_files','CV Lorena Mar 2020 - 1','CV-Lorena-Mar-2020---1.pdf','application/pdf','public',67727,'[]','[]','[]',4365,'2020-04-07 17:11:14','2020-04-07 17:11:14'),(4833,'App\\Models\\Attachment',3994,'cv_files','Karokh Khorany_CV_20200408','Karokh-Khorany_CV_20200408.pdf','application/pdf','public',189740,'[]','[]','[]',4366,'2020-04-07 17:11:43','2020-04-07 17:11:43'),(4850,'App\\Models\\Attachment',4008,'cv_files','Cv_Federico Lo Giudice - Mar 2020_','Cv_Federico-Lo-Giudice---Mar-2020_.pdf','application/pdf','public',947784,'[]','[]','[]',4383,'2020-04-08 04:36:07','2020-04-08 04:36:07'),(4852,'App\\Models\\Attachment',4009,'cv_files','Amara_Global Security Advisor  IMMAP_07APR20','Amara_Global-Security-Advisor--IMMAP_07APR20.pdf','application/pdf','public',1339389,'[]','[]','[]',4385,'2020-04-08 06:18:48','2020-04-08 06:18:48'),(4856,'App\\Models\\Attachment',4010,'diploma_files','4.1 Licence es Sciences economiques','4.1-Licence-es-Sciences-economiques.pdf','application/pdf','public',619256,'[]','[]','[]',4387,'2020-04-08 06:28:37','2020-04-08 06:28:37'),(4857,'App\\Models\\Attachment',4011,'cv_files','SADIO-MAMADY-05011993 english','SADIO-MAMADY-05011993-english.pdf','application/pdf','public',110382,'[]','[]','[]',4388,'2020-04-08 08:28:17','2020-04-08 08:28:17'),(4863,'App\\Models\\Attachment',4015,'cv_files','cv Bantamb Nerdj_150320','cv-Bantamb-Nerdj_150320.pdf','application/pdf','public',927330,'[]','[]','[]',4394,'2020-04-08 13:54:16','2020-04-08 13:54:16'),(4866,'App\\Models\\Attachment',4018,'cv_files','CV-GAGERE-Aboubacar-EN','CV-GAGERE-Aboubacar-EN.pdf','application/pdf','public',110983,'[]','[]','[]',4396,'2020-04-08 18:08:01','2020-04-08 18:08:01'),(4867,'App\\Models\\Attachment',4019,'cv_files','GilbertAgbodamakou-CV','GilbertAgbodamakou-CV.pdf','application/pdf','public',435329,'[]','[]','[]',4397,'2020-04-08 18:17:26','2020-04-08 18:17:26'),(4870,'App\\Models\\Attachment',4021,'cv_files','HV_PaolaHurtado_20012020','HV_PaolaHurtado_20012020.pdf','application/pdf','public',121930,'[]','[]','[]',4400,'2020-04-08 20:36:50','2020-04-08 20:36:50'),(4871,'App\\Models\\Attachment',4022,'cv_files','CV_Silimane Ngoma','CV_Silimane-Ngoma.pdf','application/pdf','public',172821,'[]','[]','[]',4401,'2020-04-08 22:44:42','2020-04-08 22:44:42'),(4873,'App\\Models\\Attachment',4023,'cv_files','Maria_Popovich_CV 2019','Maria_Popovich_CV-2019.pdf','application/pdf','public',628719,'[]','[]','[]',4403,'2020-04-09 02:35:12','2020-04-09 02:35:12'),(4881,'App\\Models\\Attachment',4030,'cv_files','Resume','Resume.pdf','application/pdf','public',101893,'[]','[]','[]',4411,'2020-04-09 03:24:28','2020-04-09 03:24:28'),(4883,'App\\Models\\Attachment',4031,'cv_files','OPM CV','OPM-CV.pdf','application/pdf','public',790573,'[]','[]','[]',4413,'2020-04-09 03:46:55','2020-04-09 03:46:55'),(4886,'App\\Models\\Attachment',4033,'certificate_files','BSITFII_Certificate_GMB','BSITFII_Certificate_GMB.pdf','application/pdf','public',346101,'[]','[]','[]',4416,'2020-04-09 04:41:36','2020-04-09 04:41:36'),(4894,'App\\Models\\Attachment',4039,'cv_files','Ozay Ozer','Ozay-Ozer.pdf','application/pdf','public',92494,'[]','[]','[]',4424,'2020-04-09 06:58:15','2020-04-09 06:58:15'),(4895,'App\\Models\\Attachment',4040,'cv_files','CV Software Developer - Sebastian Navarrete','CV-Software-Developer---Sebastian-Navarrete.pdf','application/pdf','public',193726,'[]','[]','[]',4425,'2020-04-09 07:25:39','2020-04-09 07:25:39'),(4902,'App\\Models\\Attachment',4044,'publication_files','P-2017-Ahmad-ReEn-Wind','P-2017-Ahmad-ReEn-Wind.pdf','application/pdf','public',1517668,'[]','[]','[]',4432,'2020-04-09 08:14:02','2020-04-09 08:14:02'),(4903,'App\\Models\\Attachment',4045,'publication_files','1-s2.0-S1364032117303064-main','1-s2.0-S1364032117303064-main.pdf','application/pdf','public',1265339,'[]','[]','[]',4433,'2020-04-09 08:14:30','2020-04-09 08:14:30'),(4904,'App\\Models\\Attachment',4046,'publication_files','P-Energy Econ-Ghaith-Combined','P-Energy-Econ-Ghaith-Combined.pdf','application/pdf','public',800939,'[]','[]','[]',4434,'2020-04-09 08:15:16','2020-04-09 08:15:16'),(4906,'App\\Models\\Attachment',4047,'cv_files','Doaa Alzubaidi Resume','Doaa-Alzubaidi-Resume.pdf','application/pdf','public',145617,'[]','[]','[]',4436,'2020-04-09 08:26:29','2020-04-09 08:26:29'),(4907,'App\\Models\\Attachment',4048,'cv_files','CV- Gillian Hoornveld (4)','CV--Gillian-Hoornveld-(4).pdf','application/pdf','public',150573,'[]','[]','[]',4437,'2020-04-09 08:35:07','2020-04-09 08:35:07'),(4909,'App\\Models\\Attachment',4049,'cv_files','Trilford_CV_March2020','Trilford_CV_March2020.pdf','application/pdf','public',121881,'[]','[]','[]',4438,'2020-04-09 09:01:38','2020-04-09 09:01:38'),(4912,'App\\Models\\Attachment',4050,'cv_files','Ghaith_Vita','Ghaith_Vita.pdf','application/pdf','public',159069,'[]','[]','[]',4441,'2020-04-09 09:15:14','2020-04-09 09:15:14'),(4915,'App\\Models\\Attachment',4051,'cv_files','Valerie Amaral Resume','Valerie-Amaral-Resume.pdf','application/pdf','public',218149,'[]','[]','[]',4443,'2020-04-09 10:07:00','2020-04-09 10:07:00'),(4919,'App\\Models\\Attachment',4054,'publication_files','Sumishield TFM Publication','Sumishield-TFM-Publication.pdf','application/pdf','public',1385776,'[]','[]','[]',4447,'2020-04-09 11:02:49','2020-04-09 11:02:49'),(4920,'App\\Models\\Attachment',4055,'cv_files','CV of Hiwa Gaznai','CV-of-Hiwa-Gaznai.pdf','application/pdf','public',644766,'[]','[]','[]',4448,'2020-04-09 11:03:57','2020-04-09 11:03:57'),(4921,'App\\Models\\Attachment',4056,'diploma_files','MSc Public Health certificates','MSc-Public-Health-certificates.jpg','image/jpeg','public',640072,'[]','{\"generated_conversions\": {\"thumb\": true, \"p11-thumb\": true}}','[]',4449,'2020-04-09 11:08:11','2020-04-09 11:08:12'),(4926,'App\\Models\\Attachment',4060,'cv_files','Muhammad Ali Qadir CV','Muhammad-Ali-Qadir-CV.pdf','application/pdf','public',293289,'[]','[]','[]',4454,'2020-04-09 11:33:01','2020-04-09 11:33:01'),(4929,'App\\Models\\Attachment',4061,'cv_files','CV DQ','CV-DQ.pdf','application/pdf','public',391029,'[]','[]','[]',4456,'2020-04-09 12:19:56','2020-04-09 12:19:56'),(4932,'App\\Models\\Attachment',4063,'cv_files','Ali Zangna-CV','Ali-Zangna-CV.pdf','application/pdf','public',252047,'[]','[]','[]',4459,'2020-04-09 12:48:57','2020-04-09 12:48:57'),(4936,'App\\Models\\Attachment',4067,'cv_files','Ludovic Roussel CV IMMAP','Ludovic-Roussel-CV-IMMAP.pdf','application/pdf','public',409481,'[]','[]','[]',4463,'2020-04-09 13:11:20','2020-04-09 13:11:20'),(4938,'App\\Models\\Attachment',4069,'cv_files','Godwill-Mlambo_cv_2020','Godwill-Mlambo_cv_2020.pdf','application/pdf','public',95791,'[]','[]','[]',4465,'2020-04-09 13:25:14','2020-04-09 13:25:14'),(4940,'App\\Models\\Attachment',4070,'cv_files','Nazik Elshiekh CV 2020','Nazik-Elshiekh-CV-2020.pdf','application/pdf','public',493249,'[]','[]','[]',4467,'2020-04-09 14:43:30','2020-04-09 14:43:30'),(4945,'App\\Models\\Attachment',4074,'cv_files','CV Ahmed W. Shekha 2019','CV-Ahmed-W.-Shekha-2019.pdf','application/pdf','public',167754,'[]','[]','[]',4471,'2020-04-10 01:15:29','2020-04-10 01:15:29'),(4949,'App\\Models\\Attachment',4078,'publication_files','MRM Project- Final Copy SGS','MRM-Project--Final-Copy-SGS.pdf','application/pdf','public',896813,'[]','[]','[]',4475,'2020-04-10 01:28:08','2020-04-10 01:28:08'),(4956,'App\\Models\\Attachment',4082,'cv_files','Sophie Malinga_CV_April 2020','Sophie-Malinga_CV_April-2020.pdf','application/pdf','public',499160,'[]','[]','[]',4480,'2020-04-10 03:33:33','2020-04-10 03:33:33'),(4957,'App\\Models\\Attachment',4083,'cv_files','Shams Hassan Mohammed Taki','Shams-Hassan-Mohammed-Taki.pdf','application/pdf','public',287743,'[]','[]','[]',4481,'2020-04-10 03:41:30','2020-04-10 03:41:30'),(4960,'App\\Models\\Attachment',4084,'cv_files','AliAlBayaa_Resume2020+','AliAlBayaa_Resume2020+.pdf','application/pdf','public',106165,'[]','[]','[]',4484,'2020-04-10 07:25:54','2020-04-10 07:25:54'),(4961,'App\\Models\\Attachment',4085,'cv_files','CV_Boanergs','CV_Boanergs.pdf','application/pdf','public',250558,'[]','[]','[]',4485,'2020-04-10 07:37:23','2020-04-10 07:37:23'),(4976,'App\\Models\\Attachment',4097,'cv_files','CV','CV.pdf','application/pdf','public',353798,'[]','[]','[]',4499,'2020-04-10 19:09:51','2020-04-10 19:09:51'),(4986,'App\\Models\\Attachment',4106,'cv_files','Meena_Arjumand_Updated','Meena_Arjumand_Updated.pdf','application/pdf','public',290725,'[]','[]','[]',4507,'2020-04-10 22:34:24','2020-04-10 22:34:24'),(4992,'App\\Models\\Attachment',4109,'cv_files','Irfan_Ghumman_Resume_Detailed','Irfan_Ghumman_Resume_Detailed.pdf','application/pdf','public',195049,'[]','[]','[]',4511,'2020-04-11 14:43:21','2020-04-11 14:43:21'),(4997,'App\\Models\\Attachment',4112,'cv_files','Belo CV','Belo-CV.pdf','application/pdf','public',73892,'[]','[]','[]',4516,'2020-04-12 10:20:04','2020-04-12 10:20:04'),(4998,'App\\Models\\Attachment',4113,'cv_files','Mustafa Siala. Resume','Mustafa-Siala.-Resume.pdf','application/pdf','public',239679,'[]','[]','[]',4517,'2020-04-12 10:23:19','2020-04-12 10:23:19'),(4999,'App\\Models\\Attachment',4114,'cv_files','CV - Hamid Mehmood  - March 2020-Esri','CV---Hamid-Mehmood----March-2020-Esri.pdf','application/pdf','public',172500,'[]','[]','[]',4518,'2020-04-12 12:25:03','2020-04-12 12:25:03'),(5001,'App\\Models\\Attachment',4115,'cv_files','CV_Aboubakar_CISSE 27022020','CV_Aboubakar_CISSE-27022020.pdf','application/pdf','public',187063,'[]','[]','[]',4520,'2020-04-12 14:58:21','2020-04-12 14:58:21'),(5009,'App\\Models\\Attachment',4122,'cv_files','Mon CV light','Mon-CV-light.pdf','application/pdf','public',1066816,'[]','[]','[]',4528,'2020-04-13 01:44:57','2020-04-13 01:44:57'),(5011,'App\\Models\\Attachment',4123,'cv_files','CV - Tauqeer','CV---Tauqeer.pdf','application/pdf','public',200890,'[]','[]','[]',4530,'2020-04-13 03:36:36','2020-04-13 03:36:36'),(5013,'App\\Models\\Attachment',4125,'cv_files','CV','CV.pdf','application/pdf','public',111698,'[]','[]','[]',4532,'2020-04-13 05:50:18','2020-04-13 05:50:18'),(5015,'App\\Models\\Attachment',4126,'cv_files','GIS_CV_03_2019','GIS_CV_03_2019.pdf','application/pdf','public',437875,'[]','[]','[]',4534,'2020-04-13 06:02:18','2020-04-13 06:02:18'),(5018,'App\\Models\\Attachment',4128,'diploma_files','master I lev UPO 2013 ','master-I-lev-UPO-2013-.pdf','application/pdf','public',368898,'[]','[]','[]',4537,'2020-04-13 10:40:41','2020-04-13 10:40:41'),(5021,'App\\Models\\Attachment',4131,'cv_files','202003 Nadine_CV','202003-Nadine_CV.pdf','application/pdf','public',613571,'[]','[]','[]',4540,'2020-04-13 18:34:40','2020-04-13 18:34:40'),(5028,'App\\Models\\Attachment',4135,'cv_files','Odeka_Temisaren_CV','Odeka_Temisaren_CV.pdf','application/pdf','public',183012,'[]','[]','[]',4545,'2020-04-14 01:28:51','2020-04-14 01:28:51'),(5032,'App\\Models\\Attachment',4137,'cv_files','Taurai resume','Taurai-resume.pdf','application/pdf','public',111232,'[]','[]','[]',4547,'2020-04-14 02:23:01','2020-04-14 02:23:01'),(5033,'App\\Models\\Attachment',4138,'publication_files','2000_1407','2000_1407.jpg','image/jpeg','public',52305,'[]','{\"generated_conversions\": {\"thumb\": true, \"p11-thumb\": true}}','[]',4548,'2020-04-14 06:03:20','2020-04-14 06:03:20'),(5039,'App\\Models\\Attachment',4144,'cv_files','CV dicembre 2019 Sisinnio Guido Milani..docx','CV-dicembre-2019-Sisinnio-Guido-Milani..docx.pdf','application/pdf','public',175898,'[]','[]','[]',4554,'2020-04-14 07:06:02','2020-04-14 07:06:02'),(5050,'App\\Models\\Attachment',4154,'certificate_files','certificate_Oscar Bautista Cspedes','certificate_Oscar-Bautista-Cspedes.pdf','application/pdf','public',298540,'[]','[]','[]',4565,'2020-04-14 11:18:06','2020-04-14 11:18:06'),(5051,'App\\Models\\Attachment',4155,'cv_files','CV_Oscar_Bautista_ENG_2020_01_short','CV_Oscar_Bautista_ENG_2020_01_short.pdf','application/pdf','public',149245,'[]','[]','[]',4566,'2020-04-14 12:59:28','2020-04-14 12:59:28'),(5055,'App\\Models\\Attachment',4158,'cv_files','CV of Md. Mehedi Hasan Khan','CV-of-Md.-Mehedi-Hasan-Khan.pdf','application/pdf','public',275195,'[]','[]','[]',4570,'2020-04-14 13:32:49','2020-04-14 13:32:49'),(5057,'App\\Models\\Attachment',4160,'publication_files','JES','JES.pdf','application/pdf','public',1572058,'[]','[]','[]',4572,'2020-04-14 14:00:14','2020-04-14 14:00:14'),(5058,'App\\Models\\Attachment',4161,'publication_files','ICDRR 2019','ICDRR-2019.pdf','application/pdf','public',679904,'[]','[]','[]',4573,'2020-04-14 14:01:07','2020-04-14 14:01:07'),(5059,'App\\Models\\Attachment',4162,'publication_files','KUET','KUET.pdf','application/pdf','public',856755,'[]','[]','[]',4574,'2020-04-14 14:03:06','2020-04-14 14:03:06'),(5060,'App\\Models\\Attachment',4163,'publication_files','CDG063','CDG063.pdf','application/pdf','public',205523,'[]','[]','[]',4575,'2020-04-14 14:04:13','2020-04-14 14:04:13'),(5061,'App\\Models\\Attachment',4164,'publication_files','FP_135','FP_135.pdf','application/pdf','public',1576329,'[]','[]','[]',4576,'2020-04-14 14:05:17','2020-04-14 14:05:17'),(5064,'App\\Models\\Attachment',4167,'cv_files','W.Affeli Resume 2020_v032020','W.Affeli-Resume-2020_v032020.pdf','application/pdf','public',262959,'[]','[]','[]',4579,'2020-04-14 15:19:03','2020-04-14 15:19:03'),(5066,'App\\Models\\Attachment',4168,'cv_files','Fridon_Japaridze_CV','Fridon_Japaridze_CV.pdf','application/pdf','public',255132,'[]','[]','[]',4581,'2020-04-14 15:25:46','2020-04-14 15:25:46'),(5070,'App\\Models\\Attachment',4170,'certificate_files','305_Certificado_LaAgenda2030ylasOportunidadesparalasSociedadesRurales','305_Certificado_LaAgenda2030ylasOportunidadesparalasSociedadesRurales.pdf','application/pdf','public',966006,'[]','[]','[]',4584,'2020-04-14 19:23:39','2020-04-14 19:23:39'),(5071,'App\\Models\\Attachment',4171,'certificate_files','305_Certificado_LaAgenda2030ylasOportunidadesparalasSociedadesRurales','305_Certificado_LaAgenda2030ylasOportunidadesparalasSociedadesRurales.pdf','application/pdf','public',966006,'[]','[]','[]',4585,'2020-04-14 19:23:47','2020-04-14 19:23:47'),(5072,'App\\Models\\Attachment',4172,'certificate_files','305_Certificado_LaAgenda2030ylasOportunidadesparalasSociedadesRurales','305_Certificado_LaAgenda2030ylasOportunidadesparalasSociedadesRurales.pdf','application/pdf','public',966006,'[]','[]','[]',4586,'2020-04-14 19:24:21','2020-04-14 19:24:21'),(5073,'App\\Models\\Attachment',4173,'certificate_files','305_Certificado_LaAgenda2030ylasOportunidadesparalasSociedadesRurales','305_Certificado_LaAgenda2030ylasOportunidadesparalasSociedadesRurales.pdf','application/pdf','public',966006,'[]','[]','[]',4587,'2020-04-14 19:24:46','2020-04-14 19:24:46'),(5074,'App\\Models\\Attachment',4174,'certificate_files','305_Certificado_LaAgenda2030ylasOportunidadesparalasSociedadesRurales','305_Certificado_LaAgenda2030ylasOportunidadesparalasSociedadesRurales.pdf','application/pdf','public',966006,'[]','[]','[]',4588,'2020-04-14 19:24:48','2020-04-14 19:24:48'),(5075,'App\\Models\\Attachment',4175,'certificate_files','305_Certificado_LaAgenda2030ylasOportunidadesparalasSociedadesRurales','305_Certificado_LaAgenda2030ylasOportunidadesparalasSociedadesRurales.pdf','application/pdf','public',966006,'[]','[]','[]',4589,'2020-04-14 19:25:03','2020-04-14 19:25:03'),(5076,'App\\Models\\Attachment',4176,'certificate_files','304_Certificado_Sas','304_Certificado_Sas.pdf','application/pdf','public',183817,'[]','[]','[]',4590,'2020-04-14 19:26:38','2020-04-14 19:26:38'),(5085,'App\\Models\\Attachment',4184,'cv_files','Batools resume pdf','Batools-resume-pdf.pdf','application/pdf','public',112292,'[]','[]','[]',4599,'2020-04-15 02:17:29','2020-04-15 02:17:29'),(5091,'App\\Models\\Attachment',4189,'cv_files','Mary Jones Resume 2020','Mary-Jones-Resume-2020.pdf','application/pdf','public',175144,'[]','[]','[]',4605,'2020-04-15 02:32:09','2020-04-15 02:32:09'),(5092,'App\\Models\\Attachment',4190,'cv_files','ODINKA OKACHI','ODINKA-OKACHI.pdf','application/pdf','public',189334,'[]','[]','[]',4606,'2020-04-15 02:32:37','2020-04-15 02:32:37'),(5095,'App\\Models\\Attachment',4192,'cv_files','OGENYI Morgan Unogwu','OGENYI-Morgan-Unogwu.pdf','application/pdf','public',202321,'[]','[]','[]',4609,'2020-04-15 02:36:21','2020-04-15 02:36:21'),(5098,'App\\Models\\Attachment',4194,'diploma_files','Diplome Maitrise MIAGE','Diplome-Maitrise-MIAGE.pdf','application/pdf','public',617060,'[]','[]','[]',4612,'2020-04-15 02:43:24','2020-04-15 02:43:24'),(5100,'App\\Models\\Attachment',4196,'diploma_files','Diplome Maitrise MIAGE','Diplome-Maitrise-MIAGE.pdf','application/pdf','public',617060,'[]','[]','[]',4614,'2020-04-15 02:43:36','2020-04-15 02:43:36'),(5101,'App\\Models\\Attachment',4197,'certificate_files','G.Claborne_BSAFE_Certificate','G.Claborne_BSAFE_Certificate.pdf','application/pdf','public',461938,'[]','[]','[]',4615,'2020-04-15 02:43:37','2020-04-15 02:43:37'),(5106,'App\\Models\\Attachment',4202,'cv_files','Obaid_IMO_CV','Obaid_IMO_CV.pdf','application/pdf','public',259083,'[]','[]','[]',4620,'2020-04-15 02:48:25','2020-04-15 02:48:25'),(5110,'App\\Models\\Attachment',4205,'cv_files','CV_Patrick MUPENDA','CV_Patrick-MUPENDA.pdf','application/pdf','public',471528,'[]','[]','[]',4623,'2020-04-15 02:50:27','2020-04-15 02:50:27'),(5115,'App\\Models\\Attachment',4208,'cv_files','CV-Capt. (Rtd) Kai John Ringa','CV-Capt.-(Rtd)-Kai-John-Ringa.pdf','application/pdf','public',537831,'[]','[]','[]',4628,'2020-04-15 03:07:05','2020-04-15 03:07:05'),(5117,'App\\Models\\Attachment',4210,'cv_files','CV Mohamed Siraje','CV-Mohamed-Siraje.pdf','application/pdf','public',109464,'[]','[]','[]',4630,'2020-04-15 03:16:15','2020-04-15 03:16:15'),(5118,'App\\Models\\Attachment',4211,'cv_files','CV_S.P Sunday','CV_S.P-Sunday.pdf','application/pdf','public',351974,'[]','[]','[]',4631,'2020-04-15 03:17:55','2020-04-15 03:17:55'),(5122,'App\\Models\\Attachment',4213,'cv_files','Abo Shabo_Mahmoud_CV_with_References','Abo-Shabo_Mahmoud_CV_with_References.pdf','application/pdf','public',1595269,'[]','[]','[]',4635,'2020-04-15 03:33:24','2020-04-15 03:33:24'),(5132,'App\\Models\\Attachment',4222,'cv_files','Abu baker 2020_V6','Abu-baker-2020_V6.pdf','application/pdf','public',221799,'[]','[]','[]',4645,'2020-04-15 03:52:07','2020-04-15 03:52:07'),(5133,'App\\Models\\Attachment',4223,'cv_files','Curriculum Vitae-LATEST','Curriculum-Vitae-LATEST.pdf','application/pdf','public',88033,'[]','[]','[]',4646,'2020-04-15 03:53:02','2020-04-15 03:53:02'),(5134,'App\\Models\\Attachment',4224,'cv_files','CV_NassimDEKKAR','CV_NassimDEKKAR.pdf','application/pdf','public',354074,'[]','[]','[]',4647,'2020-04-15 03:53:25','2020-04-15 03:53:25'),(5137,'App\\Models\\Attachment',4225,'cv_files','JMK CV IMMAP','JMK-CV-IMMAP.pdf','application/pdf','public',137739,'[]','[]','[]',4650,'2020-04-15 03:55:35','2020-04-15 03:55:35'),(5147,'App\\Models\\Attachment',4234,'cv_files','Usman Abdullahi C.V.','Usman-Abdullahi-C.V..pdf','application/pdf','public',155511,'[]','[]','[]',4660,'2020-04-15 04:42:00','2020-04-15 04:42:00'),(5148,'App\\Models\\Attachment',4235,'cv_files','Ehab_Ghassan cv-1','Ehab_Ghassan-cv-1.pdf','application/pdf','public',126309,'[]','[]','[]',4661,'2020-04-15 04:42:20','2020-04-15 04:42:20'),(5150,'App\\Models\\Attachment',4236,'cv_files','CV - Masood Ali Shaikh','CV---Masood-Ali-Shaikh.pdf','application/pdf','public',416680,'[]','[]','[]',4663,'2020-04-15 04:49:21','2020-04-15 04:49:21'),(5154,'App\\Models\\Attachment',4237,'cv_files','Resume Nizar Abid','Resume-Nizar-Abid.pdf','application/pdf','public',233540,'[]','[]','[]',4667,'2020-04-15 05:37:40','2020-04-15 05:37:40'),(5157,'App\\Models\\Attachment',4240,'cv_files','Chibuzor_ CV','Chibuzor_-CV.pdf','application/pdf','public',152367,'[]','[]','[]',4670,'2020-04-15 06:11:12','2020-04-15 06:11:12'),(5159,'App\\Models\\Attachment',4241,'cv_files','Sekinat Onilenla CV','Sekinat-Onilenla-CV.pdf','application/pdf','public',268302,'[]','[]','[]',4672,'2020-04-15 06:44:24','2020-04-15 06:44:24'),(5161,'App\\Models\\Attachment',4242,'cv_files','CV_Simon_Logoye_summarized_05.08.2019','CV_Simon_Logoye_summarized_05.08.2019.pdf','application/pdf','public',262571,'[]','[]','[]',4674,'2020-04-15 07:18:59','2020-04-15 07:18:59'),(5162,'App\\Models\\Attachment',4243,'cv_files','Randa_Snobar(CV)_-_Updated.doc','Randa_Snobar(CV)_-_Updated.doc.pdf','application/pdf','public',53421,'[]','[]','[]',4675,'2020-04-15 07:23:06','2020-04-15 07:23:06'),(5168,'App\\Models\\Attachment',4246,'cv_files','CV- Daniel Desalegn Melese','CV--Daniel-Desalegn-Melese.pdf','application/pdf','public',209058,'[]','[]','[]',4680,'2020-04-15 07:29:26','2020-04-15 07:29:26'),(5175,'App\\Models\\Attachment',4251,'cv_files','Ruaa_Al Ani iMMAP CV','Ruaa_Al-Ani-iMMAP-CV.pdf','application/pdf','public',183678,'[]','[]','[]',4686,'2020-04-15 08:27:27','2020-04-15 08:27:27'),(5176,'App\\Models\\Attachment',4252,'cv_files','CV ngela Hurtado 2019','CV-ngela-Hurtado-2019.pdf','application/pdf','public',198565,'[]','[]','[]',4687,'2020-04-15 08:43:21','2020-04-15 08:43:21'),(5177,'App\\Models\\Attachment',4253,'cv_files','Robert Ikenna Ilechukwu','Robert-Ikenna-Ilechukwu.pdf','application/pdf','public',406261,'[]','[]','[]',4688,'2020-04-15 08:48:27','2020-04-15 08:48:27'),(5182,'App\\Models\\Attachment',4257,'diploma_files',' ','-.pdf','application/pdf','public',677475,'[]','[]','[]',4693,'2020-04-15 10:05:25','2020-04-15 10:05:25'),(5184,'App\\Models\\Attachment',4259,'diploma_files',' ','-.pdf','application/pdf','public',677475,'[]','[]','[]',4695,'2020-04-15 10:07:41','2020-04-15 10:07:41'),(5185,'App\\Models\\Attachment',4260,'diploma_files',' ','-.pdf','application/pdf','public',677475,'[]','[]','[]',4696,'2020-04-15 10:09:11','2020-04-15 10:09:11'),(5187,'App\\Models\\Attachment',4262,'cv_files','ZeeshanAhmed','ZeeshanAhmed.pdf','application/pdf','public',162332,'[]','[]','[]',4698,'2020-04-15 11:17:10','2020-04-15 11:17:10'),(5189,'App\\Models\\Attachment',4263,'diploma_files','DRR Diploma Certificate','DRR-Diploma-Certificate.pdf','application/pdf','public',364571,'[]','[]','[]',4700,'2020-04-15 11:25:16','2020-04-15 11:25:16'),(5190,'App\\Models\\Attachment',4264,'diploma_files','DRR Diploma Certificate_compressed','DRR-Diploma-Certificate_compressed.pdf','application/pdf','public',149136,'[]','[]','[]',4701,'2020-04-15 11:26:34','2020-04-15 11:26:34'),(5194,'App\\Models\\Attachment',4268,'cv_files','DAGUNDURO TEMITOPE OLAYINKA CV 5','DAGUNDURO-TEMITOPE-OLAYINKA-CV-5.pdf','application/pdf','public',143841,'[]','[]','[]',4705,'2020-04-15 13:29:09','2020-04-15 13:29:09'),(5196,'App\\Models\\Attachment',4269,'cv_files','CV_NPS_english2020','CV_NPS_english2020.pdf','application/pdf','public',337794,'[]','[]','[]',4707,'2020-04-15 13:42:22','2020-04-15 13:42:22'),(5200,'App\\Models\\Attachment',4272,'cv_files','CV_GLVB_FINAL','CV_GLVB_FINAL.pdf','application/pdf','public',198760,'[]','[]','[]',4710,'2020-04-15 16:13:34','2020-04-15 16:13:34'),(5202,'App\\Models\\Attachment',4274,'cv_files','FRANK\'S RESUME','FRANK\'S-RESUME.pdf','application/pdf','public',75048,'[]','[]','[]',4712,'2020-04-15 17:21:40','2020-04-15 17:21:40'),(5204,'App\\Models\\Attachment',4275,'cv_files','Ousseni Kinda CV Final','Ousseni-Kinda-CV-Final.pdf','application/pdf','public',358721,'[]','[]','[]',4714,'2020-04-15 17:49:36','2020-04-15 17:49:36'),(5205,'App\\Models\\Attachment',4276,'cv_files','Civeon Bazebosso N\'silulu CV2020-1','Civeon-Bazebosso-N\'silulu-CV2020-1.pdf','application/pdf','public',107062,'[]','[]','[]',4715,'2020-04-15 22:39:27','2020-04-15 22:39:27'),(5206,'App\\Models\\Attachment',4277,'cv_files','Julio Gerges - Curriculum Vitae','Julio-Gerges---Curriculum-Vitae.pdf','application/pdf','public',312813,'[]','[]','[]',4716,'2020-04-15 22:57:17','2020-04-15 22:57:17'),(5210,'App\\Models\\Attachment',4278,'certificate_files','First Certificat','First-Certificat.pdf','application/pdf','public',562813,'[]','[]','[]',4718,'2020-04-15 23:09:28','2020-04-15 23:09:28'),(5214,'App\\Models\\Attachment',4282,'certificate_files','Civeon Bazebosso-IMPACT','Civeon-Bazebosso-IMPACT.pdf','application/pdf','public',1958666,'[]','[]','[]',4722,'2020-04-16 00:28:53','2020-04-16 00:28:53'),(5217,'App\\Models\\Attachment',4284,'cv_files','damiano_scanferla_cv','damiano_scanferla_cv.pdf','application/pdf','public',403744,'[]','[]','[]',4725,'2020-04-16 01:41:23','2020-04-16 01:41:23'),(5220,'App\\Models\\Attachment',4287,'cv_files','Profile - Pito Jayalangkara','Profile---Pito-Jayalangkara.pdf','application/pdf','public',42903,'[]','[]','[]',4726,'2020-04-16 03:35:34','2020-04-16 03:35:34'),(5242,'App\\Models\\Attachment',4299,'cv_files','CV_EDOU','CV_EDOU.pdf','application/pdf','public',405419,'[]','[]','[]',4740,'2020-04-16 07:31:20','2020-04-16 07:31:20'),(5245,'App\\Models\\Attachment',4300,'cv_files','CV ELIE NSIMBA NGEMBO_SIG_ENA_RDC.16.04.2020','CV-ELIE-NSIMBA-NGEMBO_SIG_ENA_RDC.16.04.2020.pdf','application/pdf','public',573503,'[]','[]','[]',4743,'2020-04-16 07:54:44','2020-04-16 07:54:44'),(5250,'App\\Models\\Attachment',4304,'cv_files','Abdullah Alismail CV Final','Abdullah-Alismail-CV-Final.pdf','application/pdf','public',553054,'[]','[]','[]',4748,'2020-04-16 08:52:35','2020-04-16 08:52:35'),(5251,'App\\Models\\Attachment',4305,'publication_files','  ','--.pdf','application/pdf','public',71064,'[]','[]','[]',4749,'2020-04-16 08:53:45','2020-04-16 08:53:45'),(5252,'App\\Models\\Attachment',4306,'publication_files','Ali Alsayani UNMHA ID','Ali-Alsayani-UNMHA-ID.pdf','application/pdf','public',47343,'[]','[]','[]',4750,'2020-04-16 08:56:51','2020-04-16 08:56:51'),(5253,'App\\Models\\Attachment',4307,'cv_files','neilthomsonCV- EOD-2020','neilthomsonCV--EOD-2020.pdf','application/pdf','public',894812,'[]','[]','[]',4751,'2020-04-16 08:57:16','2020-04-16 08:57:16'),(5255,'App\\Models\\Attachment',4309,'cv_files','cv20','cv20.pdf','application/pdf','public',1862887,'[]','[]','[]',4752,'2020-04-16 09:09:41','2020-04-16 09:09:41'),(5263,'App\\Models\\Attachment',4311,'cv_files','Ammar','Ammar.pdf','application/pdf','public',157628,'[]','[]','[]',4755,'2020-04-16 11:31:46','2020-04-16 11:31:46'),(5265,'App\\Models\\Attachment',4313,'diploma_files','00000001 (3)','00000001-(3).jpg','image/jpeg','public',1471687,'[]','{\"generated_conversions\": {\"thumb\": true, \"p11-thumb\": true}}','[]',4757,'2020-04-16 13:38:55','2020-04-16 13:38:56'),(5272,'App\\Models\\Attachment',4319,'cv_files','Faizan Yousaf','Faizan-Yousaf.pdf','application/pdf','public',93749,'[]','[]','[]',4764,'2020-04-16 14:47:59','2020-04-16 14:47:59'),(5273,'App\\Models\\Attachment',4320,'cv_files','RomanCline_Curriculum_December2019','RomanCline_Curriculum_December2019.pdf','application/pdf','public',252515,'[]','[]','[]',4765,'2020-04-16 16:04:54','2020-04-16 16:04:54'),(5278,'App\\Models\\Attachment',4321,'cv_files','How To Install Linux, Nginx, MySQL, PHP (LEMP stack) on Ubuntu 18.04 _ DigitalOcean','How-To-Install-Linux,-Nginx,-MySQL,-PHP-(LEMP-stack)-on-Ubuntu-18.04-_-DigitalOcean.pdf','application/pdf','public',770467,'[]','[]','[]',4768,'2020-04-21 02:44:54','2020-04-21 02:44:54'),(5279,'App\\Models\\Attachment',4322,'cv_files','ASDC Stats','ASDC-Stats.pdf','application/pdf','public',158681,'[]','[]','[]',4769,'2020-04-21 07:30:01','2020-04-21 07:30:01'),(5280,'App\\Models\\Attachment',4323,'diploma_files','How To Install Linux, Nginx, MySQL, PHP (LEMP stack) on Ubuntu 18.04 _ DigitalOcean','How-To-Install-Linux,-Nginx,-MySQL,-PHP-(LEMP-stack)-on-Ubuntu-18.04-_-DigitalOcean.pdf','application/pdf','public',770467,'[]','[]','[]',4770,'2020-04-21 23:56:41','2020-04-21 23:56:41'),(5289,'App\\Models\\Attachment',4330,'job_interview_files','IM-Test-Dataset-File','IM-Test-Dataset-File.pdf','application/pdf','public',8938,'[]','[]','[]',4777,'2020-04-28 01:14:21','2020-04-28 01:14:21'),(5290,'App\\Models\\Attachment',4331,'job_interview_files','IM-Test-Dataset-File','IM-Test-Dataset-File.pdf','application/pdf','public',8938,'[]','[]','[]',4778,'2020-04-28 01:14:37','2020-04-28 01:14:37'),(5292,'App\\Models\\Attachment',4333,'repository','Administration Policy 1','Administration-Policy-1.pdf','application/pdf','public',27594,'[]','[]','[]',4780,'2020-04-29 06:53:49','2020-04-29 06:53:49'),(5293,'App\\Models\\Attachment',4334,'repository','Administration Policy 2','Administration-Policy-2.pdf','application/pdf','public',27624,'[]','[]','[]',4781,'2020-04-29 06:54:13','2020-04-29 06:54:13'),(5294,'App\\Models\\Attachment',4335,'repository','Administration Policy 2','Administration-Policy-2.pdf','application/pdf','public',27624,'[]','[]','[]',4782,'2020-04-29 06:54:23','2020-04-29 06:54:23'),(5296,'App\\Models\\Attachment',4337,'repository','HR Policy','HR-Policy.pdf','application/pdf','public',27704,'[]','[]','[]',4784,'2020-04-29 20:58:22','2020-04-29 20:58:22'),(5297,'App\\Models\\Attachment',4338,'job_interview_files','dummy','dummy.pdf','application/pdf','public',13264,'[]','[]','[]',4785,'2020-04-29 21:17:29','2020-04-29 21:17:29'),(5298,'App\\Models\\Attachment',4339,'repository','HR Policy','HR-Policy.pdf','application/pdf','public',27704,'[]','[]','[]',4786,'2020-04-30 01:06:16','2020-04-30 01:06:16'),(5299,'App\\Models\\Attachment',4340,'repository','2019 iMMAP Holiday Schedule_HQ (2)','2019-iMMAP-Holiday-Schedule_HQ-(2).pdf','application/pdf','public',172089,'[]','[]','[]',4787,'2020-04-30 07:34:53','2020-04-30 07:34:53'),(5300,'App\\Models\\Attachment',4341,'repository','2019 iMMAP Holiday Schedule_HQ (2)','2019-iMMAP-Holiday-Schedule_HQ-(2).pdf','application/pdf','public',172089,'[]','[]','[]',4788,'2020-04-30 07:35:07','2020-04-30 07:35:07'),(5301,'App\\Models\\Attachment',4342,'repository','2020 iMMAP Holiday Schedule_Washington DC SIGNED','2020-iMMAP-Holiday-Schedule_Washington-DC-SIGNED.pdf','application/pdf','public',112417,'[]','[]','[]',4789,'2020-04-30 07:45:46','2020-04-30 07:45:46'),(5302,'App\\Models\\Attachment',4343,'repository','2020 iMMAP Holiday Schedule_Washington DC SIGNED','2020-iMMAP-Holiday-Schedule_Washington-DC-SIGNED.pdf','application/pdf','public',112417,'[]','[]','[]',4790,'2020-04-30 07:47:04','2020-04-30 07:47:04'),(5303,'App\\Models\\Attachment',4344,'repository','IM-Test-Dataset-File','IM-Test-Dataset-File.pdf','application/pdf','public',8938,'[]','[]','[]',4791,'2020-04-30 07:47:43','2020-04-30 07:47:43'),(5304,'App\\Models\\Attachment',4345,'repository','IM-Test-Dataset-File-2 (1)','IM-Test-Dataset-File-2-(1).pdf','application/pdf','public',9104,'[]','[]','[]',4792,'2020-04-30 07:47:43','2020-04-30 07:47:43'),(5305,'App\\Models\\Attachment',4346,'repository','IM-Test-Dataset-File (1)','IM-Test-Dataset-File-(1).pdf','application/pdf','public',8938,'[]','[]','[]',4792,'2020-04-30 07:47:43','2020-04-30 07:47:43'),(5306,'App\\Models\\Attachment',4347,'repository','IM-Test-Dataset-File-2','IM-Test-Dataset-File-2.pdf','application/pdf','public',9104,'[]','[]','[]',4793,'2020-04-30 07:47:44','2020-04-30 07:47:44'),(5307,'App\\Models\\Attachment',4348,'repository','UN-P11','UN-P11.pdf','application/pdf','public',568491,'[]','[]','[]',4794,'2020-04-30 07:55:22','2020-04-30 07:55:22'),(5308,'App\\Models\\Attachment',4349,'repository','2020 iMMAP Holiday Schedule_Washington DC SIGNED','2020-iMMAP-Holiday-Schedule_Washington-DC-SIGNED.pdf','application/pdf','public',112417,'[]','[]','[]',4795,'2020-04-30 07:55:23','2020-04-30 07:55:23'),(5309,'App\\Models\\Attachment',4350,'repository','toyota-voxy','toyota-voxy.pdf','application/pdf','public',10255582,'[]','[]','[]',4796,'2020-04-30 20:03:04','2020-04-30 20:03:04'),(5310,'App\\Models\\Attachment',4351,'repository','5_6113665145882280078','5_6113665145882280078.pdf','application/pdf','public',235592,'[]','[]','[]',4797,'2020-04-30 21:11:27','2020-04-30 21:11:27'),(5311,'App\\Models\\Attachment',4352,'repository','177052-ID-studi-pembuatan-bahan-alternatif-plastik','177052-ID-studi-pembuatan-bahan-alternatif-plastik.pdf','application/pdf','public',332425,'[]','[]','[]',4798,'2020-04-30 21:11:27','2020-04-30 21:11:27'),(5312,'App\\Models\\Attachment',4353,'repository','Belajar Laravel Untuk Pemula(1)','Belajar-Laravel-Untuk-Pemula(1).pdf','application/pdf','public',1140003,'[]','[]','[]',4799,'2020-04-30 21:13:21','2020-04-30 21:13:21'),(5313,'App\\Models\\Attachment',4354,'repository','asxs','asxs.pdf','application/pdf','public',27677,'[]','[]','[]',4800,'2020-04-30 21:14:29','2020-04-30 21:14:29'),(5314,'App\\Models\\Attachment',4355,'repository','asxs','asxs.pdf','application/pdf','public',27677,'[]','[]','[]',4801,'2020-04-30 21:14:44','2020-04-30 21:14:44'),(5317,'App\\Models\\Attachment',4356,'repository','Questionnaire (Pre-HEAT)','Questionnaire-(Pre-HEAT).pdf','application/pdf','public',98615,'[]','[]','[]',4803,'2020-05-04 07:23:47','2020-05-04 07:23:47'),(5318,'App\\Models\\Attachment',4357,'repository','Front End Developer HR Platform TOR - 2020','Front-End-Developer-HR-Platform-TOR---2020.pdf','application/pdf','public',145628,'[]','[]','[]',4804,'2020-05-04 07:23:47','2020-05-04 07:23:47'),(5319,'App\\Models\\Attachment',4358,'repository','iMMAP ID Card','iMMAP-ID-Card.pdf','application/pdf','public',363941,'[]','[]','[]',4805,'2020-05-04 07:23:47','2020-05-04 07:23:47'),(5320,'App\\Models\\Attachment',4359,'repository','Document CIC Telephone signs','Document-CIC-Telephone-signs.pdf','application/pdf','public',709608,'[]','[]','[]',4806,'2020-05-04 07:23:47','2020-05-04 07:23:47'),(5321,'App\\Models\\Attachment',4360,'repository','HR Policy','HR-Policy.pdf','application/pdf','public',27704,'[]','[]','[]',4807,'2020-05-06 00:37:51','2020-05-06 00:37:51'),(5322,'App\\Models\\Attachment',4361,'repository','HR Policy','HR-Policy.pdf','application/pdf','public',27704,'[]','[]','[]',4808,'2020-05-06 00:38:19','2020-05-06 00:38:19'),(5323,'App\\Models\\Attachment',4362,'repository','How To Install Node.js on Ubuntu 18.04 _ DigitalOcean','How-To-Install-Node.js-on-Ubuntu-18.04-_-DigitalOcean.pdf','application/pdf','public',1646868,'[]','[]','[]',4809,'2020-05-06 23:28:33','2020-05-06 23:28:33'),(5325,'App\\Models\\Attachment',4363,'repository','draft document','draft-document.pdf','application/pdf','public',27959,'[]','[]','[]',4811,'2020-05-07 21:34:33','2020-05-07 21:34:33'),(5336,'App\\Models\\Profile',2063,'photos','logo','logo.png','image/png','public',23860,'[]','{\"generated_conversions\": {\"thumb\": true, \"p11-thumb\": true}}','[]',4816,'2020-05-12 21:15:21','2020-05-12 21:15:21'),(5337,'App\\Models\\Attachment',4364,'cv_files','cv','cv.pdf','application/pdf','public',42373,'[]','[]','[]',4817,'2020-05-12 21:15:31','2020-05-12 21:15:31'),(5341,'App\\Models\\Attachment',4365,'cv_files','cv','cv.pdf','application/pdf','public',42373,'[]','[]','[]',4821,'2020-05-18 21:46:49','2020-05-18 21:46:49'),(5342,'App\\Models\\Profile',2064,'photos','4975e9a5-f2ed-4619-989d-1f7082c7b760_200x200','4975e9a5-f2ed-4619-989d-1f7082c7b760_200x200.png','image/png','public',8982,'[]','{\"generated_conversions\": {\"thumb\": true, \"p11-thumb\": true}}','[]',4822,'2020-05-18 21:47:12','2020-05-18 21:47:12'),(5343,'App\\Models\\Attachment',4366,'cv_files','Analytics report_2_2019 (Executive Summary)','Analytics-report_2_2019-(Executive-Summary).pdf','application/pdf','public',306728,'[]','[]','[]',4823,'2020-06-16 01:29:27','2020-06-16 01:29:27'),(5344,'App\\Models\\Attachment',4367,'job_interview_files','Sertifikat DevC Medan-converted','Sertifikat-DevC-Medan-converted.pdf','application/pdf','public',1408480,'[]','[]','[]',4824,'2020-06-17 20:52:42','2020-06-17 20:52:42'),(5346,'App\\Models\\Attachment',4368,'cover_letter','document','document.pdf','application/pdf','public',16637,'[]','[]','[]',4826,'2020-06-24 02:57:06','2020-06-24 02:57:06'),(5348,'App\\Models\\Attachment',4369,'repository','Louis Le Sager','Louis-Le-Sager.pdf','application/pdf','public',28303,'[]','[]','[]',4828,'2020-06-24 05:54:26','2020-06-24 05:54:26'),(5350,'App\\Models\\Attachment',4371,'job_interview_files','Manager Guide','Manager-Guide.pdf','application/pdf','public',2789256,'[]','[]','[]',4829,'2020-07-08 05:24:50','2020-07-08 05:24:50'),(5352,'App\\Models\\Attachment',4372,'portfolios','Screen Shot 2020-06-08 at 13.51.34','Screen-Shot-2020-06-08-at-13.51.34.png','image/png','public',267558,'[]','{\"generated_conversions\": {\"thumb\": true, \"p11-thumb\": true}}','[]',4831,'2020-07-19 22:33:30','2020-07-19 22:33:30'),(5353,'App\\Models\\Attachment',4373,'cover_letter','3iSolution Careers_ Working plan 0720 (2)','iMMAP-Careers_-Working-plan-0720-(2).pdf','application/pdf','public',138052,'[]','[]','[]',4832,'2020-07-23 00:21:14','2020-07-23 00:21:14'),(5354,'App\\Models\\Attachment',4374,'cover_letter','11-05-2020-declaration-de-deplacement-fr','11-05-2020-declaration-de-deplacement-fr.pdf','application/pdf','public',76477,'[]','[]','[]',4833,'2020-07-23 00:28:53','2020-07-23 00:28:53'),(5355,'App\\Models\\Attachment',4375,'cover_letter','Twilio-SendGrid-API-Plan-Comparison','Twilio-SendGrid-API-Plan-Comparison.pdf','application/pdf','public',176455,'[]','[]','[]',4834,'2020-07-23 01:33:33','2020-07-23 01:33:33'),(5356,'App\\Models\\Attachment',4376,'cv_files','dummy','dummy.pdf','application/pdf','public',13264,'[]','[]','[]',4835,'2020-07-23 01:39:07','2020-07-23 01:39:07'),(5357,'App\\Models\\Attachment',4377,'cover_letter','dummy','dummy.pdf','application/pdf','public',13264,'[]','[]','[]',4836,'2020-07-23 01:39:57','2020-07-23 01:39:57'),(5358,'App\\Models\\Attachment',4378,'cover_letter','177052-ID-studi-pembuatan-bahan-alternatif-plastik','177052-ID-studi-pembuatan-bahan-alternatif-plastik.pdf','application/pdf','public',332425,'[]','[]','[]',4837,'2020-07-23 01:48:39','2020-07-23 01:48:39'),(5359,'App\\Models\\Attachment',4379,'cover_letter','177052-ID-studi-pembuatan-bahan-alternatif-plastik','177052-ID-studi-pembuatan-bahan-alternatif-plastik.pdf','application/pdf','public',332425,'[]','[]','[]',4838,'2020-07-23 01:48:41','2020-07-23 01:48:41'),(5360,'App\\Models\\Attachment',4380,'cover_letter','3iSolution Careers_ Working plan 0720','iMMAP-Careers_-Working-plan-0720.pdf','application/pdf','public',138817,'[]','[]','[]',4839,'2020-07-23 03:07:03','2020-07-23 03:07:03'),(5361,'App\\Models\\Attachment',4381,'repository','Document Name','Document-Name.pdf','application/pdf','public',30879,'[]','[]','[]',4840,'2020-07-28 21:30:09','2020-07-28 21:30:09'),(5395,'App\\Models\\Roster\\ProfileRosterProcess',1099,'recruitment-roster-interview-report','1099-interview-roster','1099-interview-roster.pdf','application/pdf','public',32801,'[]','[]','[]',4847,'2022-07-07 05:05:12','2022-07-07 05:05:12'),(5396,'App\\Models\\Attachment',4382,'cv_files','DS2206060005','DS2206060005.pdf','application/pdf','public',519163,'[]','[]','[]',4848,'2022-07-11 05:10:45','2022-07-11 05:10:45'),(5400,'App\\Models\\Attachment',4383,'cv_files','Resume - Jul','Resume---Jul.pdf','application/pdf','public',58484,'[]','[]','[]',4850,'2022-08-17 02:24:30','2022-08-17 02:24:30'),(5403,'App\\Models\\Profile',2069,'photos','icon512','icon512.png','image/png','public',3131,'[]','{\"generated_conversions\":{\"thumb\":true,\"p11-thumb\":true}}','[]',4852,'2022-08-22 14:02:32','2022-08-22 14:02:32'),(5432,'App\\Models\\Attachment',4384,'p11_references','A Web-Based Mapping Service Like Google Maps','A-Web-Based-Mapping-Service-Like-Google-Maps.pdf','application/pdf','public',826310,'[]','[]','[]',4854,'2022-09-12 03:25:57','2022-09-12 03:25:57'),(5433,'App\\Models\\Attachment',4385,'p11_references','A Web-Based Mapping Service Like Google Maps','A-Web-Based-Mapping-Service-Like-Google-Maps.pdf','application/pdf','public',826310,'[]','[]','[]',4855,'2022-09-12 03:34:47','2022-09-12 03:34:47'),(5434,'App\\Models\\Attachment',4386,'p11_references','A Web-Based Mapping Service Like Google Maps','A-Web-Based-Mapping-Service-Like-Google-Maps.pdf','application/pdf','public',826310,'[]','[]','[]',4856,'2022-09-12 03:47:35','2022-09-12 03:47:35'),(5435,'App\\Models\\Attachment',4387,'p11_references','A Web-Based Mapping Service Like Google Maps','A-Web-Based-Mapping-Service-Like-Google-Maps.pdf','application/pdf','public',826310,'[]','[]','[]',4857,'2022-09-12 03:50:48','2022-09-12 03:50:48'),(5436,'App\\Models\\Attachment',4388,'p11_references','A Web-Based Mapping Service Like Google Maps','A-Web-Based-Mapping-Service-Like-Google-Maps.pdf','application/pdf','public',826310,'[]','[]','[]',4858,'2022-09-12 03:51:50','2022-09-12 03:51:50'),(5437,'App\\Models\\Attachment',4389,'p11_references','A Web-Based Mapping Service Like Google Maps','A-Web-Based-Mapping-Service-Like-Google-Maps.pdf','application/pdf','public',826310,'[]','[]','[]',4859,'2022-09-12 06:08:28','2022-09-12 06:08:28'),(5438,'App\\Models\\Attachment',4390,'p11_references','A Web-Based Mapping Service Like Google Maps','A-Web-Based-Mapping-Service-Like-Google-Maps.pdf','application/pdf','public',826310,'[]','[]','[]',4860,'2022-09-13 01:40:50','2022-09-13 01:40:50'),(5439,'App\\Models\\Attachment',4391,'p11_references','A Web-Based Mapping Service Like Google Maps','A-Web-Based-Mapping-Service-Like-Google-Maps.pdf','application/pdf','public',826310,'[]','[]','[]',4861,'2022-09-13 06:07:50','2022-09-13 06:07:50'),(5440,'App\\Models\\Attachment',4392,'p11_references','A Web-Based Mapping Service Like Google Maps','A-Web-Based-Mapping-Service-Like-Google-Maps.pdf','application/pdf','public',826310,'[]','[]','[]',4862,'2022-09-13 06:08:41','2022-09-13 06:08:41'),(5441,'App\\Models\\Attachment',4393,'p11_references','A Web-Based Mapping Service Like Google Maps','A-Web-Based-Mapping-Service-Like-Google-Maps.pdf','application/pdf','public',826310,'[]','[]','[]',4863,'2022-09-13 18:04:36','2022-09-13 18:04:36'),(5443,'App\\Models\\HR\\HRToR',15,'tor_pdf','ToR-15-tor-for-job-with-cover-letter-France','ToR-15-tor-for-job-with-cover-letter-France.pdf','application/pdf','public',40129,'[]','[]','[]',4865,'2022-09-20 03:44:17','2022-09-20 03:44:17'),(5444,'App\\Models\\HR\\HRToR',15,'tor_word','ToR-15-tor-for-job-with-cover-letter-France','ToR-15-tor-for-job-with-cover-letter-France.doc','text/html','public',13472,'[]','[]','[]',4866,'2022-09-20 03:44:17','2022-09-20 03:44:17'),(5453,'App\\Models\\Attachment',4394,'p11_references','Reference-2211','Reference-2211.doc','text/html','public',19442,'[]','[]','[]',4868,'2022-09-20 06:16:14','2022-09-20 06:16:14'),(5454,'App\\Models\\Attachment',4395,'p11_references','Reference-2211 (2)','Reference-2211-(2).doc','text/html','public',19442,'[]','[]','[]',4869,'2022-09-20 07:21:10','2022-09-20 07:21:10'),(5483,'App\\Models\\Attachment',4400,'p11_references','Reference-Adityo-title','Reference-Adityo-title.docx','application/vnd.openxmlformats-officedocument.wordprocessingml.document','public',26913,'[]','[]','[]',4871,'2022-10-17 03:29:09','2022-10-17 03:29:09'),(5484,'App\\Models\\P11\\P11Reference',2217,'reference_file2217SBP IM Roster','Reference-roula moussa-SBP IM Roster','Reference-roula-moussa-SBP-IM-Roster.docx','application/vnd.openxmlformats-officedocument.wordprocessingml.document','public',26929,'[]','[]','[]',4872,'2022-10-17 03:29:40','2022-10-17 03:29:40'),(5485,'App\\Models\\Attachment',4401,'p11_references','Reference-roula-moussa-SBP-IM-Roster','Reference-roula-moussa-SBP-IM-Roster.docx','application/vnd.openxmlformats-officedocument.wordprocessingml.document','public',26929,'[]','[]','[]',4873,'2022-10-17 03:30:18','2022-10-17 03:30:18'),(5486,'App\\Models\\Attachment',4402,'p11_references','9782409022722','9782409022722.pdf','application/pdf','public',1446456,'[]','[]','[]',4874,'2022-10-20 01:46:01','2022-10-20 01:46:01'),(5487,'App\\Models\\Attachment',4403,'p11_references','9782409022722','9782409022722.pdf','application/pdf','public',1446456,'[]','[]','[]',4875,'2022-10-20 01:47:07','2022-10-20 01:47:07'),(5488,'App\\Models\\Attachment',4404,'p11_references','9782409022722','9782409022722.pdf','application/pdf','public',1446456,'[]','[]','[]',4876,'2022-10-20 01:48:04','2022-10-20 01:48:04'),(5489,'App\\Models\\Attachment',4405,'p11_references','9782409022722','9782409022722.pdf','application/pdf','public',1446456,'[]','[]','[]',4877,'2022-10-20 01:50:49','2022-10-20 01:50:49'),(5490,'App\\Models\\Attachment',4406,'p11_references','9782409022722','9782409022722.pdf','application/pdf','public',1446456,'[]','[]','[]',4878,'2022-10-20 01:53:34','2022-10-20 01:53:34'),(5491,'App\\Models\\Attachment',4407,'p11_references','9782409022722','9782409022722.pdf','application/pdf','public',1446456,'[]','[]','[]',4879,'2022-10-20 04:10:56','2022-10-20 04:10:56'),(5492,'App\\Models\\Attachment',4408,'p11_references','9782409022722','9782409022722.pdf','application/pdf','public',1446456,'[]','[]','[]',4880,'2022-10-20 04:14:58','2022-10-20 04:14:58'),(5493,'App\\Models\\Attachment',4409,'p11_references','9782409022722','9782409022722.pdf','application/pdf','public',1446456,'[]','[]','[]',4881,'2022-10-20 04:17:38','2022-10-20 04:17:38'),(5494,'App\\Models\\Attachment',4410,'p11_references','9782409022722','9782409022722.pdf','application/pdf','public',1446456,'[]','[]','[]',4882,'2022-10-20 04:18:10','2022-10-20 04:18:10'),(5495,'App\\Models\\Attachment',4411,'p11_references','9782409022722','9782409022722.pdf','application/pdf','public',1446456,'[]','[]','[]',4883,'2022-10-20 04:18:34','2022-10-20 04:18:34'),(5496,'App\\Models\\Attachment',4412,'p11_references','9782409022722','9782409022722.pdf','application/pdf','public',1446456,'[]','[]','[]',4884,'2022-10-20 04:20:49','2022-10-20 04:20:49'),(5497,'App\\Models\\Attachment',4413,'p11_references','9782409022722','9782409022722.pdf','application/pdf','public',1446456,'[]','[]','[]',4885,'2022-10-20 04:22:08','2022-10-20 04:22:08'),(5498,'App\\Models\\Attachment',4414,'p11_references','9782409022722','9782409022722.pdf','application/pdf','public',1446456,'[]','[]','[]',4886,'2022-10-20 04:22:57','2022-10-20 04:22:57'),(5499,'App\\Models\\Attachment',4415,'p11_references','9782409022722','9782409022722.pdf','application/pdf','public',1446456,'[]','[]','[]',4887,'2022-10-20 04:29:15','2022-10-20 04:29:15'),(5500,'App\\Models\\ReferenceHistory',1,'reference_file5title','Reference-Adityo-title','Reference-Adityo-title.docx','application/vnd.openxmlformats-officedocument.wordprocessingml.document','public',26913,'[]','[]','[]',4888,'2022-10-25 03:17:54','2022-10-25 03:17:54'),(5501,'App\\Models\\ReferenceHistory',2,'reference_file5title','Reference-Adityo-title','Reference-Adityo-title.docx','application/vnd.openxmlformats-officedocument.wordprocessingml.document','public',26913,'[]','[]','[]',4889,'2022-10-25 03:20:47','2022-10-25 03:20:47'),(5502,'App\\Models\\ReferenceHistory',3,'reference_file5title','Reference-Adityo-title','Reference-Adityo-title.docx','application/vnd.openxmlformats-officedocument.wordprocessingml.document','public',26913,'[]','[]','[]',4890,'2022-10-25 03:24:58','2022-10-25 03:24:58'),(5503,'App\\Models\\ReferenceHistory',4,'reference_file5title','Reference-Adityo-title','Reference-Adityo-title.docx','application/vnd.openxmlformats-officedocument.wordprocessingml.document','public',26913,'[]','[]','[]',4891,'2022-10-25 03:25:43','2022-10-25 03:25:43'),(5504,'App\\Models\\ReferenceHistory',5,'reference_file5title','Reference-Adityo-title','Reference-Adityo-title.docx','application/vnd.openxmlformats-officedocument.wordprocessingml.document','public',26913,'[]','[]','[]',4892,'2022-10-25 03:26:54','2022-10-25 03:26:54'),(5505,'App\\Models\\Attachment',4416,'p11_references','Reference-roula-moussa-SBP-IM-Roster (1)','Reference-roula-moussa-SBP-IM-Roster-(1).docx','application/vnd.openxmlformats-officedocument.wordprocessingml.document','public',26929,'[]','[]','[]',4893,'2022-10-25 03:30:45','2022-10-25 03:30:45'),(5506,'App\\Models\\Attachment',4417,'p11_references','Reference-roula-moussa-SBP-IM-Roster (1)','Reference-roula-moussa-SBP-IM-Roster-(1).docx','application/vnd.openxmlformats-officedocument.wordprocessingml.document','public',26929,'[]','[]','[]',4894,'2022-10-25 03:32:01','2022-10-25 03:32:01'),(5507,'App\\Models\\Attachment',4418,'p11_references','Reference-roula-moussa-SBP-IM-Roster (1)','Reference-roula-moussa-SBP-IM-Roster-(1).docx','application/vnd.openxmlformats-officedocument.wordprocessingml.document','public',26929,'[]','[]','[]',4895,'2022-10-25 03:34:28','2022-10-25 03:34:28'),(5508,'App\\Models\\Attachment',4419,'p11_references','Reference-roula-moussa-SBP-IM-Roster (1)','Reference-roula-moussa-SBP-IM-Roster-(1).docx','application/vnd.openxmlformats-officedocument.wordprocessingml.document','public',26929,'[]','[]','[]',4896,'2022-10-25 03:35:15','2022-10-25 03:35:15'),(5509,'App\\Models\\Attachment',4420,'p11_references','Reference-roula-moussa-SBP-IM-Roster (1)','Reference-roula-moussa-SBP-IM-Roster-(1).docx','application/vnd.openxmlformats-officedocument.wordprocessingml.document','public',26929,'[]','[]','[]',4897,'2022-10-25 03:36:01','2022-10-25 03:36:01'),(5510,'App\\Models\\ReferenceHistory',6,'reference_file2217SBP IM Roster','Reference-roula moussa-SBP IM Roster','Reference-roula-moussa-SBP-IM-Roster.docx','application/vnd.openxmlformats-officedocument.wordprocessingml.document','public',26929,'[]','[]','[]',4898,'2022-10-25 04:14:35','2022-10-25 04:14:35'),(5511,'App\\Models\\Attachment',4421,'p11_references','Reference-roula-moussa-SBP-IM-Roster-(1)','Reference-roula-moussa-SBP-IM-Roster-(1).docx','application/vnd.openxmlformats-officedocument.wordprocessingml.document','public',26929,'[]','[]','[]',4899,'2022-10-25 04:15:11','2022-10-25 04:15:11'),(5512,'App\\Models\\ReferenceHistory',6,'reference_file2217SBP IM Roster','Reference-roula moussa-SBP IM Roster','Reference-roula-moussa-SBP-IM-Roster.docx','application/vnd.openxmlformats-officedocument.wordprocessingml.document','public',26929,'[]','[]','[]',4900,'2022-10-25 04:24:49','2022-10-25 04:24:49'),(5513,'App\\Models\\Attachment',4422,'p11_references','Reference-roula-moussa-SBP-IM-Roster (2)','Reference-roula-moussa-SBP-IM-Roster-(2).docx','application/vnd.openxmlformats-officedocument.wordprocessingml.document','public',26929,'[]','[]','[]',4901,'2022-10-25 04:26:16','2022-10-25 04:26:16'),(5514,'App\\Models\\ReferenceHistory',6,'reference_file2217SBP IM Roster','Reference-roula moussa-SBP IM Roster','Reference-roula-moussa-SBP-IM-Roster.docx','application/vnd.openxmlformats-officedocument.wordprocessingml.document','public',26929,'[]','[]','[]',4902,'2022-10-25 04:28:24','2022-10-25 04:28:24'),(5515,'App\\Models\\Attachment',4423,'p11_references','Reference-roula-moussa-SBP-IM-Roster (2)','Reference-roula-moussa-SBP-IM-Roster-(2).docx','application/vnd.openxmlformats-officedocument.wordprocessingml.document','public',26929,'[]','[]','[]',4903,'2022-10-25 04:29:03','2022-10-25 04:29:03'),(5516,'App\\Models\\ReferenceHistory',6,'reference_file2217SBP IM Roster','Reference-roula moussa-SBP IM Roster','Reference-roula-moussa-SBP-IM-Roster.docx','application/vnd.openxmlformats-officedocument.wordprocessingml.document','public',26929,'[]','[]','[]',4904,'2022-10-26 05:31:00','2022-10-26 05:31:00'),(5517,'App\\Models\\Attachment',4424,'p11_references','Reference-roula-moussa-SBP-IM-Roster (3)','Reference-roula-moussa-SBP-IM-Roster-(3).docx','application/vnd.openxmlformats-officedocument.wordprocessingml.document','public',26929,'[]','[]','[]',4905,'2022-10-26 05:31:39','2022-10-26 05:31:39'),(5518,'App\\Models\\Attachment',4425,'p11_references','Reference-roula-moussa-SBP-IM-Roster (3)','Reference-roula-moussa-SBP-IM-Roster-(3).docx','application/vnd.openxmlformats-officedocument.wordprocessingml.document','public',26929,'[]','[]','[]',4906,'2022-10-26 05:33:37','2022-10-26 05:33:37'),(5519,'App\\Models\\Attachment',4426,'p11_references','9789240028517-fre','9789240028517-fre.pdf','application/pdf','public',790008,'[]','[]','[]',4907,'2022-10-26 05:40:12','2022-10-26 05:40:12'),(5520,'App\\Models\\ReferenceHistory',7,'reference_file2217SBP IM Roster','Reference-roula moussa-SBP IM Roster','Reference-roula-moussa-SBP-IM-Roster.docx','application/vnd.openxmlformats-officedocument.wordprocessingml.document','public',26929,'[]','[]','[]',4908,'2022-10-26 05:51:53','2022-10-26 05:51:53'),(5521,'App\\Models\\Attachment',4427,'p11_references','Reference-roula-moussa-SBP-IM-Roster (3)','Reference-roula-moussa-SBP-IM-Roster-(3).docx','application/vnd.openxmlformats-officedocument.wordprocessingml.document','public',26929,'[]','[]','[]',4909,'2022-10-26 05:52:31','2022-10-26 05:52:31'),(5522,'App\\Models\\ReferenceHistory',8,'reference_file5title','Reference-Adityo-title','Reference-Adityo-title.docx','application/vnd.openxmlformats-officedocument.wordprocessingml.document','public',26913,'[]','[]','[]',4910,'2022-10-26 05:53:08','2022-10-26 05:53:08'),(5523,'App\\Models\\ReferenceHistory',9,'reference_file5title','Reference-Adityo-title','Reference-Adityo-title.docx','application/vnd.openxmlformats-officedocument.wordprocessingml.document','public',26913,'[]','[]','[]',4911,'2022-10-26 05:58:03','2022-10-26 05:58:03'),(5524,'App\\Models\\Attachment',4428,'p11_references','Reference-roula-moussa-SBP-IM-Roster (4)','Reference-roula-moussa-SBP-IM-Roster-(4).docx','application/vnd.openxmlformats-officedocument.wordprocessingml.document','public',26929,'[]','[]','[]',4912,'2022-10-26 06:03:12','2022-10-26 06:03:12'),(5525,'App\\Models\\Attachment',4429,'p11_references','caching (1)','caching-(1).pdf','application/pdf','public',162996,'[]','[]','[]',4913,'2022-10-26 06:05:03','2022-10-26 06:05:03'),(5526,'App\\Models\\ReferenceHistory',10,'reference_file2217SBP IM Roster','Reference-roula moussa-SBP IM Roster','Reference-roula-moussa-SBP-IM-Roster.docx','application/vnd.openxmlformats-officedocument.wordprocessingml.document','public',26929,'[]','[]','[]',4914,'2022-10-26 06:05:37','2022-10-26 06:05:37'),(5527,'App\\Models\\Attachment',4430,'p11_references','Reference-2211 (2)','Reference-2211-(2).doc','text/html','public',19442,'[]','[]','[]',4915,'2022-10-26 06:06:01','2022-10-26 06:06:01'),(5528,'App\\Models\\SecurityModule\\MRFRequest',1,'mrf_pdf','Travel-request-wirjno-29-11-2022','Travel-request-wirjno-29-11-2022.pdf','application/pdf','public',31920,'[]','[]','[]',4916,'2022-11-29 14:42:05','2022-11-29 14:42:05'),(5533,'App\\Models\\HR\\HRToR',41,'tor_pdf','ToR-41-the-job-Albania','ToR-41-the-job-Albania.pdf','application/pdf','s3',37553,'[]','[]','[]',4917,'2023-02-09 16:03:27','2023-02-09 16:03:27'),(5534,'App\\Models\\HR\\HRToR',41,'tor_word','ToR-41-the-job-Albania','ToR-41-the-job-Albania.doc','text/html','s3',9839,'[]','[]','[]',4918,'2023-02-09 16:03:31','2023-02-09 16:03:31'),(5535,'App\\Models\\ReferenceHistory',11,'reference_file5title','Reference-Adityo-title','Reference-Adityo-title.docx','application/vnd.openxmlformats-officedocument.wordprocessingml.document','s3',26913,'[]','[]','[]',4919,'2023-02-10 04:25:42','2023-02-10 04:25:42'),(5536,'App\\Models\\ReferenceHistory',11,'temporary_filesreference_file5title5535','Reference-Adityo-title','Reference-Adityo-title.docx','application/vnd.openxmlformats-officedocument.wordprocessingml.document','public',26913,'[]','[]','[]',4920,'2023-02-10 04:25:46','2023-02-10 04:25:46'),(5537,'App\\Models\\HR\\HRToR',41,'temporary_filestor_pdf5533','ToR-41-the-job-Albania','ToR-41-the-job-Albania.pdf','application/pdf','public',37553,'[]','[]','[]',4921,'2023-02-10 04:49:58','2023-02-10 04:49:58'),(5538,'App\\Models\\HR\\HRToR',42,'tor_pdf','ToR-42-sbp-job-Algeria','ToR-42-sbp-job-Algeria.pdf','application/pdf','s3',37508,'[]','[]','[]',4922,'2023-03-06 06:53:16','2023-03-06 06:53:16'),(5539,'App\\Models\\HR\\HRToR',42,'tor_word','ToR-42-sbp-job-Algeria','ToR-42-sbp-job-Algeria.doc','text/html','s3',9837,'[]','[]','[]',4923,'2023-03-06 06:53:21','2023-03-06 06:53:21'),(5540,'App\\Models\\JobUser',339,'recruitment-interview-report','339-interview','339-interview.pdf','application/pdf','s3',31963,'[]','[]','[]',4924,'2023-03-06 06:54:42','2023-03-06 06:54:42'),(5541,'App\\Models\\JobUser',339,'temporary_filesrecruitment-interview-report5540','339-interview','339-interview.pdf','application/pdf','public',31963,'[]','[]','[]',4925,'2023-03-06 06:55:02','2023-03-06 06:55:02'),(5544,'App\\Models\\HR\\HRToR',43,'tor_pdf','ToR-43-title-surge-alert-Algeria','ToR-43-title-surge-alert-Algeria.pdf','application/pdf','s3',37549,'[]','[]','[]',4926,'2023-03-06 07:04:09','2023-03-06 07:04:09'),(5545,'App\\Models\\HR\\HRToR',43,'tor_word','ToR-43-title-surge-alert-Algeria','ToR-43-title-surge-alert-Algeria.doc','text/html','s3',9849,'[]','[]','[]',4927,'2023-03-06 07:04:11','2023-03-06 07:04:11'),(5546,'App\\Models\\JobUser',340,'recruitment-interview-report','340-interview','340-interview.pdf','application/pdf','s3',30715,'[]','[]','[]',4928,'2023-03-06 07:16:58','2023-03-06 07:16:58'),(5547,'App\\Models\\JobUser',340,'temporary_filesrecruitment-interview-report5546','340-interview','340-interview.pdf','application/pdf','public',30715,'[]','[]','[]',4929,'2023-03-06 07:17:05','2023-03-06 07:17:05'),(5549,'App\\Models\\Roster\\ProfileRosterProcess',1117,'temporary_filesrecruitment-roster-interview-report5548','1117-interview-roster','1117-interview-roster.pdf','application/pdf','public',32754,'[]','[]','[]',4931,'2023-04-13 01:21:06','2023-04-13 01:21:06'),(5550,'App\\Models\\Roster\\ProfileRosterProcess',1117,'recruitment-roster-interview-report','1117-interview-roster','1117-interview-roster.pdf','application/pdf','s3',32922,'[]','[]','[]',4932,'2023-04-13 01:21:34','2023-04-13 01:21:34'),(5551,'App\\Models\\Roster\\ProfileRosterProcess',1117,'temporary_filesrecruitment-roster-interview-report5550','1117-interview-roster','1117-interview-roster.pdf','application/pdf','public',32922,'[]','[]','[]',4933,'2023-04-13 01:21:38','2023-04-13 01:21:38');
/*!40000 ALTER TABLE `media` ENABLE KEYS */;
UNLOCK TABLES;

--
-- Table structure for table `media_cache`
--

DROP TABLE IF EXISTS `media_cache`;
/*!40101 SET @saved_cs_client     = @@character_set_client */;
/*!40101 SET character_set_client = utf8 */;
CREATE TABLE `media_cache` (
  `id` int(10) unsigned NOT NULL AUTO_INCREMENT,
  `model_type` varchar(255) COLLATE utf8_unicode_ci NOT NULL,
  `model_id` bigint(20) unsigned NOT NULL,
  `collection_name` varchar(255) COLLATE utf8_unicode_ci NOT NULL,
  `name` varchar(255) COLLATE utf8_unicode_ci NOT NULL,
  `file_name` varchar(255) COLLATE utf8_unicode_ci NOT NULL,
  `mime_type` varchar(255) COLLATE utf8_unicode_ci DEFAULT NULL,
  `disk` varchar(255) COLLATE utf8_unicode_ci NOT NULL,
  `size` int(10) unsigned NOT NULL,
  `manipulations` longtext CHARACTER SET utf8mb4 COLLATE utf8mb4_bin NOT NULL CHECK (json_valid(`manipulations`)),
  `custom_properties` longtext CHARACTER SET utf8mb4 COLLATE utf8mb4_bin NOT NULL CHECK (json_valid(`custom_properties`)),
  `responsive_images` longtext CHARACTER SET utf8mb4 COLLATE utf8mb4_bin NOT NULL CHECK (json_valid(`responsive_images`)),
  `order_column` int(10) unsigned DEFAULT NULL,
  `created_at` timestamp NULL DEFAULT NULL,
  `updated_at` timestamp NULL DEFAULT NULL,
  PRIMARY KEY (`id`),
  KEY `media_cache_model_type_model_id_index` (`model_type`,`model_id`)
) ENGINE=InnoDB DEFAULT CHARSET=utf8 COLLATE=utf8_unicode_ci;
/*!40101 SET character_set_client = @saved_cs_client */;

--
-- Dumping data for table `media_cache`
--

LOCK TABLES `media_cache` WRITE;
/*!40000 ALTER TABLE `media_cache` DISABLE KEYS */;
/*!40000 ALTER TABLE `media_cache` ENABLE KEYS */;
UNLOCK TABLES;

--
-- Table structure for table `migrations`
--

DROP TABLE IF EXISTS `migrations`;
/*!40101 SET @saved_cs_client     = @@character_set_client */;
/*!40101 SET character_set_client = utf8 */;
CREATE TABLE `migrations` (
  `id` int(10) unsigned NOT NULL AUTO_INCREMENT,
  `migration` varchar(255) COLLATE utf8mb4_unicode_ci NOT NULL,
  `batch` int(11) NOT NULL,
  PRIMARY KEY (`id`)
) ENGINE=InnoDB AUTO_INCREMENT=714 DEFAULT CHARSET=utf8mb4 COLLATE=utf8mb4_unicode_ci;
/*!40101 SET character_set_client = @saved_cs_client */;

--
-- Dumping data for table `migrations`
--

LOCK TABLES `migrations` WRITE;
/*!40000 ALTER TABLE `migrations` DISABLE KEYS */;
INSERT INTO `migrations` VALUES (54,'2016_06_01_000001_create_oauth_auth_codes_table',1),(55,'2016_06_01_000002_create_oauth_access_tokens_table',1),(56,'2016_06_01_000003_create_oauth_refresh_tokens_table',1),(57,'2016_06_01_000004_create_oauth_clients_table',1),(58,'2016_06_01_000005_create_oauth_personal_access_clients_table',1),(171,'2014_10_12_000000_create_users_table',2),(172,'2014_10_12_100000_create_password_resets_table',2),(173,'2018_11_13_100506_modify_users_table',2),(174,'2018_11_19_101148_create_permission_tables',2),(175,'2018_11_21_040653_change_last_name_in_users_table',2),(176,'2018_11_22_074932_create_countries_table',2),(177,'2018_11_22_093907_create_dependents_table',2),(178,'2018_11_22_094524_create_relatives_employed_by_public_int_org_table',2),(179,'2018_11_22_095028_create_languages_table',2),(180,'2018_11_22_101108_create_clerical_grades_table',2),(181,'2018_11_23_020245_create_education_universities_table',2),(182,'2018_11_23_021122_create_education_schools_table',2),(183,'2018_11_23_021504_create_professional_societies_table',2),(184,'2018_11_23_021934_create_publications_table',2),(185,'2018_11_23_022152_create_employment_records_table',2),(186,'2018_11_23_022838_create_references_table',2),(187,'2018_11_23_023100_create_profiles_table',2),(188,'2018_11_23_034015_add_profile_id_to_dependents_table',2),(189,'2018_11_23_041145_add_profile_id_to_languages_table',2),(190,'2018_11_23_041530_add_profile_id_to_clerical_grades_table',2),(191,'2018_11_23_042139_add_profile_id_to_education_universities_table',2),(192,'2018_11_23_042318_add_profile_id_to_education_schools_table',2),(193,'2018_11_23_043126_add_profile_id_to_professional_societies_table',2),(194,'2018_11_23_043253_add_profile_id_to_publications_table',2),(195,'2018_11_23_043728_add_profile_id_to_employment_records_table',2),(196,'2018_11_23_073933_add_profile_id_to_references_table',2),(197,'2018_11_26_014034_remove_unique_slug_from_languages_table',2),(198,'2018_11_26_015956_add_language_to_country_table',2),(199,'2018_11_26_023637_create_media_table',2),(200,'2018_11_26_024211_create_attachments_table',2),(201,'2018_11_26_033628_add_cv_to_profiles_table',2),(202,'2018_11_26_034231_add_certificate_file_to_education_schools_table',2),(203,'2018_11_26_034423_add_diploma_file_to_education_universities_table',2),(204,'2018_11_26_035321_add_to_education_university_id_table',2),(205,'2018_11_26_040718_add_photo_to_users_table',2),(206,'2018_11_28_021539_add_profile_id_to_relatives_table',2),(207,'2018_11_28_024315_create_jobs_table',2),(208,'2018_11_28_025606_create_pivot_job_user_table',2),(209,'2018_12_25_030122_add_p11_complete_to_users_table',3),(210,'2019_01_28_024946_rename_table_name_to_fit_p11',4),(211,'2019_01_28_025851_create_languages_table',5),(213,'2019_01_28_032810_add_birth_date_etc_to_profiles_table',6),(214,'2019_01_28_045318_remove_language_from_countries',7),(222,'2019_01_29_024839_create_birth_nationalities_table',8),(223,'2019_01_29_025311_create_present_nationalities_table',8),(224,'2019_01_29_025445_remove_birth_n_present_nationalities_from_profiles',8),(225,'2019_01_29_041409_create_p11_country_profile_table',9),(227,'2019_01_30_081158_create_p11_addresses_table',10),(228,'2019_02_07_031346_remove_address_from_profiles',11),(229,'2019_02_07_032105_add_bdate_on_p11_dependents_table',12),(230,'2019_02_07_041338_add_office_in_profiles_table',13),(231,'2019_02_13_024428_create_legal_permanent_residence_status_countries',14),(232,'2019_02_18_041451_remove_preferred_field_of_work_from_profiles_table',15),(240,'2019_02_18_071106_create_field_of_works_table',16),(241,'2019_02_18_071805_create_p11_field_of_works_table',16),(242,'2019_02_20_154016_add_slug_into_field_of_works_table',16),(245,'2019_02_22_075800_create_p11_submitted_application_in_un_tables',17),(246,'2019_02_22_080436_create_un_organizations_tables',17),(247,'2019_02_22_081353_create_relationship_un_org',18),(250,'2019_02_25_080012_add_is_mother_tongue_in_p11_languages',19),(251,'2019_02_25_084025_remove_name_slug_from_p11_languages_table',20),(252,'2019_02_26_233300_change_language_in_p11_clerical_grades_table',21),(253,'2019_02_27_042758_create_office_equipments_table',22),(254,'2019_02_27_042903_create_p11_office_equipments_table',23),(257,'2019_02_27_063118_change_office_equipment_abilities_in_profiles_table',24),(258,'2019_03_03_072613_change_country_to_country_id_p11_education_universities_table',25),(259,'2019_03_03_074536_change_attachments_table',26),(260,'2019_03_03_074950_change_diploma_file_p11_education_universities_table',27),(262,'2019_03_04_044729_alter_p11_education_schools_table',28),(263,'2019_03_04_095523_alter_p11_professional_societies_table',29),(264,'2019_03_05_040644_add_has_publications_in_profiles_table',30),(269,'2019_03_06_064519_create_skills_table',31),(270,'2019_03_06_070128_create_p11_employment_records_skills',31),(271,'2019_03_06_074810_add_country_id_p11_employment_records',31),(272,'2019_03_08_034757_create_portfolios_table',32),(274,'2019_03_08_035504_create_portfolio_skill_table',33),(275,'2019_03_08_035849_create_p11_employment_records_portfolios',34),(278,'2019_03_10_050701_add_kind_of_employees_supervised',35),(279,'2019_03_11_044428_create_p11_permanent_civil_servants_table',36),(280,'2019_03_11_045213_remove_permanent_civil_servant_to_table',37),(281,'2019_03_12_022401_alter_p11_references_table',38),(282,'2019_03_12_064602_add_violation_of_any_law_in_profiles_table',39),(283,'2019_03_12_082401_create_p11_criminal_records',40),(296,'2019_03_13_042233_remove_employment_record_portfolio',41),(297,'2019_03_13_042454_create_p11_portfolios',41),(298,'2019_03_13_043022_create_p11_portfolios_skills',41),(299,'2019_03_14_072159_create_p11_profiles_skills_table',42),(300,'2019_03_14_073629_change_cv_to_cv_id_in_profiles_table',43),(301,'2019_03_15_044147_add_phone_code_into_countries_table',44),(304,'2019_03_18_020922_add_opening_date_into_jobs_table',45),(305,'2019_03_18_021240_create_job_language',45),(307,'2019_03_18_032502_change_deadline_date_in_jobs_table',46),(308,'2019_03_19_034635_remove_languages_from_jobs_table',47),(309,'2019_03_19_040055_make_nullable_job_language_table',48),(310,'2019_03_19_070512_add_contract_start_to_jobs_table',49),(311,'2019_03_21_205826_add_contract_length_in_jobs_table',50),(313,'2019_03_24_090118_add_job_status_into_job_user_table',51),(323,'2019_04_04_031528_create_job_status_tables',52),(324,'2019_04_04_033456_add_job_status_id_into_job_user_table',52),(325,'2019_04_07_203751_create_sectors_table',53),(326,'2019_04_07_205631_create_degree_levels_table',54),(327,'2019_04_07_215055_add_order_to_degree_levels_table',55),(329,'2019_04_07_220105_add_degree_level_id_to_p11_education_universities',56),(330,'2019_04_08_001649_create_p11_professional_societies_sectors_table',57),(331,'2019_04_08_050335_create_p11_employment_records_sectors_table',58),(332,'2019_04_09_023638_create_p11_portfolios_sectors_table',59),(333,'2019_04_10_050125_add_proficiency_to_p11_profiles_skills_table',60),(334,'2019_04_23_102212_drop_p11_clerical_grades_table',61),(335,'2019_04_23_102812_remove_has_clerical_grades_from_profiles_table',61),(336,'2019_04_24_020839_drop_office_equipments_table',61),(337,'2019_04_29_063356_create_hr_job_level_tables',61),(338,'2019_04_29_073839_create_hr_job_parameters_tables',61),(339,'2019_05_02_035212_create_hr_job_skills_table',61),(340,'2019_05_02_040423_create_hr_job_skills_job_parameters_table',61),(341,'2019_05_06_043018_create_hr_job_categories_table',61),(342,'2019_05_06_044018_create_hr_job_categories_job_skills',61),(343,'2019_05_07_014026_remove_parameter_value_from_hr_job_parameters',61),(344,'2019_05_07_065306_add_selected_model_to_hr_job_skills',61),(345,'2019_05_08_043826_create_hr_job_standards_table',61),(346,'2019_05_08_044130_create_hr_job_standards_job_categories_table',61),(347,'2019_05_08_080239_create_hr_tor_table',61),(348,'2019_05_08_082654_add_several_text_in_hr_job_categories_table',61),(349,'2019_05_09_030939_change_enum_parameter_type_in_hr_job_parameters_table',61),(350,'2019_05_09_050617_change_requirements_to_nullable_hr_job_categories_table',61),(351,'2019_05_09_064306_create_settings_table',61),(352,'2019_05_10_045907_add_relationship_to_hr_tor',61),(353,'2019_05_16_050635_add_job_standard_to_hr_tor_table',61),(354,'2019_05_16_084118_add_foreign_to_hr_job_standards_categories_table',61),(355,'2019_05_17_022543_hr_tor_parameters',61),(356,'2019_05_17_022701_hr_tor_skills',61),(357,'2019_05_17_040521_create_hr_tor_skills_tor_parameters',61),(358,'2019_05_17_041016_create_hr_tor_skills_job_categories',61),(359,'2019_05_17_072648_create_hr_tor_tor_skills_table',61),(360,'2019_05_17_082619_change_tor_parameters_table',61),(361,'2019_05_17_082724_change_tor_skill_parameters_table',61),(362,'2019_05_20_032905_add_skill_to_hr_tor_tor_skills',61),(363,'2019_05_20_081919_remove_pivot_tor_skills_job_categories_table',61),(366,'2019_05_20_094135_add_tor_id_to_hr_tor_skills_tor_parameter_table',62),(367,'2019_05_21_025936_update_tor_design_table',63),(368,'2019_05_23_064419_change_enum_hr_tor_parameters',63),(369,'2019_05_24_035557_change_description_on_jobs_table',63),(370,'2019_05_31_014151_alter_p11_profiles_skills_table',63),(371,'2019_05_31_074157_create_p11_profiles_sectors_table',63),(372,'2019_06_19_021909_add_become_roster_to_profiles',64),(373,'2019_06_24_015718_add_skill_for_matching_to_skills_table',64),(374,'2019_06_27_034409_remove_desc_and_req_hr_job_categories',64),(375,'2019_06_27_034748_create_hr_job_categories_sections',64),(376,'2019_06_27_075607_remove_org_bg_desc_and_req_hr_job_categories',64),(377,'2019_06_27_075918_create_hr_tor_sections',64),(378,'2019_07_02_014514_add_updated_at_in_password_resets',64),(379,'2019_07_02_032407_remove_criminal_records_table',64),(380,'2019_07_03_015150_add_organization_to_hr_tor_table',64),(381,'2019_07_03_114520_add_p11_step_to_profiles_table',64),(382,'2019_07_05_103043_add_last_step_to_job_status',64),(383,'2019_07_08_020259_create_hr_contract_templates',64),(384,'2019_07_15_033358_change_p11_step_default_in_users_table',64),(385,'2019_07_29_085546_create_p11_phones_table',64),(386,'2019_08_08_040857_rename_p11_profiles_sectors_table',64),(387,'2019_08_08_041149_update_p11_sectors_table',64),(388,'2019_08_09_020156_rename_p11_profile_skills_table',64),(389,'2019_08_15_032730_add_prev_p11_step_to_users_table',64),(390,'2019_08_20_081310_add_months_n_days_to_p11_skills_table',64),(391,'2019_08_20_081428_add_until_now_in_p11_employment_records_table',64),(392,'2019_08_23_035154_add_p11_status_to_users_table',64),(393,'2019_08_23_110020_remove_p11_step_from_users_table',64),(394,'2019_09_06_040436_add_publication_files_to_p11_publications',64),(395,'2019_09_10_104153_create_job_sections_table',64),(396,'2019_09_10_110450_modify_jobs_table',64),(397,'2019_09_11_033653_add_program_title_to_tor_tables',64),(398,'2019_09_13_021550_add_linkedin_to_profiles_table',64),(399,'2019_09_15_204947_change_fax_in_p11_addresses_table',64),(400,'2019_09_19_102046_create_hr_job_requirements_table',65),(401,'2019_09_20_042344_create_hr_tor_requirements_table',65),(402,'2019_09_20_043444_create_contracts_table',65),(403,'2019_09_20_043714_create_template_contracts_table',65),(404,'2019_09_20_104531_remove_job_skills_table',65),(405,'2019_09_21_121058_create_quiz_templates_table',65),(406,'2019_09_24_023851_add_flag_into_countries_table',66),(407,'2019_09_24_035237_rename_template_contracts_column',66),(408,'2019_09_24_045822_rename_contracts_column',66),(409,'2019_09_24_071823_change_phone_code_countries_table',66),(410,'2019_09_24_074258_add_column_to_table',66),(411,'2019_09_25_074345_drop_column_to_template_coctract',66),(412,'2019_09_25_074548_add_column_signature_to_contracts',66),(413,'2019_09_25_082851_add_column_template_to_contracts',66),(414,'2019_09_27_084935_add_column_user_id_to_contracts',66),(415,'2019_10_01_014715_add_added_by_in_skills_table',67),(416,'2019_10_01_024704_create_language_levels_table',68),(417,'2019_10_01_031750_change_p11_languages_table',68),(418,'2019_10_01_032740_change_p11_submitted_application_in_un',68),(419,'2019_10_02_042930_add_is_approve_field_of_works_table',69),(420,'2019_10_02_093315_add_added_by_to_field_of_works_table',69),(421,'2019_10_04_042811_change_id_name_in_contracts_table',70),(422,'2019_10_04_072023_remove_user_id_from_contracts_table',71),(423,'2019_10_07_030155_create_immap_mail_on_users_table',72),(424,'2019_10_07_112132_create_roster_steps_table',72),(425,'2019_10_08_015137_create_roster_processes_table',72),(426,'2019_10_08_022850_create_im_evaluation_table',72),(427,'2019_10_08_031058_create_applicant_table',72),(428,'2019_10_08_084218_add_nullable_to_im_evaluation',72),(429,'2019_10_08_084542_add_nullable_to_applicant',72),(430,'2019_10_09_024117_change_roster_steps_table',72),(431,'2019_10_09_050224_add_column_limit_time_to_im_evaluation',72),(432,'2019_10_10_040302_modify_table_im_evaluation',72),(433,'2019_10_10_040857_modify_table_applicant',72),(434,'2019_10_10_043010_create_q_mchoice_table',72),(435,'2019_10_10_043104_create_user_answers_imtest_table',72),(436,'2019_10_10_083850_add_nullable_table_im_evaluation',72),(437,'2019_10_11_082851_modify_column_text1_table_im_evaluation',72),(438,'2019_10_11_085255_create_profile_roster_processes_table',72),(439,'2019_10_14_021920_add_is_approved_added_by_to_sectors_table',72),(440,'2019_10_14_022009_create_mchoice_table',72),(441,'2019_10_14_025245_drop_column_true_answer_q_mchoice_table',72),(442,'2019_10_14_041101_add_column_true_false_mchoice_table',72),(443,'2019_10_14_042326_drop_column_choice_true_false_q_mchoice_table',72),(444,'2019_10_14_043656_add_unique_key_to_steps_column_im_evaluation_table',72),(445,'2019_10_14_050027_add_months_days_in_p11_sectors_table',72),(446,'2019_10_14_094710_drop_user_answers_imtest',72),(447,'2019_10_14_094839_change_postcode_p11_addresses_table',72),(448,'2019_10_14_095854_add_text_column_to_applicant_table',72),(449,'2019_10_15_023453_create_q_user_answer_table',72),(450,'2019_10_15_041911_create_immap_offices_table',72),(451,'2019_10_15_041918_add_is_immaper_profiles_table',72),(452,'2019_10_16_023632_create_category_question_reference_table',72),(453,'2019_10_16_023717_create_question_reference_table',72),(454,'2019_10_16_025510_create_user_answer_question_reference_table',72),(455,'2019_10_17_053655_add_city_to_immap_offices_table',72),(456,'2019_10_17_054730_add_is_hq_to_immap_offices_table',72),(457,'2019_10_17_095538_drop_column_file_dataset_im_evaluation_table',72),(458,'2019_10_18_015941_add_column_file_dataset_type_json_im_evaluation_table',72),(459,'2019_10_18_031837_modified_reason_for_leaving',72),(460,'2019_10_18_034540_add_job_category_to_roster_processes',72),(461,'2019_10_18_072656_add_field_until_now',72),(462,'2019_10_18_081835_create_im_test_templates_table',72),(463,'2019_10_18_083723_drop_column_file_data_from_im_evaluation',72),(464,'2019_10_18_083736_delete_height_weight_table_profile',72),(465,'2019_10_21_031441_add_field_objective_name_email_phone_number',72),(466,'2019_10_21_071524_add_set_im_test_in_quiz_templates_table',72),(467,'2019_10_21_094804_add_is_default_quiz_templates_table',72),(468,'2019_10_22_030055_add_quiz_template_id_in_roster_steps_table',72),(469,'2019_10_23_022556_add_current_step_to_profile_roster_processes',72),(470,'2019_10_25_025721_remove_international_add_country_job_title',72),(471,'2019_10_28_034816_rename_column_answer_to_choice',72),(472,'2019_10_28_045343_add_column_is_default',72),(473,'2019_10_29_035930_add_work_experience_to_profiles_table',72),(474,'2019_10_29_101020_add_column_title_to_category_question_reference',72),(475,'2019_10_31_034625_change_telephone_nullable',72),(476,'2019_11_01_045633_change_office_fax_to_skype_profiles_table',72),(477,'2019_11_01_113817_add_is_interview_to_job_status',72),(478,'2019_11_04_031701_add_column_starting_date_end_tables_p11_submitted_application_in_un',73),(479,'2019_11_04_080647_remove_address_occupation_add_organization_job_position_table_p11_references',73),(480,'2019_11_04_093922_add_interview_date_to_job_user',73),(481,'2019_11_05_025109_remove_violation_of_law_tables_profiles',73),(482,'2019_11_05_080648_drop_goreign_key_category_question',73),(483,'2019_11_05_111136_add_interview_invitation_done_to_job_user_table',73),(484,'2019_11_06_032404_change_allow_null_coulumn_email_reference',73),(485,'2019_11_07_075919_add_timezone_to_job_user_table',73),(486,'2019_11_07_095523_create_minimum_maximum_salary_hr_tor_tables',73),(487,'2019_11_12_035732_change_steps_unique_table_im_evaluation',74),(488,'2019_11_12_042357_add_column_text4_to_im_evaluation',74),(489,'2019_11_12_061952_add_column_template_id_to_im_evaluation',74),(490,'2019_11_12_073124_rename_table',74),(491,'2019_11_12_073840_drop_column_im_evaluation_id',74),(492,'2019_11_12_074018_add_column_im_test_id',74),(493,'2019_11_13_020519_drop_table_q_mchoice_mchoice',74),(494,'2019_11_13_021508_create_table_question_im_test',74),(495,'2019_11_13_021933_create_table_multiple_choice_im_test',74),(496,'2019_11_13_022536_create_table_user_answer_question',74),(497,'2019_11_13_033819_add_skype_call_to_roster_step',74),(498,'2019_11_13_102526_drop_table_user_answer_question_reference',74),(499,'2019_11_13_102652_create_table_user_answer_question_reference',74),(500,'2019_11_14_083228_drop_unique_from_im_test_table',75),(501,'2019_11_15_071947_remove_and_change_im_telplates_id',75),(502,'2019_11_15_072517_allow_null_title_column_category_question_reference',75),(503,'2019_11_15_081023_add_column_category_id',75),(504,'2019_11_18_031510_add_skype_date_to_profile_roster_processes_table',75),(505,'2019_11_19_015906_add_objection_organization_to_profiles',75),(506,'2019_11_19_043935_add_is_immap_inc_to_profiles',75),(507,'2019_11_19_075742_add_duty_station_to_profiles',75),(508,'2019_11_20_013735_remove_hr_job_category_id_in_roster_processes_table',75),(509,'2019_11_20_030453_add_has_im_test_to_roster_steps_table',75),(510,'2019_11_20_035408_add_im_test_template_to_profile_roster_processes_table',75),(511,'2019_11_20_083209_add_interview_skype_to_profile_roster_processes',75),(512,'2019_11_21_074226_change_current_contract_to_profiles_table',75),(513,'2019_11_21_122855_add_is_immap_inc_to_hr_tor_table',75),(514,'2019_11_22_025403_add_reference_check_to_profile_roster_processes',75),(515,'2019_11_25_084540_add_dataset_1_2_3_to_table_im_test',76),(516,'2019_11_26_035608_add_description_to_roster_processes_table',76),(517,'2019_11_26_074053_drop_column_is_default_from_table_question_reference',76),(518,'2019_11_26_074332_drop_column_profil_id_to_user_answer_question_reference',76),(519,'2019_11_27_042237_add_disclaimer_to_profiles_table',76),(520,'2019_11_28_040753_add_column_sum_reference_question_id',77),(521,'2019_11_28_044042_add_column_profil_id_and_preference_id',77),(522,'2019_11_29_020228_create_table_profil_assignment_question',77),(523,'2019_11_29_031205_drop_foreign_key_profil_id_table_user_answer_question_reference',77),(524,'2019_11_29_090718_add_category_question_reference_id_table_user_answer_question_reference',77),(525,'2019_12_02_041102_drop_profil_id_foreign_key_table_user_answer_question_reference',77),(526,'2019_12_02_041511_add_profil_id_table_user_answer_question_reference',77),(527,'2019_01_28_025851_create_languages_table1',78),(528,'2019_12_02_035706_add_limit_time_table_im_test_templates',78),(529,'2019_12_02_035754_remove_limit_time_table_im_test',78),(530,'2019_12_03_023638_drop_table_applicant',78),(531,'2019_12_03_023838_create_table_user_follow_imtest',78),(532,'2019_12_03_025855_create_table_imtest_answer',78),(533,'2019_12_03_032025_add_column_multiple_choice_im_test_id_to_im_test_answer',78),(534,'2019_12_03_033749_allow_null_to_follow_im_test_table',78),(535,'2019_12_03_074131_drop_column_file1_file2_file3_follow_im_test',78),(536,'2019_12_03_074753_add_column_file1_file2_file3_follow_im_test',78),(537,'2019_12_05_015418_add_im_test_submit_date_on_server_to_profile_roster_processes_table',78),(538,'2019_12_05_015757_update_existing_im_test_submit_date_on_server',78),(539,'2019_12_05_020353_drop_table_im_test_answer',78),(540,'2019_12_05_020755_create_im_test_answer_table_m',78),(541,'2019_12_05_030537_add_im_test_done_to_profile_roster_processes',78),(542,'2019_12_05_032756_add_im_test_start_time_to_profile_roster_processes',78),(543,'2019_12_06_033520_change_time_table_im_test_templates',78),(544,'2020_01_06_044505_create_roles_immap_offices',79),(545,'2020_01_14_041744_add_immap_office_id_to_tor_table',79),(546,'2020_01_14_083304_add_immap_office_id_to_jobs_table',79),(547,'2020_01_28_094545_change_url_column_on_p11_publications_table',79),(548,'2020_01_28_103317_change_url_column_on_p11_portfolios_table',79),(549,'2020_01_28_103837_change_p11_form_1_data',79),(550,'2020_01_30_033836_set_nullable_starting_salary_and_final_salary',79),(551,'2020_02_17_020536_add_seen_by_hr_to_countries_table',80),(552,'2020_02_17_073420_create_p11_country_experiences_table',80),(553,'2020_02_17_090353_add_international_contract',81),(554,'2020_02_25_072238_modified_previously_worked_with_immap',82),(555,'2020_03_02_043327_add_skype_id_panel_interview',82),(556,'2020_03_02_081222_panel_interview',82),(557,'2020_03_06_035737_add_selected_roster_process',82),(558,'2020_04_06_005004_add_is_international_to_tor',83),(559,'2020_04_06_045414_create_table_send_email',84),(560,'2020_04_06_050009_create_table_send_email_to',84),(561,'2020_04_06_050418_create_table_send_email_cc',84),(562,'2020_04_06_050645_create_table_send_email_bcc',84),(563,'2020_03_03_022125_create_table_contact_information',85),(564,'2020_03_03_030002_create_table_bank_information',85),(565,'2020_03_03_030926_create_table_onboarding_file',85),(566,'2020_04_08_080624_add_attachments_id_to_onboarding_file_table',85),(567,'2020_04_09_044015_add_shared_costs_to_hr_tor_table',85),(568,'2020_04_09_132221_create_jobs_table',86),(569,'2020_04_09_140632_create_failed_jobs_table',86),(570,'2020_04_20_002438_create_table_job_managers',87),(571,'2020_04_20_024515_add_nullable_job_standart_id_job_category_id',87),(572,'2020_04_21_061508_add_interview_type_and_interview_address',87),(573,'2020_04_23_085130_add_physical_interview_in_job_user_table',87),(574,'2020_04_24_083953_create_table_jobs_interview_files',88),(575,'2020_04_27_213439_drop_table_jobs_interview_files',88),(576,'2020_04_27_213540_create_table_jobs_interview_files_again',88),(577,'2020_04_28_050414_create_repository_tables',89),(578,'2020_04_29_053519_add_type_to_repo_category',89),(579,'2020_04_29_060245_alter_table_repository_category_add_column_type',90),(580,'2020_04_30_125732_alter_type_column_repository_table',91),(581,'2020_04_30_131402_add_is_upload_to_repository_table',91),(582,'2020_04_27_061456_add_is_approved_in_hr_job_categories',92),(583,'2020_05_01_033637_add_other_category_to_hr_tor',92),(584,'2020_05_05_035101_add_exclude_immaper_in_jobs_table',93),(585,'2020_05_14_042631_create_table_job_user_move_status_history',94),(586,'2020_06_02_025246_add_last_login',95),(587,'2020_05_20_030305_create_table_job_manager_comments',96),(588,'2020_06_09_032353_add_column_manager_id_to_job_manager_comments',96),(589,'2020_06_12_034852_add_column_delete_to_job_user_move_status_history',97),(590,'2020_06_16_094923_add_column_order_job_status',98),(591,'2020_06_16_095500_add_column_order_job_status_to_job_manager_comments',98),(592,'2020_06_22_100600_add_column_jobuser_to_job_managers_table',99),(593,'2020_06_12_071339_add_include_cover_letter_to_jobs_table',100),(594,'2020_06_17_104857_add_cover_letter_url_to_job_user_table',100),(595,'2020_07_16_085705_allow_null_supervisor_name_table_p11_employment_records',101),(596,'2020_07_20_072856_change_type_nullable',102),(597,'2020_07_20_074348_change_study_nullable',102),(598,'2020_08_12_024627_add_show_contract_and_show_salary',103),(599,'2020_10_26_065342_add_column_has_been_notified_to_table_job_managers',103),(600,'2020_11_05_043212_create_security_module_officer_countries_table',103),(601,'2020_11_30_020657_create_job_interview_request_contracts_table',103),(602,'2020_12_07_091539_add_contract_date_to_job_interview_request_contracts_table',103),(603,'2020_12_11_064932_add_cost_center_to_job_interview_request_contracts',103),(604,'2020_12_11_080955_rename_not_available_to_not_applicable',103),(605,'2021_02_11_111606_create_security_module_table',103),(606,'2021_02_24_115212_add_read_more_text_to_roster_processes_table',103),(607,'2021_03_03_065227_add_set_as_shortlisted_in_job_status_table',103),(608,'2021_03_12_025553_add_air_ticket_mrf',103),(609,'2021_03_16_091355_add_nestedset_to_repository_category_table',103),(610,'2021_04_06_075129_add_description_on_permissions_table',103),(611,'2021_04_08_073303_create_groups_table',103),(612,'2021_04_14_103412_add_line_manager_id_to_profile',103),(613,'2021_04_19_064946_add_archive_to_users_table',103),(614,'2021_04_21_034231_create_archive_histories',103),(615,'2021_04_29_032401_create_security_module_notify_settings',103),(616,'2021_04_29_235540_add_vehicle_filled_by_immaper',103),(617,'2021_05_03_004204_change_unanet_approver_name_on_contract_request',103),(618,'2021_05_05_060910_add_vehicle_filled_by_yourself_to_mrf',103),(619,'2021_08_09_075110_unique_pair_job_id_user_id_on_job_user_table',104),(620,'2021_09_03_064727_add_status_to_users_table',104),(621,'2021_09_24_073551_add_inactive_date_to_users_table',104),(622,'2021_09_28_090250_add_last_apply_job_to_profiles_table',104),(623,'2021_10_04_080456_add_agree_to_delete_to_users_table',104),(624,'2021_10_18_165415_add_roster_step_mover_column',104),(625,'2021_10_25_061204_add_inactive_users_has_been_reminded_to_users_table',104),(626,'2021_11_02_052235_add_can_be_downloaded_to_repository',104),(627,'2021_11_05_164558_add_sbp_member_to_profiles_table',104),(628,'2021_11_06_210856_add_flight-number-to-security_module_tar_request_itineraries-table',104),(629,'2021_11_07_121133_add_flight_number_to_mrf-request-table',104),(630,'2021_11_30_093328_add_uploader_id_to_attachments_table',104),(631,'2021_11_30_111557_add_travelling_by_to_table_mrf_request_itineraries',104),(632,'2021_12_01_212727_add_view_status_to_security_module_requests',104),(633,'2022_01_08_140935_add_project_code_to_profiles_table',104),(634,'2022_01_09_095128_create_user_contract_histories_table',104),(635,'2022_01_10_194251_add_outbound_trip_final_destination_to_request_itineraries_table',104),(636,'2022_01_12_205350_add_access_platform_to_users',104),(637,'2022_01_16_213720_add_check_in_to_request_itineraries_table',104),(638,'2022_01_21_095725_add_sbp_program_in_roster_processes_table',104),(639,'2022_01_24_084906_add_campaign_is_open_in_roster_processes_table',104),(640,'2022_01_28_074409_add_under_sbp_program_to_job_status_table',104),(641,'2022_02_10_111721_update_project_histories',104),(642,'2022_02_14_102524_add_call_sign_column',104),(643,'2022_02_17_091702_add_cluster_to_hr_tor',104),(644,'2022_03_02_142510_add_edit_on_approval_security_module_requests',104),(645,'2022_03_10_073834_add_departing_n_start_date_to_job_user',104),(646,'2021_12_16_054501_create_interview_questions_table',105),(647,'2022_01_09_044112_create_interview_score_table',105),(648,'2022_02_16_075631_add_call_question_type_column',105),(649,'2022_02_18_084423_add_call_interview_questions_columns',105),(650,'2022_02_21_052049_add_free_text__column',105),(651,'2022_03_02_054414_enlarge_question_text',105),(652,'2022_03_10_080742_interview_scores_comments',105),(653,'2022_03_21_095624_add_final_score_field_in_job_user',105),(654,'2022_05_03_042202_add_interview_order_to_job_user',105),(655,'2022_04_05_080609_add_risk_level_to_travel_request',106),(656,'2022_04_18_091018_add_company_hire_fields_on_travel_details',106),(657,'2022_04_21_041741_add_roster_skillset_to_roster_processes_table',106),(658,'2022_04_21_101059_add_roster_campaign_to_job_standard_table',106),(659,'2022_04_22_035844_add_skillset_to_tor_table',106),(660,'2022_04_25_082401_add_coming_from_job_id_to_profile_roster_processes',106),(661,'2022_05_17_082224_add_cluster_seconded_to_tor_table',106),(662,'2022_06_08_073451_add-roster-interview-question',107),(663,'2022_06_08_034226_add-roster-score',108),(664,'2022_06_08_083536_add-final-score-profile-roster',109),(665,'2022_06_08_091003_add-roster-profile_id_to_score',109),(668,'2022_06_14_051924_add_roster_profile_id_to_interview_questions',110),(669,'2022_06_14_081037_add_interview_order_to_roster_process',111),(670,'2022_06_14_042247_add_roster_to_global_comment',112),(671,'2022_06_15_082212_add_manager_user_id_to_interview_score_comment',112),(672,'2022_06_15_104846_change_tor_column_propries',112),(673,'2022_06_20_125428_change_job_column_propries',112),(674,'2022_07_18_002411_create_roster_invitation_table',113),(675,'2022_05_04_060033_add_is_approved_column_to_skills',114),(676,'2022_06_17_121359_create_one_time_token_table',115),(677,'2022_07_12_114830_add_check_in_via_immap_careers_to_the_security_module',115),(678,'2022_07_25_072026_add_im_test_score',115),(679,'2022_08_15_061718_add_category_column-to_skills',116),(680,'2022_08_17_073120_change_comment_interview_column',117),(681,'2022_08_09_104749_add_proficiency_to_employment_records_skills',118),(682,'2022_08_30_042004_create_quee_jobstable',119),(683,'2022_09_12_002639_add_attachment_id_to_p11_references',120),(684,'2022_09_13_055119_add_code_to_p11_references',121),(685,'2022_09_13_195803_add_external_to_attachment',122),(686,'2022_08_26_091138_add_created_by_in_tor',123),(687,'2022_09_12_092257_roster_invitations_user_deletion',123),(688,'2022_09_29_092345_add_new_job_status',123),(689,'2022_09_29_134144_job_status_new_order',124),(690,'2022_08_30_105047_add_contract_length_to_hr_tor',125),(691,'2022_09_22_100321_create_failed_queue_jobs_table',125),(692,'2022_09_28_074849_add_share_profile_consent',125),(693,'2022_09_30_110309_add_under_surge_program_on_request_contract',125),(694,'2022_08_16_082250_third_party_clients',126),(695,'2022_10_07_075343_create_third_party_permissions',126),(696,'2022_10_19_084716_add_reference_sender_id',127),(697,'2022_10_25_041734_create-reference-history-table',128),(698,'2022_09_16_104248_add_test_staus_field_in_job_status',129),(699,'2022_09_16_145526_add_fields_to_jobs',129),(700,'2022_10_04_090936_add_job_test_table',129),(701,'2022_10_10_192518_add_currency_request_contract',129),(702,'2022_09_07_082111_add_and_modify_fields_on_request_contracts',130),(703,'2022_11_04_104643_add_status_to_contract_request',130),(704,'2022_11_09_091119_add_postion_job_title_to_contract_request',130),(705,'2022_11_09_135104_changeimmap_office_id_to_null_by_default',130),(706,'2022_11_15_195512_add_fields_to_profile',130),(707,'2022_11_15_203433_add_fields_to_contract_history',130),(708,'2022_11_21_121044_add_is_archived_on_travel_request',130),(709,'2022_11_22_191607_add_goverment_paper_fields_on_tar',130),(710,'2022_11_24_060933_add_media2_table',130),(711,'2022_11_29_211416_add_head_about_us_from',130),(712,'2023_02_20_123014_add-reference_notice_read-to-profile',131),(713,'2023_02_14_081911_add_profile_updated_on_profile',132);
/*!40000 ALTER TABLE `migrations` ENABLE KEYS */;
UNLOCK TABLES;

--
-- Table structure for table `model_has_permissions`
--

DROP TABLE IF EXISTS `model_has_permissions`;
/*!40101 SET @saved_cs_client     = @@character_set_client */;
/*!40101 SET character_set_client = utf8 */;
CREATE TABLE `model_has_permissions` (
  `permission_id` int(10) unsigned NOT NULL,
  `model_type` varchar(255) COLLATE utf8mb4_unicode_ci NOT NULL,
  `model_id` bigint(20) unsigned NOT NULL,
  PRIMARY KEY (`permission_id`,`model_id`,`model_type`),
  KEY `model_has_permissions_model_id_model_type_index` (`model_id`,`model_type`),
  CONSTRAINT `model_has_permissions_permission_id_foreign` FOREIGN KEY (`permission_id`) REFERENCES `permissions` (`id`) ON DELETE CASCADE
) ENGINE=InnoDB DEFAULT CHARSET=utf8mb4 COLLATE=utf8mb4_unicode_ci;
/*!40101 SET character_set_client = @saved_cs_client */;

--
-- Dumping data for table `model_has_permissions`
--

LOCK TABLES `model_has_permissions` WRITE;
/*!40000 ALTER TABLE `model_has_permissions` DISABLE KEYS */;
/*!40000 ALTER TABLE `model_has_permissions` ENABLE KEYS */;
UNLOCK TABLES;

--
-- Table structure for table `model_has_roles`
--

DROP TABLE IF EXISTS `model_has_roles`;
/*!40101 SET @saved_cs_client     = @@character_set_client */;
/*!40101 SET character_set_client = utf8 */;
CREATE TABLE `model_has_roles` (
  `role_id` int(10) unsigned NOT NULL,
  `model_type` varchar(255) COLLATE utf8mb4_unicode_ci NOT NULL,
  `model_id` bigint(20) unsigned NOT NULL,
  PRIMARY KEY (`role_id`,`model_id`,`model_type`),
  KEY `model_has_roles_model_id_model_type_index` (`model_id`,`model_type`),
  CONSTRAINT `model_has_roles_role_id_foreign` FOREIGN KEY (`role_id`) REFERENCES `roles` (`id`) ON DELETE CASCADE
) ENGINE=InnoDB DEFAULT CHARSET=utf8mb4 COLLATE=utf8mb4_unicode_ci;
/*!40101 SET character_set_client = @saved_cs_client */;

--
-- Dumping data for table `model_has_roles`
--

LOCK TABLES `model_has_roles` WRITE;
/*!40000 ALTER TABLE `model_has_roles` DISABLE KEYS */;
INSERT INTO `model_has_roles` VALUES (1,'App\\Models\\User',5),(1,'App\\Models\\User',6),(1,'App\\Models\\User',10),(1,'App\\Models\\User',11),(1,'App\\Models\\User',12),(1,'App\\Models\\User',13),(1,'App\\Models\\User',14),(1,'App\\Models\\User',15),(1,'App\\Models\\User',16),(1,'App\\Models\\User',17),(1,'App\\Models\\User',18),(1,'App\\Models\\User',19),(1,'App\\Models\\User',24),(1,'App\\Models\\User',47),(1,'App\\Models\\User',60),(1,'App\\Models\\User',61),(1,'App\\Models\\User',2069),(1,'App\\Models\\User',2070),(1,'App\\Models\\User',2074),(1,'App\\Models\\User',2075),(1,'App\\Models\\User',2076),(2,'App\\Models\\User',3),(2,'App\\Models\\User',4),(2,'App\\Models\\User',29),(2,'App\\Models\\User',2068),(3,'App\\Models\\User',20),(3,'App\\Models\\User',1593),(3,'App\\Models\\User',2073),(4,'App\\Models\\User',2073);
/*!40000 ALTER TABLE `model_has_roles` ENABLE KEYS */;
UNLOCK TABLES;

--
-- Table structure for table `multiple_choice_im_test`
--

DROP TABLE IF EXISTS `multiple_choice_im_test`;
/*!40101 SET @saved_cs_client     = @@character_set_client */;
/*!40101 SET character_set_client = utf8 */;
CREATE TABLE `multiple_choice_im_test` (
  `id` bigint(20) unsigned NOT NULL AUTO_INCREMENT,
  `choice` varchar(255) COLLATE utf8mb4_unicode_ci NOT NULL,
  `true_false` tinyint(1) NOT NULL,
  `question_im_test_id` bigint(20) unsigned DEFAULT NULL,
  `created_at` timestamp NULL DEFAULT NULL,
  `updated_at` timestamp NULL DEFAULT NULL,
  PRIMARY KEY (`id`),
  KEY `multiple_choice_im_test_question_im_test_id_foreign` (`question_im_test_id`),
  CONSTRAINT `multiple_choice_im_test_question_im_test_id_foreign` FOREIGN KEY (`question_im_test_id`) REFERENCES `question_im_test` (`id`) ON DELETE CASCADE
) ENGINE=InnoDB AUTO_INCREMENT=17 DEFAULT CHARSET=utf8mb4 COLLATE=utf8mb4_unicode_ci;
/*!40101 SET character_set_client = @saved_cs_client */;

--
-- Dumping data for table `multiple_choice_im_test`
--

LOCK TABLES `multiple_choice_im_test` WRITE;
/*!40000 ALTER TABLE `multiple_choice_im_test` DISABLE KEYS */;
INSERT INTO `multiple_choice_im_test` VALUES (1,'Option A',1,1,'2019-12-16 02:52:19','2019-12-16 02:52:19'),(2,'Option B',0,1,'2019-12-16 02:52:19','2019-12-16 02:52:19'),(3,'Option C',0,1,'2019-12-16 02:52:19','2019-12-16 02:52:19'),(4,'Option D',0,1,'2019-12-16 02:52:19','2019-12-16 02:52:19'),(5,'Option A',1,2,'2019-12-16 02:52:19','2019-12-16 02:52:19'),(6,'Option B',0,2,'2019-12-16 02:52:20','2019-12-16 02:52:20'),(7,'Option C',0,2,'2019-12-16 02:52:20','2019-12-16 02:52:20'),(8,'Option D',0,2,'2019-12-16 02:52:20','2019-12-16 02:52:20'),(9,'Option A',1,3,'2019-12-16 02:52:20','2019-12-16 02:52:20'),(10,'Option B',0,3,'2019-12-16 02:52:20','2019-12-16 02:52:20'),(11,'Option C',0,3,'2019-12-16 02:52:20','2019-12-16 02:52:20'),(12,'Option D',0,3,'2019-12-16 02:52:20','2019-12-16 02:52:20'),(13,'Option A',1,4,'2019-12-16 02:52:20','2019-12-16 02:52:20'),(14,'Option B',0,4,'2019-12-16 02:52:20','2019-12-16 02:52:20'),(15,'Option C',0,4,'2019-12-16 02:52:20','2019-12-16 02:52:20'),(16,'Oprion D',0,4,'2019-12-16 02:52:20','2019-12-16 02:52:20');
/*!40000 ALTER TABLE `multiple_choice_im_test` ENABLE KEYS */;
UNLOCK TABLES;

--
-- Table structure for table `onboarding_file`
--

DROP TABLE IF EXISTS `onboarding_file`;
/*!40101 SET @saved_cs_client     = @@character_set_client */;
/*!40101 SET character_set_client = utf8 */;
CREATE TABLE `onboarding_file` (
  `id` bigint(20) unsigned NOT NULL AUTO_INCREMENT,
  `contact_id` bigint(20) unsigned NOT NULL,
  `media_id` bigint(20) unsigned DEFAULT NULL,
  `file_type` varchar(50) COLLATE utf8mb4_unicode_ci DEFAULT NULL,
  `file_name` varchar(255) COLLATE utf8mb4_unicode_ci DEFAULT NULL,
  `name` varchar(255) COLLATE utf8mb4_unicode_ci DEFAULT NULL,
  `created_at` timestamp NULL DEFAULT NULL,
  `updated_at` timestamp NULL DEFAULT NULL,
  `attachments_id` bigint(20) DEFAULT NULL,
  PRIMARY KEY (`id`),
  KEY `onboarding_file_contact_id_foreign` (`contact_id`),
  CONSTRAINT `onboarding_file_contact_id_foreign` FOREIGN KEY (`contact_id`) REFERENCES `contact_information` (`id`) ON DELETE CASCADE
) ENGINE=InnoDB DEFAULT CHARSET=utf8mb4 COLLATE=utf8mb4_unicode_ci;
/*!40101 SET character_set_client = @saved_cs_client */;

--
-- Dumping data for table `onboarding_file`
--

LOCK TABLES `onboarding_file` WRITE;
/*!40000 ALTER TABLE `onboarding_file` DISABLE KEYS */;
/*!40000 ALTER TABLE `onboarding_file` ENABLE KEYS */;
UNLOCK TABLES;

--
-- Table structure for table `one_time_tokens`
--

DROP TABLE IF EXISTS `one_time_tokens`;
/*!40101 SET @saved_cs_client     = @@character_set_client */;
/*!40101 SET character_set_client = utf8 */;
CREATE TABLE `one_time_tokens` (
  `id` bigint(20) unsigned NOT NULL AUTO_INCREMENT,
  `user_id` int(10) unsigned NOT NULL,
  `token` text COLLATE utf8_unicode_ci NOT NULL,
  `created_at` timestamp NULL DEFAULT NULL,
  `updated_at` timestamp NULL DEFAULT NULL,
  PRIMARY KEY (`id`),
  KEY `one_time_tokens_user_id_foreign` (`user_id`),
  CONSTRAINT `one_time_tokens_user_id_foreign` FOREIGN KEY (`user_id`) REFERENCES `users` (`id`) ON DELETE CASCADE
) ENGINE=InnoDB AUTO_INCREMENT=4 DEFAULT CHARSET=utf8 COLLATE=utf8_unicode_ci;
/*!40101 SET character_set_client = @saved_cs_client */;

--
-- Dumping data for table `one_time_tokens`
--

LOCK TABLES `one_time_tokens` WRITE;
/*!40000 ALTER TABLE `one_time_tokens` DISABLE KEYS */;
INSERT INTO `one_time_tokens` VALUES (1,3,'aa40de1287582a108dec75c9fc48630a','2023-04-27 03:17:50','2023-04-27 03:17:50'),(2,3,'f9758cd0e549ae0ee592e01a6006a9a0','2023-04-27 03:19:11','2023-04-27 03:19:11'),(3,3,'9d6659619d0b5841d7c896ff2e0cb517','2023-04-27 03:19:50','2023-04-27 03:19:50');
/*!40000 ALTER TABLE `one_time_tokens` ENABLE KEYS */;
UNLOCK TABLES;

--
-- Table structure for table `p11_addresses`
--

DROP TABLE IF EXISTS `p11_addresses`;
/*!40101 SET @saved_cs_client     = @@character_set_client */;
/*!40101 SET character_set_client = utf8 */;
CREATE TABLE `p11_addresses` (
  `id` int(10) unsigned NOT NULL AUTO_INCREMENT,
  `address` text COLLATE utf8mb4_unicode_ci NOT NULL,
  `city` varchar(255) COLLATE utf8mb4_unicode_ci NOT NULL,
  `telephone` varchar(255) COLLATE utf8mb4_unicode_ci DEFAULT NULL,
  `country_id` int(10) unsigned NOT NULL,
  `type` enum('permanent','present','both') COLLATE utf8mb4_unicode_ci NOT NULL,
  `profile_id` int(10) unsigned NOT NULL,
  `created_at` timestamp NULL DEFAULT NULL,
  `updated_at` timestamp NULL DEFAULT NULL,
  `fax` varchar(255) COLLATE utf8mb4_unicode_ci DEFAULT NULL,
  `postcode` varchar(255) COLLATE utf8mb4_unicode_ci DEFAULT NULL,
  PRIMARY KEY (`id`),
  KEY `p11_addresses_country_id_foreign` (`country_id`),
  KEY `p11_addresses_profile_id_foreign` (`profile_id`),
  CONSTRAINT `p11_addresses_country_id_foreign` FOREIGN KEY (`country_id`) REFERENCES `countries` (`id`),
  CONSTRAINT `p11_addresses_profile_id_foreign` FOREIGN KEY (`profile_id`) REFERENCES `profiles` (`id`) ON DELETE CASCADE
) ENGINE=InnoDB AUTO_INCREMENT=1882 DEFAULT CHARSET=utf8mb4 COLLATE=utf8mb4_unicode_ci;
/*!40101 SET character_set_client = @saved_cs_client */;

--
-- Dumping data for table `p11_addresses`
--

LOCK TABLES `p11_addresses` WRITE;
/*!40000 ALTER TABLE `p11_addresses` DISABLE KEYS */;
INSERT INTO `p11_addresses` VALUES (1497,'Gedung Forum Nine Jl Imam Bonjol no.9 lt. 9 Regus Office','Medan',NULL,1,'both',1,'2019-10-02 22:02:21','2019-10-02 22:02:21',NULL,NULL);
/*!40000 ALTER TABLE `p11_addresses` ENABLE KEYS */;
UNLOCK TABLES;

--
-- Table structure for table `p11_country_experiences`
--

DROP TABLE IF EXISTS `p11_country_experiences`;
/*!40101 SET @saved_cs_client     = @@character_set_client */;
/*!40101 SET character_set_client = utf8 */;
CREATE TABLE `p11_country_experiences` (
  `id` bigint(20) unsigned NOT NULL AUTO_INCREMENT,
  `profile_id` int(10) unsigned NOT NULL,
  `country_id` int(10) unsigned NOT NULL,
  `years` int(10) unsigned NOT NULL DEFAULT 0,
  `months` int(10) unsigned NOT NULL DEFAULT 0,
  `days` int(10) unsigned NOT NULL DEFAULT 0,
  `created_at` timestamp NULL DEFAULT NULL,
  `updated_at` timestamp NULL DEFAULT NULL,
  PRIMARY KEY (`id`),
  KEY `p11_country_experiences_profile_id_foreign` (`profile_id`),
  KEY `p11_country_experiences_country_id_foreign` (`country_id`),
  CONSTRAINT `p11_country_experiences_country_id_foreign` FOREIGN KEY (`country_id`) REFERENCES `countries` (`id`),
  CONSTRAINT `p11_country_experiences_profile_id_foreign` FOREIGN KEY (`profile_id`) REFERENCES `profiles` (`id`) ON DELETE CASCADE
) ENGINE=InnoDB AUTO_INCREMENT=1676 DEFAULT CHARSET=utf8mb4 COLLATE=utf8mb4_unicode_ci;
/*!40101 SET character_set_client = @saved_cs_client */;

--
-- Dumping data for table `p11_country_experiences`
--

LOCK TABLES `p11_country_experiences` WRITE;
/*!40000 ALTER TABLE `p11_country_experiences` DISABLE KEYS */;
INSERT INTO `p11_country_experiences` VALUES (1,1,1,1,18,575,'2020-02-18 20:30:32','2020-07-28 20:14:36'),(1667,1,2,2,24,730,'2020-05-06 23:53:25','2020-07-28 20:14:36'),(1668,2063,1,2,27,832,'2020-05-12 21:13:51','2020-05-12 21:13:51'),(1669,2064,1,2,28,869,'2020-05-18 21:44:45','2020-05-18 21:44:45'),(1671,2062,4,4,53,1634,'2020-07-23 01:37:55','2020-07-23 01:37:55'),(1673,1588,1,3,36,1096,'2020-07-28 21:13:27','2020-07-28 21:13:38'),(1674,2067,5,5,65,1986,'2022-07-11 05:10:05','2022-07-11 05:10:05'),(1675,2069,4,5,67,2053,'2022-08-16 06:02:35','2022-08-16 06:02:35');
/*!40000 ALTER TABLE `p11_country_experiences` ENABLE KEYS */;
UNLOCK TABLES;

--
-- Table structure for table `p11_country_profile`
--

DROP TABLE IF EXISTS `p11_country_profile`;
/*!40101 SET @saved_cs_client     = @@character_set_client */;
/*!40101 SET character_set_client = utf8 */;
CREATE TABLE `p11_country_profile` (
  `id` int(10) unsigned NOT NULL AUTO_INCREMENT,
  `country_id` int(10) unsigned NOT NULL,
  `profile_id` int(10) unsigned NOT NULL,
  `time` enum('birth','present') COLLATE utf8mb4_unicode_ci NOT NULL,
  `created_at` timestamp NULL DEFAULT NULL,
  `updated_at` timestamp NULL DEFAULT NULL,
  PRIMARY KEY (`id`),
  KEY `p11_country_profile_country_id_foreign` (`country_id`),
  KEY `p11_country_profile_profile_id_foreign` (`profile_id`),
  CONSTRAINT `p11_country_profile_country_id_foreign` FOREIGN KEY (`country_id`) REFERENCES `countries` (`id`),
  CONSTRAINT `p11_country_profile_profile_id_foreign` FOREIGN KEY (`profile_id`) REFERENCES `profiles` (`id`) ON DELETE CASCADE
) ENGINE=InnoDB AUTO_INCREMENT=1532 DEFAULT CHARSET=utf8mb4 COLLATE=utf8mb4_unicode_ci;
/*!40101 SET character_set_client = @saved_cs_client */;

--
-- Dumping data for table `p11_country_profile`
--

LOCK TABLES `p11_country_profile` WRITE;
/*!40000 ALTER TABLE `p11_country_profile` DISABLE KEYS */;
INSERT INTO `p11_country_profile` VALUES (14,1,1,'birth',NULL,NULL),(15,1,1,'present',NULL,'2020-07-28 21:05:53'),(1523,1,2063,'present','2020-05-11 02:19:08','2020-07-27 21:12:42'),(1524,1,2064,'present','2020-05-18 21:38:19','2020-07-23 02:36:07'),(1526,1,2062,'present','2020-07-23 01:36:38','2020-07-23 01:36:38'),(1528,1,1588,'present','2020-07-28 21:09:22','2020-07-28 21:09:22'),(1529,4,2067,'present','2022-07-11 05:08:30','2022-07-11 05:08:30'),(1530,4,2069,'present','2022-08-16 05:06:55','2022-08-17 02:24:59'),(1531,4,2070,'present','2023-02-22 02:30:56','2023-02-22 03:00:04');
/*!40000 ALTER TABLE `p11_country_profile` ENABLE KEYS */;
UNLOCK TABLES;

--
-- Table structure for table `p11_dependents`
--

DROP TABLE IF EXISTS `p11_dependents`;
/*!40101 SET @saved_cs_client     = @@character_set_client */;
/*!40101 SET character_set_client = utf8 */;
CREATE TABLE `p11_dependents` (
  `id` int(10) unsigned NOT NULL AUTO_INCREMENT,
  `first_name` varchar(255) COLLATE utf8mb4_unicode_ci NOT NULL,
  `middle_name` varchar(255) COLLATE utf8mb4_unicode_ci DEFAULT NULL,
  `family_name` varchar(255) COLLATE utf8mb4_unicode_ci NOT NULL,
  `full_name` varchar(255) COLLATE utf8mb4_unicode_ci NOT NULL,
  `bdate` enum('01','02','03','04','05','06','07','08','09','10','11','12','13','14','15','16','17','18','19','20','21','22','23','24','25','26','27','28','29','30','31') COLLATE utf8mb4_unicode_ci DEFAULT NULL,
  `bmonth` enum('01','02','03','04','05','06','07','08','09','10','11','12') COLLATE utf8mb4_unicode_ci DEFAULT NULL,
  `byear` year(4) DEFAULT NULL,
  `date_of_birth` date NOT NULL,
  `relationship` varchar(255) COLLATE utf8mb4_unicode_ci NOT NULL,
  `created_at` timestamp NULL DEFAULT NULL,
  `updated_at` timestamp NULL DEFAULT NULL,
  `profile_id` int(10) unsigned DEFAULT NULL,
  PRIMARY KEY (`id`),
  KEY `p11_dependents_profile_id_foreign` (`profile_id`),
  CONSTRAINT `p11_dependents_profile_id_foreign` FOREIGN KEY (`profile_id`) REFERENCES `profiles` (`id`) ON DELETE CASCADE
) ENGINE=InnoDB DEFAULT CHARSET=utf8mb4 COLLATE=utf8mb4_unicode_ci;
/*!40101 SET character_set_client = @saved_cs_client */;

--
-- Dumping data for table `p11_dependents`
--

LOCK TABLES `p11_dependents` WRITE;
/*!40000 ALTER TABLE `p11_dependents` DISABLE KEYS */;
/*!40000 ALTER TABLE `p11_dependents` ENABLE KEYS */;
UNLOCK TABLES;

--
-- Table structure for table `p11_education_schools`
--

DROP TABLE IF EXISTS `p11_education_schools`;
/*!40101 SET @saved_cs_client     = @@character_set_client */;
/*!40101 SET character_set_client = utf8 */;
CREATE TABLE `p11_education_schools` (
  `id` int(10) unsigned NOT NULL AUTO_INCREMENT,
  `name` varchar(255) COLLATE utf8mb4_unicode_ci NOT NULL,
  `place` varchar(255) COLLATE utf8mb4_unicode_ci NOT NULL,
  `type` varchar(255) COLLATE utf8mb4_unicode_ci DEFAULT NULL,
  `attended_from` date NOT NULL,
  `attended_to` date NOT NULL,
  `certificate` varchar(255) COLLATE utf8mb4_unicode_ci NOT NULL,
  `created_at` timestamp NULL DEFAULT NULL,
  `updated_at` timestamp NULL DEFAULT NULL,
  `profile_id` int(10) unsigned NOT NULL,
  `country_id` int(10) unsigned NOT NULL,
  `certificate_file_id` int(10) unsigned DEFAULT NULL,
  PRIMARY KEY (`id`),
  KEY `p11_education_schools_country_id_foreign` (`country_id`),
  KEY `p11_education_schools_profile_id_foreign` (`profile_id`),
  KEY `p11_education_schools_certificate_file_id_foreign` (`certificate_file_id`),
  CONSTRAINT `p11_education_schools_certificate_file_id_foreign` FOREIGN KEY (`certificate_file_id`) REFERENCES `attachments` (`id`) ON DELETE SET NULL,
  CONSTRAINT `p11_education_schools_country_id_foreign` FOREIGN KEY (`country_id`) REFERENCES `countries` (`id`),
  CONSTRAINT `p11_education_schools_profile_id_foreign` FOREIGN KEY (`profile_id`) REFERENCES `profiles` (`id`) ON DELETE CASCADE
) ENGINE=InnoDB AUTO_INCREMENT=1871 DEFAULT CHARSET=utf8mb4 COLLATE=utf8mb4_unicode_ci;
/*!40101 SET character_set_client = @saved_cs_client */;

--
-- Dumping data for table `p11_education_schools`
--

LOCK TABLES `p11_education_schools` WRITE;
/*!40000 ALTER TABLE `p11_education_schools` DISABLE KEYS */;
/*!40000 ALTER TABLE `p11_education_schools` ENABLE KEYS */;
UNLOCK TABLES;

--
-- Table structure for table `p11_education_universities`
--

DROP TABLE IF EXISTS `p11_education_universities`;
/*!40101 SET @saved_cs_client     = @@character_set_client */;
/*!40101 SET character_set_client = utf8 */;
CREATE TABLE `p11_education_universities` (
  `id` int(10) unsigned NOT NULL AUTO_INCREMENT,
  `name` varchar(255) COLLATE utf8mb4_unicode_ci NOT NULL,
  `place` varchar(255) COLLATE utf8mb4_unicode_ci NOT NULL,
  `attended_from` date NOT NULL,
  `attended_to` date NOT NULL,
  `degree` varchar(255) COLLATE utf8mb4_unicode_ci NOT NULL,
  `study` varchar(255) COLLATE utf8mb4_unicode_ci DEFAULT NULL,
  `created_at` timestamp NULL DEFAULT NULL,
  `updated_at` timestamp NULL DEFAULT NULL,
  `profile_id` int(10) unsigned NOT NULL,
  `country_id` int(10) unsigned NOT NULL,
  `diploma_file_id` int(10) unsigned DEFAULT NULL,
  `degree_level_id` int(10) unsigned DEFAULT NULL,
  `untilNow` tinyint(4) NOT NULL,
  PRIMARY KEY (`id`),
  KEY `p11_education_universities_country_id_foreign` (`country_id`),
  KEY `p11_education_universities_profile_id_foreign` (`profile_id`),
  KEY `p11_education_universities_diploma_file_id_foreign` (`diploma_file_id`),
  KEY `p11_education_universities_degree_level_id_foreign` (`degree_level_id`),
  CONSTRAINT `p11_education_universities_country_id_foreign` FOREIGN KEY (`country_id`) REFERENCES `countries` (`id`),
  CONSTRAINT `p11_education_universities_degree_level_id_foreign` FOREIGN KEY (`degree_level_id`) REFERENCES `degree_levels` (`id`),
  CONSTRAINT `p11_education_universities_diploma_file_id_foreign` FOREIGN KEY (`diploma_file_id`) REFERENCES `attachments` (`id`) ON DELETE SET NULL,
  CONSTRAINT `p11_education_universities_profile_id_foreign` FOREIGN KEY (`profile_id`) REFERENCES `profiles` (`id`) ON DELETE CASCADE
) ENGINE=InnoDB AUTO_INCREMENT=2086 DEFAULT CHARSET=utf8mb4 COLLATE=utf8mb4_unicode_ci;
/*!40101 SET character_set_client = @saved_cs_client */;

--
-- Dumping data for table `p11_education_universities`
--

LOCK TABLES `p11_education_universities` WRITE;
/*!40000 ALTER TABLE `p11_education_universities` DISABLE KEYS */;
INSERT INTO `p11_education_universities` VALUES (29,'University 1','Somewhere on Earth','2012-04-01','2013-03-01','Manajemen','Information System Management','2019-03-24 18:08:06','2020-07-28 21:01:17',1,1,32,3,0),(30,'University 2','Somewhere on Earth','2008-08-01','2012-03-01','Teknik','Informatics Technology and Computer Science','2019-03-26 03:04:48','2020-07-28 21:01:34',1,1,31,2,0),(2079,'Syiah Kuala','Banda Aceh','2010-08-01','2020-05-13','S.Si','mmm','2020-05-12 21:13:05','2020-05-12 21:13:05',2063,1,NULL,2,1),(2080,'Syiah Kuala University','Banda Aceh','2011-08-01','2020-05-19','S.Sc','Math','2020-05-18 21:40:30','2020-05-18 21:40:30',2064,1,NULL,2,1),(2082,'tes','Medan','2011-03-01','2019-01-01','asdasd',NULL,'2020-07-20 01:02:29','2020-07-20 01:02:29',2062,4,NULL,2,0),(2083,'University 1','Somewhere on Earth','2010-04-01','2014-03-01','Degree',NULL,'2020-07-28 21:12:11','2020-07-28 21:12:11',1588,1,NULL,2,0),(2084,'333','Goma','2017-04-01','2021-08-01','eeeee',NULL,'2022-07-11 05:09:16','2022-07-11 05:09:16',2067,229,NULL,1,0),(2085,'ulk','goma','2015-06-01','2022-08-17','deg',NULL,'2022-08-17 02:23:04','2022-08-17 02:23:04',2069,6,NULL,1,1);
/*!40000 ALTER TABLE `p11_education_universities` ENABLE KEYS */;
UNLOCK TABLES;

--
-- Table structure for table `p11_employment_records`
--

DROP TABLE IF EXISTS `p11_employment_records`;
/*!40101 SET @saved_cs_client     = @@character_set_client */;
/*!40101 SET character_set_client = utf8 */;
CREATE TABLE `p11_employment_records` (
  `id` int(10) unsigned NOT NULL AUTO_INCREMENT,
  `employer_name` varchar(255) COLLATE utf8mb4_unicode_ci NOT NULL,
  `employer_address` text COLLATE utf8mb4_unicode_ci DEFAULT NULL,
  `from` date NOT NULL,
  `to` date NOT NULL,
  `starting_salary` int(11) DEFAULT NULL,
  `final_salary` int(11) DEFAULT NULL,
  `job_title` varchar(255) COLLATE utf8mb4_unicode_ci NOT NULL,
  `job_description` text COLLATE utf8mb4_unicode_ci NOT NULL,
  `business_type` varchar(255) COLLATE utf8mb4_unicode_ci NOT NULL,
  `supervisor_name` varchar(255) COLLATE utf8mb4_unicode_ci DEFAULT NULL,
  `number_of_employees_supervised` int(10) unsigned DEFAULT NULL,
  `kind_of_employees_supervised` text COLLATE utf8mb4_unicode_ci DEFAULT NULL,
  `reason_for_leaving` text COLLATE utf8mb4_unicode_ci DEFAULT NULL,
  `created_at` timestamp NULL DEFAULT NULL,
  `updated_at` timestamp NULL DEFAULT NULL,
  `profile_id` int(10) unsigned NOT NULL,
  `country_id` int(10) unsigned NOT NULL,
  `untilNow` tinyint(1) NOT NULL,
  PRIMARY KEY (`id`),
  KEY `p11_employment_records_country_id_foreign` (`country_id`),
  KEY `p11_employment_records_profile_id_foreign` (`profile_id`),
  CONSTRAINT `p11_employment_records_country_id_foreign` FOREIGN KEY (`country_id`) REFERENCES `countries` (`id`),
  CONSTRAINT `p11_employment_records_profile_id_foreign` FOREIGN KEY (`profile_id`) REFERENCES `profiles` (`id`) ON DELETE CASCADE
) ENGINE=InnoDB AUTO_INCREMENT=3623 DEFAULT CHARSET=utf8mb4 COLLATE=utf8mb4_unicode_ci;
/*!40101 SET character_set_client = @saved_cs_client */;

--
-- Dumping data for table `p11_employment_records`
--

LOCK TABLES `p11_employment_records` WRITE;
/*!40000 ALTER TABLE `p11_employment_records` DISABLE KEYS */;
INSERT INTO `p11_employment_records` VALUES (26,'iMMAP','Washington','2019-01-01','2020-07-29',1000,1000,'Developer','Develop','NGO','Carlos',NULL,NULL,NULL,'2019-11-11 05:07:31','2020-07-28 20:14:36',1,1,1),(3614,'tes','tes','2016-03-01','2018-03-01',NULL,NULL,'tes','tes','tes','tes',NULL,NULL,'tes','2020-05-06 23:53:25','2020-05-06 23:53:25',1,2,0),(3615,'xxxx','xxxx','2018-02-01','2020-05-13',NULL,NULL,'xxx','xxx','xxxx','xxx',NULL,NULL,NULL,'2020-05-12 21:13:51','2020-05-12 21:13:51',2063,1,1),(3616,'SRI','Banda Aceh','2018-01-01','2020-05-19',NULL,NULL,'Web Developer','Web Developer','IT','M Yakob',NULL,NULL,NULL,'2020-05-18 21:44:45','2020-05-18 21:44:45',2064,1,1),(3618,'asdasd',NULL,'2016-02-01','2020-07-23',NULL,NULL,'asdasd','asdasdas','asdasd',NULL,NULL,NULL,NULL,'2020-07-23 01:37:55','2020-07-23 01:37:55',2062,4,1),(3620,'Employer 1',NULL,'2014-10-01','2017-10-01',NULL,NULL,'Developer','Develop web','IT',NULL,NULL,NULL,NULL,'2020-07-28 21:13:27','2020-07-28 21:13:27',1588,1,0),(3621,'eeeee',NULL,'2017-02-01','2022-07-11',NULL,NULL,'eeeeeee','eeeee','eeeee',NULL,NULL,NULL,NULL,'2022-07-11 05:10:05','2022-07-11 05:10:05',2067,5,1),(3622,'immap',NULL,'2017-01-01','2022-08-16',NULL,NULL,'software eng','duties','ngo',NULL,2,NULL,NULL,'2022-08-16 06:02:35','2022-08-16 06:02:35',2069,4,1);
/*!40000 ALTER TABLE `p11_employment_records` ENABLE KEYS */;
UNLOCK TABLES;

--
-- Table structure for table `p11_employment_records_sectors`
--

DROP TABLE IF EXISTS `p11_employment_records_sectors`;
/*!40101 SET @saved_cs_client     = @@character_set_client */;
/*!40101 SET character_set_client = utf8 */;
CREATE TABLE `p11_employment_records_sectors` (
  `id` int(10) unsigned NOT NULL AUTO_INCREMENT,
  `p11_employment_id` int(10) unsigned NOT NULL,
  `sector_id` int(10) unsigned NOT NULL,
  `created_at` timestamp NULL DEFAULT NULL,
  `updated_at` timestamp NULL DEFAULT NULL,
  PRIMARY KEY (`id`),
  KEY `p11_employment_records_sectors_p11_employment_id_foreign` (`p11_employment_id`),
  KEY `p11_employment_records_sectors_sector_id_foreign` (`sector_id`),
  CONSTRAINT `p11_employment_records_sectors_p11_employment_id_foreign` FOREIGN KEY (`p11_employment_id`) REFERENCES `p11_employment_records` (`id`) ON DELETE CASCADE,
  CONSTRAINT `p11_employment_records_sectors_sector_id_foreign` FOREIGN KEY (`sector_id`) REFERENCES `sectors` (`id`)
) ENGINE=InnoDB AUTO_INCREMENT=13099 DEFAULT CHARSET=utf8mb4 COLLATE=utf8mb4_unicode_ci;
/*!40101 SET character_set_client = @saved_cs_client */;

--
-- Dumping data for table `p11_employment_records_sectors`
--

LOCK TABLES `p11_employment_records_sectors` WRITE;
/*!40000 ALTER TABLE `p11_employment_records_sectors` DISABLE KEYS */;
INSERT INTO `p11_employment_records_sectors` VALUES (13087,3614,18,'2020-05-06 23:53:25','2020-05-06 23:53:25'),(13095,26,9,'2020-07-28 20:14:36','2022-05-24 06:55:19'),(13096,3620,18,'2020-07-28 21:13:38','2020-07-28 21:13:38'),(13097,3621,20,'2022-07-11 05:10:05','2022-07-11 05:10:05'),(13098,3622,20,'2022-08-16 06:02:35','2022-08-16 06:02:35');
/*!40000 ALTER TABLE `p11_employment_records_sectors` ENABLE KEYS */;
UNLOCK TABLES;

--
-- Table structure for table `p11_employment_records_skills`
--

DROP TABLE IF EXISTS `p11_employment_records_skills`;
/*!40101 SET @saved_cs_client     = @@character_set_client */;
/*!40101 SET character_set_client = utf8 */;
CREATE TABLE `p11_employment_records_skills` (
  `id` int(10) unsigned NOT NULL AUTO_INCREMENT,
  `p11_employment_record_id` int(10) unsigned NOT NULL,
  `skill_id` int(10) unsigned NOT NULL,
  `proficiency` int(11) NOT NULL DEFAULT 0,
  `created_at` timestamp NULL DEFAULT NULL,
  `updated_at` timestamp NULL DEFAULT NULL,
  PRIMARY KEY (`id`),
  KEY `p11_employment_records_skills_p11_employment_record_id_foreign` (`p11_employment_record_id`),
  KEY `p11_employment_records_skills_skill_id_foreign` (`skill_id`),
  CONSTRAINT `p11_employment_records_skills_p11_employment_record_id_foreign` FOREIGN KEY (`p11_employment_record_id`) REFERENCES `p11_employment_records` (`id`) ON DELETE CASCADE,
  CONSTRAINT `p11_employment_records_skills_skill_id_foreign` FOREIGN KEY (`skill_id`) REFERENCES `skills` (`id`)
) ENGINE=InnoDB AUTO_INCREMENT=42892 DEFAULT CHARSET=utf8mb4 COLLATE=utf8mb4_unicode_ci;
/*!40101 SET character_set_client = @saved_cs_client */;

--
-- Dumping data for table `p11_employment_records_skills`
--

LOCK TABLES `p11_employment_records_skills` WRITE;
/*!40000 ALTER TABLE `p11_employment_records_skills` DISABLE KEYS */;
INSERT INTO `p11_employment_records_skills` VALUES (42865,3614,77,0,'2020-05-06 23:53:25','2022-07-20 17:39:48'),(42867,3615,51,0,'2020-05-12 21:13:51','2020-05-12 21:13:51'),(42878,3616,54,0,'2020-05-18 21:44:45','2020-05-18 21:44:45'),(42880,3618,51,0,'2020-07-23 01:37:55','2020-07-23 01:37:55'),(42885,26,2,0,'2020-07-28 20:14:36','2020-07-28 20:14:36'),(42886,26,15,0,'2020-07-28 20:14:36','2020-07-28 20:14:36'),(42887,26,52,0,'2020-07-28 20:14:36','2020-07-28 20:14:36'),(42889,3620,19,0,'2020-07-28 21:13:38','2020-07-28 21:13:38'),(42890,3621,77,0,'2022-07-11 05:10:05','2022-07-11 05:10:05'),(42891,3622,2,0,'2022-08-16 06:02:35','2022-08-16 06:02:35');
/*!40000 ALTER TABLE `p11_employment_records_skills` ENABLE KEYS */;
UNLOCK TABLES;

--
-- Table structure for table `p11_field_of_works`
--

DROP TABLE IF EXISTS `p11_field_of_works`;
/*!40101 SET @saved_cs_client     = @@character_set_client */;
/*!40101 SET character_set_client = utf8 */;
CREATE TABLE `p11_field_of_works` (
  `id` int(10) unsigned NOT NULL AUTO_INCREMENT,
  `field_of_work_id` int(10) unsigned NOT NULL,
  `profile_id` int(10) unsigned NOT NULL,
  `created_at` timestamp NULL DEFAULT NULL,
  `updated_at` timestamp NULL DEFAULT NULL,
  PRIMARY KEY (`id`),
  KEY `p11_field_of_works_field_of_work_id_foreign` (`field_of_work_id`),
  KEY `p11_field_of_works_profile_id_foreign` (`profile_id`),
  CONSTRAINT `p11_field_of_works_field_of_work_id_foreign` FOREIGN KEY (`field_of_work_id`) REFERENCES `field_of_works` (`id`),
  CONSTRAINT `p11_field_of_works_profile_id_foreign` FOREIGN KEY (`profile_id`) REFERENCES `profiles` (`id`) ON DELETE CASCADE
) ENGINE=InnoDB AUTO_INCREMENT=6590 DEFAULT CHARSET=utf8mb4 COLLATE=utf8mb4_unicode_ci;
/*!40101 SET character_set_client = @saved_cs_client */;

--
-- Dumping data for table `p11_field_of_works`
--

LOCK TABLES `p11_field_of_works` WRITE;
/*!40000 ALTER TABLE `p11_field_of_works` DISABLE KEYS */;
INSERT INTO `p11_field_of_works` VALUES (5539,36,1,'2020-03-31 23:49:44','2020-03-31 23:49:44'),(6581,36,2064,'2020-05-18 21:38:49','2020-05-18 21:38:49'),(6583,16,2062,'2020-07-23 01:36:53','2020-07-23 01:36:53'),(6584,23,1588,'2020-07-28 21:07:37','2020-07-28 21:07:37'),(6585,16,2067,'2022-07-11 05:08:39','2022-07-11 05:08:39'),(6586,37,2067,'2022-07-11 05:08:40','2022-07-11 05:08:40'),(6587,16,2069,'2022-08-17 02:22:39','2022-08-17 02:22:39'),(6588,16,2063,'2022-10-13 04:13:12','2022-10-13 04:13:12'),(6589,16,2070,'2023-02-22 02:30:58','2023-02-22 02:30:58');
/*!40000 ALTER TABLE `p11_field_of_works` ENABLE KEYS */;
UNLOCK TABLES;

--
-- Table structure for table `p11_languages`
--

DROP TABLE IF EXISTS `p11_languages`;
/*!40101 SET @saved_cs_client     = @@character_set_client */;
/*!40101 SET character_set_client = utf8 */;
CREATE TABLE `p11_languages` (
  `id` int(10) unsigned NOT NULL AUTO_INCREMENT,
  `created_at` timestamp NULL DEFAULT NULL,
  `updated_at` timestamp NULL DEFAULT NULL,
  `profile_id` int(10) unsigned NOT NULL,
  `is_mother_tongue` tinyint(1) NOT NULL DEFAULT 0,
  `language_id` int(10) unsigned NOT NULL,
  `language_level_id` bigint(20) unsigned DEFAULT NULL,
  PRIMARY KEY (`id`),
  KEY `p11_languages_profile_id_foreign` (`profile_id`),
  KEY `p11_languages_language_id_foreign` (`language_id`),
  KEY `p11_languages_language_level_id_foreign` (`language_level_id`),
  CONSTRAINT `p11_languages_language_id_foreign` FOREIGN KEY (`language_id`) REFERENCES `languages` (`id`),
  CONSTRAINT `p11_languages_language_level_id_foreign` FOREIGN KEY (`language_level_id`) REFERENCES `language_levels` (`id`),
  CONSTRAINT `p11_languages_profile_id_foreign` FOREIGN KEY (`profile_id`) REFERENCES `profiles` (`id`) ON DELETE CASCADE
) ENGINE=InnoDB AUTO_INCREMENT=3373 DEFAULT CHARSET=utf8mb4 COLLATE=utf8mb4_unicode_ci;
/*!40101 SET character_set_client = @saved_cs_client */;

--
-- Dumping data for table `p11_languages`
--

LOCK TABLES `p11_languages` WRITE;
/*!40000 ALTER TABLE `p11_languages` DISABLE KEYS */;
INSERT INTO `p11_languages` VALUES (7,'2019-02-27 12:03:40','2020-03-04 20:52:23',1,1,1,3),(8,'2019-02-27 12:05:21','2020-03-04 20:52:23',1,0,2,2),(3364,'2020-05-18 21:39:16','2020-05-18 21:39:16',2064,1,1,3),(3366,'2020-07-23 01:37:07','2020-07-23 01:37:07',2062,1,11,1),(3367,'2020-07-28 21:07:54','2020-07-28 21:07:54',1588,1,1,3),(3368,'2020-07-28 21:08:02','2020-07-28 21:08:02',1588,0,2,2),(3369,'2022-07-11 05:08:48','2022-07-11 05:08:48',2067,1,11,1),(3370,'2022-08-17 02:23:14','2022-08-17 02:23:14',2069,1,11,1),(3371,'2022-10-13 04:13:23','2022-10-13 04:13:23',2063,1,11,1),(3372,'2023-02-22 02:31:06','2023-02-22 02:31:06',2070,1,12,1);
/*!40000 ALTER TABLE `p11_languages` ENABLE KEYS */;
UNLOCK TABLES;

--
-- Table structure for table `p11_legal_permanent_residence_status`
--

DROP TABLE IF EXISTS `p11_legal_permanent_residence_status`;
/*!40101 SET @saved_cs_client     = @@character_set_client */;
/*!40101 SET character_set_client = utf8 */;
CREATE TABLE `p11_legal_permanent_residence_status` (
  `id` int(10) unsigned NOT NULL AUTO_INCREMENT,
  `country_id` int(10) unsigned NOT NULL,
  `profile_id` int(10) unsigned NOT NULL,
  `created_at` timestamp NULL DEFAULT NULL,
  `updated_at` timestamp NULL DEFAULT NULL,
  PRIMARY KEY (`id`),
  KEY `p11_legal_permanent_residence_status_country_id_foreign` (`country_id`),
  KEY `p11_legal_permanent_residence_status_profile_id_foreign` (`profile_id`),
  CONSTRAINT `p11_legal_permanent_residence_status_country_id_foreign` FOREIGN KEY (`country_id`) REFERENCES `countries` (`id`),
  CONSTRAINT `p11_legal_permanent_residence_status_profile_id_foreign` FOREIGN KEY (`profile_id`) REFERENCES `profiles` (`id`) ON DELETE CASCADE
) ENGINE=InnoDB AUTO_INCREMENT=166 DEFAULT CHARSET=utf8mb4 COLLATE=utf8mb4_unicode_ci;
/*!40101 SET character_set_client = @saved_cs_client */;

--
-- Dumping data for table `p11_legal_permanent_residence_status`
--

LOCK TABLES `p11_legal_permanent_residence_status` WRITE;
/*!40000 ALTER TABLE `p11_legal_permanent_residence_status` DISABLE KEYS */;
/*!40000 ALTER TABLE `p11_legal_permanent_residence_status` ENABLE KEYS */;
UNLOCK TABLES;

--
-- Table structure for table `p11_legal_permanent_residence_status_countries`
--

DROP TABLE IF EXISTS `p11_legal_permanent_residence_status_countries`;
/*!40101 SET @saved_cs_client     = @@character_set_client */;
/*!40101 SET character_set_client = utf8 */;
CREATE TABLE `p11_legal_permanent_residence_status_countries` (
  `id` int(10) unsigned NOT NULL AUTO_INCREMENT,
  `country_id` int(10) unsigned NOT NULL,
  `profile_id` int(10) unsigned NOT NULL,
  `created_at` timestamp NULL DEFAULT NULL,
  `updated_at` timestamp NULL DEFAULT NULL,
  PRIMARY KEY (`id`),
  KEY `legal_permanent_profile_id` (`profile_id`),
  CONSTRAINT `legal_permanent_profile_id` FOREIGN KEY (`profile_id`) REFERENCES `profiles` (`id`) ON DELETE CASCADE
) ENGINE=InnoDB DEFAULT CHARSET=utf8mb4 COLLATE=utf8mb4_unicode_ci;
/*!40101 SET character_set_client = @saved_cs_client */;

--
-- Dumping data for table `p11_legal_permanent_residence_status_countries`
--

LOCK TABLES `p11_legal_permanent_residence_status_countries` WRITE;
/*!40000 ALTER TABLE `p11_legal_permanent_residence_status_countries` DISABLE KEYS */;
/*!40000 ALTER TABLE `p11_legal_permanent_residence_status_countries` ENABLE KEYS */;
UNLOCK TABLES;

--
-- Table structure for table `p11_permanent_civil_servants`
--

DROP TABLE IF EXISTS `p11_permanent_civil_servants`;
/*!40101 SET @saved_cs_client     = @@character_set_client */;
/*!40101 SET character_set_client = utf8 */;
CREATE TABLE `p11_permanent_civil_servants` (
  `id` int(10) unsigned NOT NULL AUTO_INCREMENT,
  `from` date NOT NULL,
  `to` date NOT NULL,
  `is_now` int(10) unsigned NOT NULL DEFAULT 0,
  `institution` varchar(255) COLLATE utf8mb4_unicode_ci DEFAULT NULL,
  `profile_id` int(10) unsigned NOT NULL,
  `created_at` timestamp NULL DEFAULT NULL,
  `updated_at` timestamp NULL DEFAULT NULL,
  PRIMARY KEY (`id`),
  KEY `p11_permanent_civil_servants_profile_id_foreign` (`profile_id`),
  CONSTRAINT `p11_permanent_civil_servants_profile_id_foreign` FOREIGN KEY (`profile_id`) REFERENCES `profiles` (`id`) ON DELETE CASCADE
) ENGINE=InnoDB AUTO_INCREMENT=67 DEFAULT CHARSET=utf8mb4 COLLATE=utf8mb4_unicode_ci;
/*!40101 SET character_set_client = @saved_cs_client */;

--
-- Dumping data for table `p11_permanent_civil_servants`
--

LOCK TABLES `p11_permanent_civil_servants` WRITE;
/*!40000 ALTER TABLE `p11_permanent_civil_servants` DISABLE KEYS */;
/*!40000 ALTER TABLE `p11_permanent_civil_servants` ENABLE KEYS */;
UNLOCK TABLES;

--
-- Table structure for table `p11_phones`
--

DROP TABLE IF EXISTS `p11_phones`;
/*!40101 SET @saved_cs_client     = @@character_set_client */;
/*!40101 SET character_set_client = utf8 */;
CREATE TABLE `p11_phones` (
  `id` bigint(20) unsigned NOT NULL AUTO_INCREMENT,
  `phone` varchar(255) COLLATE utf8mb4_unicode_ci NOT NULL,
  `is_primary` tinyint(1) NOT NULL,
  `profile_id` int(10) unsigned NOT NULL,
  `created_at` timestamp NULL DEFAULT NULL,
  `updated_at` timestamp NULL DEFAULT NULL,
  PRIMARY KEY (`id`),
  KEY `p11_phones_profile_id_foreign` (`profile_id`),
  CONSTRAINT `p11_phones_profile_id_foreign` FOREIGN KEY (`profile_id`) REFERENCES `profiles` (`id`) ON DELETE CASCADE
) ENGINE=InnoDB AUTO_INCREMENT=1726 DEFAULT CHARSET=utf8mb4 COLLATE=utf8mb4_unicode_ci;
/*!40101 SET character_set_client = @saved_cs_client */;

--
-- Dumping data for table `p11_phones`
--

LOCK TABLES `p11_phones` WRITE;
/*!40000 ALTER TABLE `p11_phones` DISABLE KEYS */;
INSERT INTO `p11_phones` VALUES (4,'+62-8999999999',1,1,'2019-09-17 20:32:36','2020-07-28 20:16:14'),(1342,'+971-88888888',1,1588,'2020-03-26 02:02:22','2020-03-26 02:02:22'),(1717,'+62-222222',0,1588,'2020-04-21 03:25:24','2020-04-21 03:25:24'),(1719,'+62-85260142060',0,2063,'2020-05-11 02:19:06','2020-05-11 02:19:06'),(1720,'+62-85260142060',0,2064,'2020-05-18 21:38:12','2020-05-18 21:38:12'),(1722,'+227-137532341',0,2062,'2020-07-23 01:36:28','2020-07-23 01:36:28'),(1723,'999',1,2067,'2022-07-11 05:08:26','2022-07-11 05:08:26'),(1724,'+33-333333',0,2069,'2022-08-17 02:24:56','2022-08-17 02:24:56'),(1725,'+90-099900',0,2070,'2023-02-22 02:30:51','2023-02-22 02:30:51');
/*!40000 ALTER TABLE `p11_phones` ENABLE KEYS */;
UNLOCK TABLES;

--
-- Table structure for table `p11_portfolios`
--

DROP TABLE IF EXISTS `p11_portfolios`;
/*!40101 SET @saved_cs_client     = @@character_set_client */;
/*!40101 SET character_set_client = utf8 */;
CREATE TABLE `p11_portfolios` (
  `id` int(10) unsigned NOT NULL AUTO_INCREMENT,
  `title` varchar(255) COLLATE utf8mb4_unicode_ci NOT NULL,
  `description` text COLLATE utf8mb4_unicode_ci DEFAULT NULL,
  `url` text COLLATE utf8mb4_unicode_ci DEFAULT NULL,
  `attachment_id` int(10) unsigned DEFAULT NULL,
  `profile_id` int(10) unsigned NOT NULL,
  `created_at` timestamp NULL DEFAULT NULL,
  `updated_at` timestamp NULL DEFAULT NULL,
  PRIMARY KEY (`id`),
  KEY `p11_portfolios_attachment_id_foreign` (`attachment_id`),
  KEY `p11_portfolios_profile_id_foreign` (`profile_id`),
  CONSTRAINT `p11_portfolios_attachment_id_foreign` FOREIGN KEY (`attachment_id`) REFERENCES `attachments` (`id`) ON DELETE SET NULL,
  CONSTRAINT `p11_portfolios_profile_id_foreign` FOREIGN KEY (`profile_id`) REFERENCES `profiles` (`id`) ON DELETE CASCADE
) ENGINE=InnoDB AUTO_INCREMENT=264 DEFAULT CHARSET=utf8mb4 COLLATE=utf8mb4_unicode_ci;
/*!40101 SET character_set_client = @saved_cs_client */;

--
-- Dumping data for table `p11_portfolios`
--

LOCK TABLES `p11_portfolios` WRITE;
/*!40000 ALTER TABLE `p11_portfolios` DISABLE KEYS */;
INSERT INTO `p11_portfolios` VALUES (1,'Portfolio 1','Portfolio Description 1','https://immap.org/',20,1,'2019-03-12 18:05:49','2019-04-14 14:07:59'),(3,'Portfolio 2','Portfolio Description 2',NULL,NULL,1,'2019-04-08 13:49:28','2019-04-14 14:08:20'),(263,'Welcome to iMMAP Roster IM Test','asdasdasdasdsssdasdas','http://52.59.188.94/',4372,2062,'2020-07-19 22:33:33','2020-07-19 22:33:33');
/*!40000 ALTER TABLE `p11_portfolios` ENABLE KEYS */;
UNLOCK TABLES;

--
-- Table structure for table `p11_portfolios_sectors`
--

DROP TABLE IF EXISTS `p11_portfolios_sectors`;
/*!40101 SET @saved_cs_client     = @@character_set_client */;
/*!40101 SET character_set_client = utf8 */;
CREATE TABLE `p11_portfolios_sectors` (
  `id` int(10) unsigned NOT NULL AUTO_INCREMENT,
  `p11_portfolio_id` int(10) unsigned NOT NULL,
  `sector_id` int(10) unsigned NOT NULL,
  `created_at` timestamp NULL DEFAULT NULL,
  `updated_at` timestamp NULL DEFAULT NULL,
  PRIMARY KEY (`id`),
  KEY `p11_portfolios_sectors_p11_portfolio_id_foreign` (`p11_portfolio_id`),
  KEY `p11_portfolios_sectors_sector_id_foreign` (`sector_id`),
  CONSTRAINT `p11_portfolios_sectors_p11_portfolio_id_foreign` FOREIGN KEY (`p11_portfolio_id`) REFERENCES `p11_portfolios` (`id`) ON DELETE CASCADE,
  CONSTRAINT `p11_portfolios_sectors_sector_id_foreign` FOREIGN KEY (`sector_id`) REFERENCES `sectors` (`id`)
) ENGINE=InnoDB AUTO_INCREMENT=609 DEFAULT CHARSET=utf8mb4 COLLATE=utf8mb4_unicode_ci;
/*!40101 SET character_set_client = @saved_cs_client */;

--
-- Dumping data for table `p11_portfolios_sectors`
--

LOCK TABLES `p11_portfolios_sectors` WRITE;
/*!40000 ALTER TABLE `p11_portfolios_sectors` DISABLE KEYS */;
INSERT INTO `p11_portfolios_sectors` VALUES (1,1,6,'2019-04-08 13:49:06','2019-04-08 13:49:06'),(2,1,9,'2019-04-08 13:49:06','2019-04-08 13:49:06'),(3,3,8,'2019-04-08 13:49:28','2019-04-08 13:49:28');
/*!40000 ALTER TABLE `p11_portfolios_sectors` ENABLE KEYS */;
UNLOCK TABLES;

--
-- Table structure for table `p11_portfolios_skills`
--

DROP TABLE IF EXISTS `p11_portfolios_skills`;
/*!40101 SET @saved_cs_client     = @@character_set_client */;
/*!40101 SET character_set_client = utf8 */;
CREATE TABLE `p11_portfolios_skills` (
  `id` int(10) unsigned NOT NULL AUTO_INCREMENT,
  `p11_portfolio_id` int(10) unsigned NOT NULL,
  `skill_id` int(10) unsigned NOT NULL,
  `created_at` timestamp NULL DEFAULT NULL,
  `updated_at` timestamp NULL DEFAULT NULL,
  PRIMARY KEY (`id`),
  KEY `p11_portfolios_skills_p11_portfolio_id_foreign` (`p11_portfolio_id`),
  KEY `p11_portfolios_skills_skill_id_foreign` (`skill_id`),
  CONSTRAINT `p11_portfolios_skills_p11_portfolio_id_foreign` FOREIGN KEY (`p11_portfolio_id`) REFERENCES `p11_portfolios` (`id`) ON DELETE CASCADE,
  CONSTRAINT `p11_portfolios_skills_skill_id_foreign` FOREIGN KEY (`skill_id`) REFERENCES `skills` (`id`)
) ENGINE=InnoDB AUTO_INCREMENT=1753 DEFAULT CHARSET=utf8mb4 COLLATE=utf8mb4_unicode_ci;
/*!40101 SET character_set_client = @saved_cs_client */;

--
-- Dumping data for table `p11_portfolios_skills`
--

LOCK TABLES `p11_portfolios_skills` WRITE;
/*!40000 ALTER TABLE `p11_portfolios_skills` DISABLE KEYS */;
INSERT INTO `p11_portfolios_skills` VALUES (1,1,4,NULL,NULL),(2,1,2,NULL,'2022-08-05 00:46:55'),(4,1,2,'2019-04-09 13:54:47','2019-04-09 13:54:47'),(5,1,2,'2019-04-09 13:54:47','2022-08-05 00:47:05'),(22,3,75,'2019-11-11 20:30:09','2022-07-25 02:19:04'),(23,3,51,'2019-11-11 20:30:09','2019-11-11 20:30:09');
/*!40000 ALTER TABLE `p11_portfolios_skills` ENABLE KEYS */;
UNLOCK TABLES;

--
-- Table structure for table `p11_present_nationalities`
--

DROP TABLE IF EXISTS `p11_present_nationalities`;
/*!40101 SET @saved_cs_client     = @@character_set_client */;
/*!40101 SET character_set_client = utf8 */;
CREATE TABLE `p11_present_nationalities` (
  `id` int(10) unsigned NOT NULL AUTO_INCREMENT,
  `country_id` int(10) unsigned NOT NULL,
  `profile_id` int(10) unsigned NOT NULL,
  `created_at` timestamp NULL DEFAULT NULL,
  `updated_at` timestamp NULL DEFAULT NULL,
  PRIMARY KEY (`id`),
  KEY `p11_present_nationalities_country_id_foreign` (`country_id`),
  KEY `p11_present_nationalities_profile_id_foreign` (`profile_id`),
  CONSTRAINT `p11_present_nationalities_country_id_foreign` FOREIGN KEY (`country_id`) REFERENCES `countries` (`id`),
  CONSTRAINT `p11_present_nationalities_profile_id_foreign` FOREIGN KEY (`profile_id`) REFERENCES `profiles` (`id`) ON DELETE CASCADE
) ENGINE=InnoDB DEFAULT CHARSET=utf8mb4 COLLATE=utf8mb4_unicode_ci;
/*!40101 SET character_set_client = @saved_cs_client */;

--
-- Dumping data for table `p11_present_nationalities`
--

LOCK TABLES `p11_present_nationalities` WRITE;
/*!40000 ALTER TABLE `p11_present_nationalities` DISABLE KEYS */;
/*!40000 ALTER TABLE `p11_present_nationalities` ENABLE KEYS */;
UNLOCK TABLES;

--
-- Table structure for table `p11_professional_societies`
--

DROP TABLE IF EXISTS `p11_professional_societies`;
/*!40101 SET @saved_cs_client     = @@character_set_client */;
/*!40101 SET character_set_client = utf8 */;
CREATE TABLE `p11_professional_societies` (
  `id` int(10) unsigned NOT NULL AUTO_INCREMENT,
  `name` varchar(255) COLLATE utf8mb4_unicode_ci NOT NULL,
  `description` text COLLATE utf8mb4_unicode_ci DEFAULT NULL,
  `created_at` timestamp NULL DEFAULT NULL,
  `updated_at` timestamp NULL DEFAULT NULL,
  `profile_id` int(10) unsigned NOT NULL,
  `attended_from` date NOT NULL,
  `attended_to` date NOT NULL,
  `country_id` int(10) unsigned NOT NULL,
  PRIMARY KEY (`id`),
  KEY `p11_professional_societies_country_id_foreign` (`country_id`),
  KEY `p11_professional_societies_profile_id_foreign` (`profile_id`),
  CONSTRAINT `p11_professional_societies_country_id_foreign` FOREIGN KEY (`country_id`) REFERENCES `countries` (`id`),
  CONSTRAINT `p11_professional_societies_profile_id_foreign` FOREIGN KEY (`profile_id`) REFERENCES `profiles` (`id`) ON DELETE CASCADE
) ENGINE=InnoDB DEFAULT CHARSET=utf8mb4 COLLATE=utf8mb4_unicode_ci;
/*!40101 SET character_set_client = @saved_cs_client */;

--
-- Dumping data for table `p11_professional_societies`
--

LOCK TABLES `p11_professional_societies` WRITE;
/*!40000 ALTER TABLE `p11_professional_societies` DISABLE KEYS */;
/*!40000 ALTER TABLE `p11_professional_societies` ENABLE KEYS */;
UNLOCK TABLES;

--
-- Table structure for table `p11_professional_society_sector`
--

DROP TABLE IF EXISTS `p11_professional_society_sector`;
/*!40101 SET @saved_cs_client     = @@character_set_client */;
/*!40101 SET character_set_client = utf8 */;
CREATE TABLE `p11_professional_society_sector` (
  `id` int(10) unsigned NOT NULL AUTO_INCREMENT,
  `p11_society_id` int(10) unsigned NOT NULL,
  `sector_id` int(10) unsigned NOT NULL,
  `created_at` timestamp NULL DEFAULT NULL,
  `updated_at` timestamp NULL DEFAULT NULL,
  PRIMARY KEY (`id`),
  KEY `p11_professional_society_sector_p11_society_id_foreign` (`p11_society_id`),
  KEY `p11_professional_society_sector_sector_id_foreign` (`sector_id`),
  CONSTRAINT `p11_professional_society_sector_p11_society_id_foreign` FOREIGN KEY (`p11_society_id`) REFERENCES `p11_professional_societies` (`id`) ON DELETE CASCADE,
  CONSTRAINT `p11_professional_society_sector_sector_id_foreign` FOREIGN KEY (`sector_id`) REFERENCES `sectors` (`id`)
) ENGINE=InnoDB DEFAULT CHARSET=utf8mb4 COLLATE=utf8mb4_unicode_ci;
/*!40101 SET character_set_client = @saved_cs_client */;

--
-- Dumping data for table `p11_professional_society_sector`
--

LOCK TABLES `p11_professional_society_sector` WRITE;
/*!40000 ALTER TABLE `p11_professional_society_sector` DISABLE KEYS */;
/*!40000 ALTER TABLE `p11_professional_society_sector` ENABLE KEYS */;
UNLOCK TABLES;

--
-- Table structure for table `p11_publications`
--

DROP TABLE IF EXISTS `p11_publications`;
/*!40101 SET @saved_cs_client     = @@character_set_client */;
/*!40101 SET character_set_client = utf8 */;
CREATE TABLE `p11_publications` (
  `id` int(10) unsigned NOT NULL AUTO_INCREMENT,
  `title` varchar(255) COLLATE utf8mb4_unicode_ci NOT NULL,
  `year` date NOT NULL,
  `created_at` timestamp NULL DEFAULT NULL,
  `updated_at` timestamp NULL DEFAULT NULL,
  `profile_id` int(10) unsigned NOT NULL,
  `publication_file_id` int(10) unsigned DEFAULT NULL,
  `url` text COLLATE utf8mb4_unicode_ci DEFAULT NULL,
  PRIMARY KEY (`id`),
  KEY `p11_publications_publication_file_id_foreign` (`publication_file_id`),
  KEY `p11_publications_profile_id_foreign` (`profile_id`),
  CONSTRAINT `p11_publications_profile_id_foreign` FOREIGN KEY (`profile_id`) REFERENCES `profiles` (`id`) ON DELETE CASCADE,
  CONSTRAINT `p11_publications_publication_file_id_foreign` FOREIGN KEY (`publication_file_id`) REFERENCES `attachments` (`id`) ON DELETE SET NULL
) ENGINE=InnoDB AUTO_INCREMENT=868 DEFAULT CHARSET=utf8mb4 COLLATE=utf8mb4_unicode_ci;
/*!40101 SET character_set_client = @saved_cs_client */;

--
-- Dumping data for table `p11_publications`
--

LOCK TABLES `p11_publications` WRITE;
/*!40000 ALTER TABLE `p11_publications` DISABLE KEYS */;
INSERT INTO `p11_publications` VALUES (867,'Welcome to iMMAP Roster IM Test','2014-01-01','2020-07-23 01:37:25','2020-07-23 01:37:25',2062,NULL,'http://52.59.188.94/');
/*!40000 ALTER TABLE `p11_publications` ENABLE KEYS */;
UNLOCK TABLES;

--
-- Table structure for table `p11_references`
--

DROP TABLE IF EXISTS `p11_references`;
/*!40101 SET @saved_cs_client     = @@character_set_client */;
/*!40101 SET character_set_client = utf8 */;
CREATE TABLE `p11_references` (
  `id` int(10) unsigned NOT NULL AUTO_INCREMENT,
  `full_name` varchar(255) COLLATE utf8mb4_unicode_ci NOT NULL,
  `country_id` int(10) unsigned DEFAULT NULL,
  `phone` varchar(255) COLLATE utf8mb4_unicode_ci DEFAULT NULL,
  `email` varchar(255) COLLATE utf8mb4_unicode_ci DEFAULT NULL,
  `organization` varchar(255) COLLATE utf8mb4_unicode_ci NOT NULL,
  `job_position` varchar(255) COLLATE utf8mb4_unicode_ci NOT NULL,
  `created_at` timestamp NULL DEFAULT NULL,
  `updated_at` timestamp NULL DEFAULT NULL,
  `profile_id` int(10) unsigned NOT NULL,
  `attachment_id` int(10) unsigned DEFAULT NULL,
  `code` varchar(255) COLLATE utf8mb4_unicode_ci DEFAULT NULL,
  `reference_sender_id` int(10) unsigned DEFAULT NULL,
  PRIMARY KEY (`id`),
  KEY `p11_references_country_id_foreign` (`country_id`),
  KEY `p11_references_profile_id_foreign` (`profile_id`),
  KEY `p11_references_attachment_id_foreign` (`attachment_id`),
  KEY `p11_references_reference_sender_id_foreign` (`reference_sender_id`),
  CONSTRAINT `p11_references_attachment_id_foreign` FOREIGN KEY (`attachment_id`) REFERENCES `attachments` (`id`),
  CONSTRAINT `p11_references_country_id_foreign` FOREIGN KEY (`country_id`) REFERENCES `countries` (`id`),
  CONSTRAINT `p11_references_profile_id_foreign` FOREIGN KEY (`profile_id`) REFERENCES `profiles` (`id`) ON DELETE CASCADE,
  CONSTRAINT `p11_references_reference_sender_id_foreign` FOREIGN KEY (`reference_sender_id`) REFERENCES `users` (`id`)
) ENGINE=InnoDB AUTO_INCREMENT=2221 DEFAULT CHARSET=utf8mb4 COLLATE=utf8mb4_unicode_ci;
/*!40101 SET character_set_client = @saved_cs_client */;

--
-- Dumping data for table `p11_references`
--

LOCK TABLES `p11_references` WRITE;
/*!40000 ALTER TABLE `p11_references` DISABLE KEYS */;
INSERT INTO `p11_references` VALUES (5,'John Doe',35,'+358-987654332','le.sagerlouis@gmail.com','immap','ceo','2019-03-11 16:39:39','2022-10-20 04:29:25',1,4415,NULL,3),(2211,'mr reference',1,NULL,'referencemail@gmail.com','Org','Job Position','2020-04-21 02:44:35','2022-10-04 09:27:06',1588,4398,NULL,NULL),(2213,'M Yakob',1,'+62-988882','myakob@gmail.com','SRI','Director','2020-05-12 21:14:50','2020-05-12 21:14:50',2063,NULL,NULL,NULL),(2214,'M Yakob',1,'+62-88812312','myakob@gmail.com','SRI','Director','2020-05-18 21:46:01','2020-05-18 21:46:01',2064,NULL,NULL,NULL),(2216,'asdasd',4,'+62-3123123','amrilsyaifa@gmail.com','asdasd','asdasd','2020-07-23 01:38:38','2020-07-23 01:38:38',2062,NULL,NULL,NULL),(2217,'eeeee',5,NULL,'eeee@gmail.com','eeee','eeee','2022-07-11 05:10:22','2022-10-26 05:51:53',2067,4401,'6339',NULL),(2218,'jeee',5,'+33-3333333','murhulametre@gmail.com','immap','ceo','2022-08-17 02:23:50','2022-08-17 02:23:50',2069,NULL,NULL,NULL),(2219,'lemoisson',5,NULL,'murhulametre@gmail.com','organization','position','2023-02-22 03:10:05','2023-02-22 03:10:05',2070,NULL,NULL,NULL),(2220,'lem',6,'+243-9904456','mmetre@gmail.com','mme','eeee','2023-02-22 03:10:42','2023-02-22 03:10:42',2070,NULL,NULL,NULL);
/*!40000 ALTER TABLE `p11_references` ENABLE KEYS */;
UNLOCK TABLES;

--
-- Table structure for table `p11_relatives_employed_by_public_int_org`
--

DROP TABLE IF EXISTS `p11_relatives_employed_by_public_int_org`;
/*!40101 SET @saved_cs_client     = @@character_set_client */;
/*!40101 SET character_set_client = utf8 */;
CREATE TABLE `p11_relatives_employed_by_public_int_org` (
  `id` int(10) unsigned NOT NULL AUTO_INCREMENT,
  `first_name` varchar(255) COLLATE utf8mb4_unicode_ci NOT NULL,
  `middle_name` varchar(255) COLLATE utf8mb4_unicode_ci DEFAULT NULL,
  `family_name` varchar(255) COLLATE utf8mb4_unicode_ci NOT NULL,
  `full_name` varchar(255) COLLATE utf8mb4_unicode_ci NOT NULL,
  `relationship` varchar(255) COLLATE utf8mb4_unicode_ci NOT NULL,
  `job_title` varchar(255) COLLATE utf8mb4_unicode_ci DEFAULT NULL,
  `country_id` int(10) unsigned DEFAULT NULL,
  `created_at` timestamp NULL DEFAULT NULL,
  `updated_at` timestamp NULL DEFAULT NULL,
  `profile_id` int(10) unsigned NOT NULL,
  PRIMARY KEY (`id`),
  KEY `p11_relatives_employed_by_public_int_org_country_id_foreign` (`country_id`),
  KEY `p11_relatives_employed_by_public_int_org_profile_id_foreign` (`profile_id`),
  CONSTRAINT `p11_relatives_employed_by_public_int_org_country_id_foreign` FOREIGN KEY (`country_id`) REFERENCES `countries` (`id`),
  CONSTRAINT `p11_relatives_employed_by_public_int_org_profile_id_foreign` FOREIGN KEY (`profile_id`) REFERENCES `profiles` (`id`) ON DELETE CASCADE
) ENGINE=InnoDB AUTO_INCREMENT=23 DEFAULT CHARSET=utf8mb4 COLLATE=utf8mb4_unicode_ci;
/*!40101 SET character_set_client = @saved_cs_client */;

--
-- Dumping data for table `p11_relatives_employed_by_public_int_org`
--

LOCK TABLES `p11_relatives_employed_by_public_int_org` WRITE;
/*!40000 ALTER TABLE `p11_relatives_employed_by_public_int_org` DISABLE KEYS */;
/*!40000 ALTER TABLE `p11_relatives_employed_by_public_int_org` ENABLE KEYS */;
UNLOCK TABLES;

--
-- Table structure for table `p11_sectors`
--

DROP TABLE IF EXISTS `p11_sectors`;
/*!40101 SET @saved_cs_client     = @@character_set_client */;
/*!40101 SET character_set_client = utf8 */;
CREATE TABLE `p11_sectors` (
  `id` bigint(20) unsigned NOT NULL AUTO_INCREMENT,
  `profile_id` int(10) unsigned NOT NULL,
  `sector_id` int(10) unsigned NOT NULL,
  `years` int(10) unsigned NOT NULL DEFAULT 0,
  `months` int(11) NOT NULL DEFAULT 0,
  `days` int(11) NOT NULL DEFAULT 0,
  `has_portfolio` tinyint(1) NOT NULL DEFAULT 0,
  `created_at` timestamp NULL DEFAULT NULL,
  `updated_at` timestamp NULL DEFAULT NULL,
  PRIMARY KEY (`id`),
  KEY `p11_profiles_sectors_profile_id_foreign` (`profile_id`),
  KEY `p11_profiles_sectors_sector_id_foreign` (`sector_id`),
  CONSTRAINT `p11_profiles_sectors_profile_id_foreign` FOREIGN KEY (`profile_id`) REFERENCES `profiles` (`id`) ON DELETE CASCADE,
  CONSTRAINT `p11_profiles_sectors_sector_id_foreign` FOREIGN KEY (`sector_id`) REFERENCES `sectors` (`id`)
) ENGINE=InnoDB AUTO_INCREMENT=5197 DEFAULT CHARSET=utf8mb4 COLLATE=utf8mb4_unicode_ci;
/*!40101 SET character_set_client = @saved_cs_client */;

--
-- Dumping data for table `p11_sectors`
--

LOCK TABLES `p11_sectors` WRITE;
/*!40000 ALTER TABLE `p11_sectors` DISABLE KEYS */;
INSERT INTO `p11_sectors` VALUES (1,1,6,0,0,0,0,'2019-06-02 11:57:21','2020-02-03 22:14:51'),(5192,1588,18,3,0,1096,0,'2020-07-28 21:13:38','2020-07-28 21:13:38'),(5193,2067,20,5,5,1986,0,'2022-07-11 05:10:05','2022-07-11 05:10:05'),(5194,1,19,0,0,0,0,'2022-07-20 06:25:56','2022-07-20 06:26:23'),(5195,1,532,0,0,0,0,'2022-07-20 06:30:49','2022-07-20 06:30:49'),(5196,2069,20,5,7,2053,0,'2022-08-16 06:02:35','2022-08-16 06:02:35');
/*!40000 ALTER TABLE `p11_sectors` ENABLE KEYS */;
UNLOCK TABLES;

--
-- Table structure for table `p11_skills`
--

DROP TABLE IF EXISTS `p11_skills`;
/*!40101 SET @saved_cs_client     = @@character_set_client */;
/*!40101 SET character_set_client = utf8 */;
CREATE TABLE `p11_skills` (
  `id` int(10) unsigned NOT NULL AUTO_INCREMENT,
  `profile_id` int(10) unsigned NOT NULL,
  `skill_id` int(10) unsigned NOT NULL,
  `created_at` timestamp NULL DEFAULT NULL,
  `updated_at` timestamp NULL DEFAULT NULL,
  `proficiency` int(10) unsigned NOT NULL DEFAULT 0,
  `years` int(11) NOT NULL DEFAULT 0,
  `has_portfolio` tinyint(1) NOT NULL DEFAULT 0,
  `months` int(11) NOT NULL DEFAULT 0,
  `days` int(11) NOT NULL DEFAULT 0,
  PRIMARY KEY (`id`),
  KEY `p11_profiles_skills_profile_id_foreign` (`profile_id`),
  KEY `p11_profiles_skills_skill_id_foreign` (`skill_id`),
  CONSTRAINT `p11_profiles_skills_profile_id_foreign` FOREIGN KEY (`profile_id`) REFERENCES `profiles` (`id`) ON DELETE CASCADE,
  CONSTRAINT `p11_profiles_skills_skill_id_foreign` FOREIGN KEY (`skill_id`) REFERENCES `skills` (`id`)
) ENGINE=InnoDB AUTO_INCREMENT=14123 DEFAULT CHARSET=utf8mb4 COLLATE=utf8mb4_unicode_ci;
/*!40101 SET character_set_client = @saved_cs_client */;

--
-- Dumping data for table `p11_skills`
--

LOCK TABLES `p11_skills` WRITE;
/*!40000 ALTER TABLE `p11_skills` DISABLE KEYS */;
INSERT INTO `p11_skills` VALUES (2,1,2,NULL,'2020-07-28 20:14:36',5,1,1,6,575),(119,1,28,'2019-06-02 19:26:34','2020-03-31 23:51:19',5,0,0,0,0),(152,1,52,'2019-11-11 04:48:46','2020-07-28 20:14:36',5,1,0,6,575),(154,1,96,'2019-11-11 19:38:01','2020-03-31 23:52:27',4,0,0,0,0),(155,1,97,'2019-11-11 20:29:50','2019-11-11 20:29:50',3,0,0,0,0),(156,1,75,'2019-11-11 20:30:00','2020-03-31 23:51:58',2,0,0,0,0),(14100,1,77,'2020-05-06 23:53:25','2022-07-20 17:39:48',0,2,0,0,730),(14101,2063,51,'2020-05-12 21:13:51','2020-05-12 21:13:51',0,2,0,3,832),(14102,2064,54,'2020-05-18 21:44:45','2020-05-18 21:44:45',0,2,0,4,869),(14104,2062,51,'2020-07-23 01:37:55','2020-07-23 01:37:55',0,4,0,5,1634),(14109,1588,19,'2020-07-28 21:13:27','2020-07-28 21:14:00',5,3,0,36,1096),(14110,2067,77,'2022-07-11 05:10:05','2022-07-11 05:10:05',0,5,0,5,1986),(14111,1,75,'2022-08-08 03:30:26','2022-08-08 03:30:26',5,0,1,0,0),(14112,1,51,'2022-08-08 03:30:32','2022-08-08 03:30:32',4,0,1,0,0),(14118,2069,2,'2022-08-17 03:27:38','2022-08-17 03:27:38',4,5,0,0,0),(14120,1,1024,'2022-08-17 03:29:06','2022-08-17 03:29:06',5,0,0,0,0),(14122,1588,3,'2022-10-12 02:03:05','2022-10-12 02:03:05',4,0,0,0,0);
/*!40000 ALTER TABLE `p11_skills` ENABLE KEYS */;
UNLOCK TABLES;

--
-- Table structure for table `p11_submitted_application_in_un`
--

DROP TABLE IF EXISTS `p11_submitted_application_in_un`;
/*!40101 SET @saved_cs_client     = @@character_set_client */;
/*!40101 SET character_set_client = utf8 */;
CREATE TABLE `p11_submitted_application_in_un` (
  `id` int(10) unsigned NOT NULL AUTO_INCREMENT,
  `profile_id` int(10) unsigned NOT NULL,
  `starting_date` date DEFAULT NULL,
  `ending_date` date DEFAULT NULL,
  `created_at` timestamp NULL DEFAULT NULL,
  `updated_at` timestamp NULL DEFAULT NULL,
  `project` varchar(255) COLLATE utf8mb4_unicode_ci DEFAULT NULL,
  `country_id` int(10) unsigned DEFAULT NULL,
  `duty_station` varchar(255) COLLATE utf8mb4_unicode_ci DEFAULT NULL,
  `line_manager` varchar(255) COLLATE utf8mb4_unicode_ci DEFAULT NULL,
  `position` varchar(255) COLLATE utf8mb4_unicode_ci DEFAULT NULL,
  `immap_office_id` bigint(20) unsigned DEFAULT NULL,
  PRIMARY KEY (`id`),
  KEY `p11_submitted_application_in_un_profile_id_foreign` (`profile_id`),
  KEY `p11_submitted_application_in_un_country_id_foreign` (`country_id`),
  KEY `p11_submitted_application_in_un_immap_office_id_foreign` (`immap_office_id`),
  CONSTRAINT `p11_submitted_application_in_un_country_id_foreign` FOREIGN KEY (`country_id`) REFERENCES `countries` (`id`),
  CONSTRAINT `p11_submitted_application_in_un_immap_office_id_foreign` FOREIGN KEY (`immap_office_id`) REFERENCES `immap_offices` (`id`),
  CONSTRAINT `p11_submitted_application_in_un_profile_id_foreign` FOREIGN KEY (`profile_id`) REFERENCES `profiles` (`id`) ON DELETE CASCADE
) ENGINE=InnoDB AUTO_INCREMENT=376 DEFAULT CHARSET=utf8mb4 COLLATE=utf8mb4_unicode_ci;
/*!40101 SET character_set_client = @saved_cs_client */;

--
-- Dumping data for table `p11_submitted_application_in_un`
--

LOCK TABLES `p11_submitted_application_in_un` WRITE;
/*!40000 ALTER TABLE `p11_submitted_application_in_un` DISABLE KEYS */;
/*!40000 ALTER TABLE `p11_submitted_application_in_un` ENABLE KEYS */;
UNLOCK TABLES;

--
-- Table structure for table `password_resets`
--

DROP TABLE IF EXISTS `password_resets`;
/*!40101 SET @saved_cs_client     = @@character_set_client */;
/*!40101 SET character_set_client = utf8 */;
CREATE TABLE `password_resets` (
  `email` varchar(255) COLLATE utf8mb4_unicode_ci NOT NULL,
  `token` varchar(255) COLLATE utf8mb4_unicode_ci NOT NULL,
  `created_at` timestamp NULL DEFAULT NULL,
  `updated_at` timestamp NULL DEFAULT NULL,
  KEY `password_resets_email_index` (`email`)
) ENGINE=InnoDB DEFAULT CHARSET=utf8mb4 COLLATE=utf8mb4_unicode_ci;
/*!40101 SET character_set_client = @saved_cs_client */;

--
-- Dumping data for table `password_resets`
--

LOCK TABLES `password_resets` WRITE;
/*!40000 ALTER TABLE `password_resets` DISABLE KEYS */;
INSERT INTO `password_resets` VALUES ('evealkebsi@gmail.com','tkAm6qw4UzPcr00LP97uA8envs3GFS1lB4hVPH4h90D7bMyfZvC0fiBkYlzX','2020-01-29 23:39:01','2020-01-29 23:39:08'),('vianmohsen44@gmail.com','GP67i5eWFALNqkOS64rpMlPMNJ7PqpebCMkwFopytllm8P8ZDkho065TLSsR','2020-02-10 00:42:54','2020-02-10 01:12:04'),('emmankanyu@gmail.com','uM7L95Qy230i1rECglCmWJw3aVMRaHnkLtI8BP2ZkJjlIuUMhPiElaahru0S','2020-02-12 07:27:58','2020-02-12 07:27:58'),('edmondsunabiji@gmail.com','lOeOWz39UgXE9Q41UFJGWkEyQVNvGXDwvkS9i0pNuAJFo5oBfxyNe8umFxkt','2020-02-13 04:18:45','2020-02-13 04:18:45'),('daniela.mattina@gmail.com','E2afoK3TJZpSgKOwVpDOobp8gMTbvMjLjrUXR2OulB1w2KmKyW9jiK7S89Eb','2020-02-19 04:39:54','2020-02-19 04:40:04'),('benjaminagen04@gmail.com','283lqIZR3jgrUBDoNOqHrYAAcqPQrUEqTMS1Ertq0219faIgBzpHDZnsCuOI','2020-03-03 04:03:32','2020-03-03 04:03:39'),('eng_ahmednaser@yahoo.com','pFpw6MzXvIuN4IK6H3auOugconIxxKogwpXZgSakbkYBJwiwzOJzG9oGOy5P','2020-03-03 04:09:11','2020-03-03 04:09:34'),('malik.bsirini@gmail.com','oebLbwhmVvYppsLXI6H6Z8jZ2xGyLXPi5ZIKYxRoJBFRL9jQ3VfztgFohCy6','2020-03-03 04:41:03','2020-03-03 04:41:03'),('eachovictory@gmail.com','MHn4XHBUNkIMJbgzcmjtrYmSaJJe135gxZrtTsKgOoioLTO4kV15PSU85stS','2020-03-03 04:55:43','2020-03-03 04:55:53'),('apeaceso@gmail.com','xzMo7ghRDRxsa6ylw1sbLxfVvyBxvzz2p9DxStj2WZVNsJqsvEEJw9IVkPYP','2020-03-03 05:51:49','2020-03-03 05:51:49'),('ibrahimbako111@gmail.com','u5JYW3yZiFb0xJ5NvV9xDXITLjChZw5Kvy0Ne7Hm8kappoz7ucu58oopz1Jz','2020-03-03 07:12:45','2020-03-03 07:12:45'),('victoriacolchal@gmail.com','zqE9YbmKiV85aScHFRYQYJLoQ42fvb7ViTnC3dpuTgJ04M8iePZMqrdEFaGX','2020-03-03 07:13:51','2020-03-03 07:15:40'),('bakoibrahim2222@gmail.com','zQEIeCWK2w1Zob3m2HnbCZiNk65P8zzvez3vOhgzvcEuNLUVCZLbhMa2C5LR','2020-03-03 09:02:56','2020-03-03 09:02:56'),('lebioluwasegun@gmail.com','aCFze7915EfdiY41bzYrwJfpYxxyoQFB5IBkhxFG3MygqKfjW85LKlAtdbXR','2020-03-04 02:33:58','2020-03-04 02:33:58'),('abdullah.khawari786@gmail.com','9TzvaaH8aTqFHuEdaIj0DKkiCJM1m5Js6pzFihg9WieN17yX9m1NyP6K6Mjk','2020-03-04 03:29:05','2020-03-04 03:29:05'),('yahiamawad@gmail.com','T09K7pm0CKreZ1zsZqe7dv28jQJVJQxFXeK90eWLnNTxh2GWBMFAsAPmm6vy','2020-03-04 03:32:07','2020-03-04 10:08:34'),('aholloway5@hotmail.com','gf6tG8gjvaP96KWnBTxHcey8QR5S5vjUXqyVMEtlFULugnoyu1b6kdPQQ1if','2020-03-05 10:06:51','2020-03-05 10:06:51'),('salamatuyayi@yahoo.com','IeKYyoDsE3HSyFY6p7etlPYnPSp3iIXkLlsG1pKtaCn7QyyEZUOYmbRvOIcO','2020-03-06 08:14:03','2020-03-06 08:14:03'),('baslali888@gmail.com','zznPlrPWKLSdvCWOioWf02g0RJe0RudNvxkMJibQ2qhVs5GmA6UTlgq7h8Zn','2020-03-11 00:33:06','2020-03-11 00:33:06'),('ronaldaanguma@yahoo.com','Oi5bhrt9zeSePnXlObPnOqmfmgTBQyiP18bxtGEWiLkWIuLbXFAXf1Wjdj2O','2020-03-16 13:53:35','2020-03-16 13:53:35'),('kindaousseni@yahoo.fr','lZXEnXdCJQFOUqntp6YOpFU8aUXmZno41Vomvt7NdmvLayPaeioC4cOGQuRI','2020-03-24 04:29:19','2020-03-24 04:29:19'),('Zhwanahmed93@gmail.com','qZAY3F4qqW8AEdfoSviviTON5g9lIWQJhArZs8OHPtSqDLETbn3w8O4JQBzz','2020-03-25 05:41:58','2020-03-25 05:57:04'),('tieba43@gmail.com','bw6ZKTQ2E9KRAs6rds5ohBTdCQr4laOR6TOtsisaNGy1EjyvVYxGp7JsubgE','2020-03-26 10:24:54','2020-03-26 10:24:54'),('sazanluqman2020@gmail.com','0K4yO6b37SuUfLGvBzwldQ3NRfE9n2uumMyr7I0vKRJznpzx3PUZXpxtYxOI','2020-03-27 13:10:33','2020-03-27 13:10:33'),('habtamugu@gmail.com','R4ryI6mTROYFPPuUKqZdAjkUsxz0w6dPnwmPr0aXqQR6EZcsuftf1r8oV7mQ','2020-03-30 06:11:07','2020-03-30 06:11:07'),('mtkngwenya@gmail.com','32jSXyqj9pvSh5seEltZfmhFtkeTy1jhaBMk2f3gtQjimrxyqWrQU5D8kpjV','2020-04-05 22:21:21','2020-04-05 22:21:21'),('zryan.star@outlook.com','38ie9v8JFP9Y3VZ091WMveOp5umdZLYuyD33a5QLG4WVEHt1yWGS1JkIirGx','2020-04-10 14:30:12','2020-04-10 14:30:12'),('tomjelly@hotmail.com','ASh0EtS2E6ClGjFRLCz8V9MUoWjdDhSDRK4eBV7WcNvUPJXshlblabryBCoO','2020-04-12 04:59:04','2020-04-12 04:59:04'),('amemamen91@gmail.com','dr9KZbvZpotS18kZuvb4y8XtOnKcIdcOoZ4andbK74gYp7dA8GNf2QGre16P','2020-04-15 02:26:02','2020-04-15 02:26:02'),('ndodingamdestaing@gmail.com','SvoGiAHKGzSKrA6W1nVbV8ORPUinegYHjvO1S9uEigvgDqbNomyqznHqkkBi','2020-04-15 02:34:38','2020-04-15 02:34:51'),('doaahamdan@gmail.com','nvfJWGhyAJgUcXsomXTb6SHJV4LUyFeMFlmyBikmOGFKCSKiVh53Z9VYKNH9','2020-04-15 03:10:05','2020-04-15 03:12:14'),('Christineponi7@gmail.com','kIcQ0waeiFk48glSlHw9P4KKpWJCvUGiGijnS8B2k2DPbTRWUJrDQ0ERc6Dq','2020-04-15 03:50:55','2020-04-15 03:50:55'),('nestorjal@gmail.com','uYq57Pn4FGto94oJooMcSUPhUoPyzQo1gUp7UvCe7SUipsgFQle2Q7xxiQnG','2020-04-15 06:39:17','2020-04-15 06:39:17'),('ibrahimgimbaru@gmail.com','0tPP3tK0AyimYlAMFxoKHaG5uscaB0c4DgmzN7MfLhfWT2sFcmtkFfl5WjwN','2020-04-15 14:59:16','2020-04-15 14:59:16'),('ak4rknt@gmail.com','R9bOxEHwrJ1kHLxqOyyvw9rIwFRwTFTePNilTinyFGax3asqXLMsXETbcI89','2020-04-15 19:09:27','2020-04-15 19:09:27');
/*!40000 ALTER TABLE `password_resets` ENABLE KEYS */;
UNLOCK TABLES;

--
-- Table structure for table `permissions`
--

DROP TABLE IF EXISTS `permissions`;
/*!40101 SET @saved_cs_client     = @@character_set_client */;
/*!40101 SET character_set_client = utf8 */;
CREATE TABLE `permissions` (
  `id` int(10) unsigned NOT NULL AUTO_INCREMENT,
  `name` varchar(255) COLLATE utf8mb4_unicode_ci NOT NULL,
  `guard_name` varchar(255) COLLATE utf8mb4_unicode_ci NOT NULL,
  `group_id` bigint(20) unsigned DEFAULT NULL,
  `description` text COLLATE utf8mb4_unicode_ci DEFAULT NULL,
  `created_at` timestamp NULL DEFAULT NULL,
  `updated_at` timestamp NULL DEFAULT NULL,
  PRIMARY KEY (`id`),
  KEY `permissions_group_id_foreign` (`group_id`),
  CONSTRAINT `permissions_group_id_foreign` FOREIGN KEY (`group_id`) REFERENCES `groups` (`id`) ON DELETE SET NULL
) ENGINE=InnoDB AUTO_INCREMENT=238 DEFAULT CHARSET=utf8mb4 COLLATE=utf8mb4_unicode_ci;
/*!40101 SET character_set_client = @saved_cs_client */;

--
-- Dumping data for table `permissions`
--

LOCK TABLES `permissions` WRITE;
/*!40000 ALTER TABLE `permissions` DISABLE KEYS */;
INSERT INTO `permissions` VALUES (1,'Show User','api',NULL,NULL,'2018-12-01 17:29:27','2018-12-01 17:29:27'),(2,'Add User','api',NULL,NULL,'2018-12-01 17:29:27','2018-12-01 17:29:27'),(3,'Edit User','api',NULL,NULL,'2018-12-01 17:29:27','2018-12-01 17:29:27'),(4,'Delete User','api',NULL,NULL,'2018-12-01 17:29:27','2018-12-01 17:29:27'),(5,'Show Permission','api',NULL,NULL,'2018-12-01 17:29:27','2018-12-01 17:29:27'),(6,'Add Permission','api',NULL,NULL,'2018-12-01 17:29:27','2018-12-01 17:29:27'),(7,'Edit Permission','api',NULL,NULL,'2018-12-01 17:29:27','2018-12-01 17:29:27'),(8,'Delete Permission','api',NULL,NULL,'2018-12-01 17:29:27','2018-12-01 17:29:27'),(9,'Show Role','api',NULL,NULL,'2018-12-01 17:29:28','2018-12-01 17:29:28'),(10,'Add Role','api',NULL,NULL,'2018-12-01 17:29:28','2018-12-01 17:29:28'),(11,'Edit Role','api',NULL,NULL,'2018-12-01 17:29:28','2018-12-01 17:29:28'),(12,'Delete Role','api',NULL,NULL,'2018-12-01 17:29:28','2018-12-01 17:29:28'),(74,'Index Permission','api',NULL,NULL,'2019-03-31 01:01:29','2019-03-31 01:01:29'),(75,'Index Role','api',NULL,NULL,'2019-03-31 01:01:35','2019-03-31 01:01:35'),(76,'Index User','api',NULL,NULL,'2019-03-31 01:01:39','2019-03-31 01:01:39'),(77,'Dashboard Access','api',NULL,NULL,'2019-03-31 03:08:33','2019-03-31 03:08:33'),(79,'P11 Access','api',NULL,NULL,'2019-03-31 03:10:09','2019-03-31 03:10:09'),(80,'Index Country','api',NULL,NULL,'2019-03-31 03:13:15','2019-03-31 03:13:15'),(81,'Show Country','api',NULL,NULL,'2019-03-31 03:13:22','2019-03-31 03:13:22'),(82,'Add Country','api',NULL,NULL,'2019-03-31 03:13:26','2019-03-31 03:13:26'),(83,'Edit Country','api',NULL,NULL,'2019-03-31 03:13:33','2019-03-31 03:13:33'),(84,'Delete Country','api',NULL,NULL,'2019-03-31 03:13:37','2019-03-31 03:13:37'),(85,'Index Language','api',NULL,NULL,'2019-03-31 03:15:50','2019-03-31 03:15:50'),(86,'Show Language','api',NULL,NULL,'2019-03-31 03:15:56','2019-03-31 03:15:56'),(87,'Add Language','api',NULL,NULL,'2019-03-31 03:16:04','2019-03-31 03:16:04'),(88,'Edit Language','api',NULL,NULL,'2019-03-31 03:16:10','2019-03-31 03:16:10'),(89,'Delete Language','api',NULL,NULL,'2019-03-31 03:16:16','2019-03-31 03:16:16'),(90,'Index UN Org','api',NULL,NULL,'2019-03-31 03:23:55','2019-03-31 03:23:55'),(91,'Show UN Org','api',NULL,NULL,'2019-03-31 03:24:02','2019-03-31 03:24:02'),(92,'Add UN Org','api',NULL,NULL,'2019-03-31 03:24:08','2019-03-31 03:24:08'),(93,'Edit UN Org','api',NULL,NULL,'2019-03-31 03:24:13','2019-03-31 03:24:13'),(94,'Delete UN Org','api',NULL,NULL,'2019-03-31 03:24:19','2019-03-31 03:24:19'),(95,'View Applicant Profile','api',NULL,NULL,'2019-03-31 03:38:29','2019-03-31 03:38:29'),(96,'Apply Job','api',NULL,NULL,'2019-03-31 03:38:53','2019-03-31 03:38:53'),(97,'Change Applicant Status','api',NULL,NULL,'2019-03-31 03:48:33','2019-03-31 03:48:33'),(98,'View Applicant List','api',NULL,NULL,'2019-03-31 03:50:26','2019-03-31 03:50:26'),(99,'Add Job','api',NULL,NULL,'2019-03-31 04:29:21','2019-03-31 04:29:21'),(100,'Edit Job','api',NULL,NULL,'2019-03-31 04:29:25','2019-03-31 04:29:25'),(101,'Delete Job','api',NULL,NULL,'2019-03-31 04:29:33','2019-03-31 04:29:33'),(102,'Index Job Status','api',NULL,NULL,'2019-04-03 14:07:50','2019-04-03 14:07:50'),(103,'Show Job Status','api',NULL,NULL,'2019-04-03 14:15:40','2019-04-03 14:15:40'),(104,'Add Job Status','api',NULL,NULL,'2019-04-03 14:15:47','2019-04-03 14:15:47'),(105,'Edit Job Status','api',NULL,NULL,'2019-04-03 14:15:56','2019-04-03 14:15:56'),(106,'Delete Job Status','api',NULL,NULL,'2019-04-03 14:16:10','2019-04-03 14:16:10'),(107,'Index Sector','api',NULL,NULL,'2019-04-07 06:45:11','2019-04-07 06:45:11'),(108,'Show Sector','api',NULL,NULL,'2019-04-07 06:45:17','2019-04-07 06:45:17'),(109,'Add Sector','api',NULL,NULL,'2019-04-07 06:45:26','2019-04-07 06:45:26'),(110,'Edit Sector','api',NULL,NULL,'2019-04-07 06:45:31','2019-04-07 06:45:31'),(111,'Delete Sector','api',NULL,NULL,'2019-04-07 06:45:38','2019-04-07 06:45:38'),(112,'Index Degree Level','api',NULL,NULL,'2019-04-07 07:18:03','2019-04-07 07:18:03'),(113,'Show Degree Level','api',NULL,NULL,'2019-04-07 07:18:12','2019-04-07 07:18:12'),(114,'Add Degree Level','api',NULL,NULL,'2019-04-07 07:18:20','2019-04-07 07:18:20'),(115,'Edit Degree Level','api',NULL,NULL,'2019-04-07 07:18:50','2019-04-07 07:18:50'),(116,'Delete Degree Level','api',NULL,NULL,'2019-04-07 07:19:00','2019-04-07 07:19:00'),(117,'Index HR Job Level','api',NULL,NULL,'2019-06-02 11:59:37','2019-06-02 11:59:37'),(118,'Show HR Job Level','api',NULL,NULL,'2019-06-02 11:59:50','2019-06-02 11:59:50'),(119,'Add HR Job Level','api',NULL,NULL,'2019-06-02 12:00:00','2019-06-02 12:00:00'),(120,'Edit HR Job Level','api',NULL,NULL,'2019-06-02 12:00:06','2019-06-02 12:00:06'),(121,'Delete HR Job Level','api',NULL,NULL,'2019-06-02 12:00:21','2019-06-02 12:00:21'),(132,'Index HR Job Category','api',NULL,NULL,'2019-06-02 12:02:29','2019-06-02 12:02:29'),(133,'Show HR Job Category','api',NULL,NULL,'2019-06-02 12:02:39','2019-06-02 12:02:39'),(134,'Add HR Job Category','api',NULL,NULL,'2019-06-02 12:02:48','2019-06-02 12:02:48'),(135,'Edit HR Job Category','api',NULL,NULL,'2019-06-02 12:02:53','2019-06-02 12:02:53'),(136,'Delete HR Job Category','api',NULL,NULL,'2019-06-02 12:02:58','2019-06-02 12:02:58'),(137,'Index HR Job Standard','api',NULL,NULL,'2019-06-02 12:03:19','2019-06-02 12:03:19'),(138,'Show HR Job Standard','api',NULL,NULL,'2019-06-02 12:03:24','2019-06-02 12:03:24'),(139,'Add HR Job Standard','api',NULL,NULL,'2019-06-02 12:03:44','2019-06-02 12:03:44'),(140,'Edit HR Job Standard','api',NULL,NULL,'2019-06-02 12:03:50','2019-06-02 12:03:50'),(141,'Delete HR Job Standard','api',NULL,NULL,'2019-06-02 12:03:57','2019-06-02 12:03:57'),(142,'Index Setting','api',NULL,NULL,'2019-06-02 12:04:16','2019-06-02 12:04:16'),(143,'Show Setting','api',NULL,NULL,'2019-06-02 12:04:22','2019-06-02 12:04:22'),(144,'Add Setting','api',NULL,NULL,'2019-06-02 12:04:33','2019-06-02 12:04:33'),(145,'Edit Setting','api',NULL,NULL,'2019-06-02 12:04:39','2019-06-02 12:04:39'),(146,'Delete Setting','api',NULL,NULL,'2019-06-02 12:04:45','2019-06-02 12:04:45'),(147,'Index ToR','api',NULL,NULL,'2019-06-02 12:04:59','2019-06-02 12:04:59'),(148,'Show ToR','api',NULL,NULL,'2019-06-02 12:05:05','2019-06-02 12:05:05'),(149,'Add ToR','api',NULL,NULL,'2019-06-02 12:05:10','2019-06-02 12:05:10'),(150,'Edit ToR','api',NULL,NULL,'2019-06-02 12:05:17','2019-06-02 12:05:17'),(151,'Delete ToR','api',NULL,NULL,'2019-06-02 12:05:22','2019-06-02 12:05:22'),(152,'Index Roster','api',NULL,NULL,'2019-09-15 22:33:42','2019-09-15 22:33:42'),(153,'Approve Roster','api',NULL,NULL,'2019-09-15 22:33:59','2019-09-15 22:33:59'),(154,'Select Skill for Matching','api',NULL,NULL,'2019-09-15 22:34:09','2019-09-15 22:34:09'),(155,'Index Duration','api',NULL,NULL,'2019-09-15 22:34:29','2019-09-15 22:34:29'),(156,'Show Duration','api',NULL,NULL,'2019-09-15 22:34:40','2019-09-15 22:34:40'),(157,'Add Duration','api',NULL,NULL,'2019-09-15 22:34:51','2019-09-15 22:34:51'),(158,'Edit Duration','api',NULL,NULL,'2019-09-15 22:35:04','2019-09-15 22:35:04'),(159,'Delete Duration','api',NULL,NULL,'2019-09-15 22:35:12','2019-09-15 22:35:12'),(160,'Index Contract Template','api',NULL,NULL,'2019-09-15 22:35:23','2019-09-15 22:35:23'),(161,'Show Contract Template','api',NULL,NULL,'2019-09-15 22:35:35','2019-09-15 22:35:35'),(162,'Add Contract Template','api',NULL,NULL,'2019-09-15 22:35:45','2019-09-15 22:35:45'),(163,'Edit Contract Template','api',NULL,NULL,'2019-09-15 22:35:51','2019-09-15 22:35:51'),(164,'Delete Contract Template','api',NULL,NULL,'2019-09-15 22:36:08','2019-09-15 22:36:08'),(165,'Index Contract','api',NULL,NULL,'2019-09-15 22:36:13','2019-09-15 22:36:13'),(166,'Show Contract','api',NULL,NULL,'2019-09-30 20:03:40','2019-09-30 20:03:40'),(167,'Add Contract','api',NULL,NULL,'2019-09-30 20:03:45','2019-09-30 20:03:45'),(168,'Edit Contract','api',NULL,NULL,'2019-09-30 20:03:50','2019-09-30 20:03:50'),(169,'Delete Contract','api',NULL,NULL,'2019-09-30 20:03:58','2019-09-30 20:03:58'),(170,'Index Quiz','api',NULL,NULL,'2019-09-30 20:04:19','2019-09-30 20:04:19'),(171,'Show Quiz','api',NULL,NULL,'2019-09-30 20:04:24','2019-09-30 20:04:24'),(172,'Add Quiz','api',NULL,NULL,'2019-09-30 20:04:28','2019-09-30 20:04:28'),(173,'Edit Quiz','api',NULL,NULL,'2019-09-30 20:04:32','2019-09-30 20:04:32'),(174,'Delete Quiz','api',NULL,NULL,'2019-09-30 20:04:36','2019-09-30 20:04:36'),(175,'Index Language Level','api',NULL,NULL,'2019-09-30 20:04:44','2019-09-30 20:04:44'),(176,'Show Language Level','api',NULL,NULL,'2019-09-30 20:04:51','2019-09-30 20:04:51'),(177,'Add Language Level','api',NULL,NULL,'2019-09-30 20:04:59','2019-09-30 20:04:59'),(178,'Edit Language Level','api',NULL,NULL,'2019-09-30 20:05:06','2019-09-30 20:05:06'),(179,'Delete Language Level','api',NULL,NULL,'2019-09-30 20:05:15','2019-09-30 20:05:15'),(180,'Index Field of Work','api',NULL,NULL,'2019-10-02 22:03:03','2019-10-02 22:03:03'),(181,'Add Field of Work','api',NULL,NULL,'2019-10-02 22:03:14','2019-10-02 22:03:14'),(182,'Show Field of Work','api',NULL,NULL,'2019-10-02 22:03:21','2019-10-02 22:03:21'),(183,'Edit Field of Work','api',NULL,NULL,'2019-10-02 22:03:32','2019-10-02 22:03:32'),(184,'Delete Field of Work','api',NULL,NULL,'2019-10-02 22:03:39','2019-10-02 22:03:39'),(185,'Approve Field of Work','api',NULL,NULL,'2019-10-02 22:09:00','2019-10-02 22:09:00'),(186,'Approve Sector','api',NULL,NULL,'2019-11-11 02:37:19','2019-11-11 02:37:19'),(187,'Edit Roster Step','api',NULL,NULL,'2019-11-11 02:52:00','2019-11-11 02:52:00'),(188,'Delete Roster Step','api',NULL,NULL,'2019-11-11 02:52:09','2019-11-11 02:52:09'),(189,'Index Roster Process','api',NULL,NULL,'2019-11-11 02:52:29','2019-11-11 02:52:29'),(190,'Show Roster Process','api',NULL,NULL,'2019-11-11 02:52:37','2019-11-11 02:52:37'),(191,'Add Roster Process','api',NULL,NULL,'2019-11-11 02:52:45','2019-11-11 02:52:45'),(192,'Edit Roster Process','api',NULL,NULL,'2019-11-11 02:52:55','2019-11-11 02:52:55'),(193,'Delete Roster Process','api',NULL,NULL,'2019-11-11 02:53:06','2019-11-11 02:53:06'),(194,'Index Immap Office','api',NULL,NULL,'2019-11-11 02:53:20','2019-11-11 02:53:20'),(195,'Add Immap Office','api',NULL,NULL,'2019-11-11 02:53:31','2019-11-11 02:53:31'),(196,'Edit Immap Office','api',NULL,NULL,'2019-11-11 02:55:19','2019-11-11 02:55:19'),(197,'Delete Immap Office','api',NULL,NULL,'2019-11-11 02:55:26','2019-11-11 02:55:26'),(198,'Approve Immap Office','api',NULL,NULL,'2019-11-11 02:55:36','2019-11-11 02:55:36'),(199,'Index IM Test Template','api',NULL,NULL,'2019-11-11 02:55:48','2019-11-11 02:55:48'),(200,'Show IM Test Template','api',NULL,NULL,'2019-11-11 02:55:55','2019-11-11 02:55:55'),(201,'Add IM Test Template','api',NULL,NULL,'2019-11-11 02:55:59','2019-11-11 02:55:59'),(202,'Edit IM Test Template','api',NULL,NULL,'2019-11-11 02:56:04','2019-11-11 02:56:04'),(203,'Delete IM Test Template','api',NULL,NULL,'2019-11-11 02:56:12','2019-11-11 02:56:12'),(204,'Index Quiz Template','api',NULL,NULL,'2019-11-11 03:00:50','2019-11-11 03:00:50'),(205,'Show Quiz Template','api',NULL,NULL,'2019-11-11 03:00:57','2019-11-11 03:00:57'),(206,'Add Quiz Template','api',NULL,NULL,'2019-11-11 03:01:06','2019-11-11 03:01:06'),(207,'Edit Quiz Template','api',NULL,NULL,'2019-11-11 03:01:12','2019-11-11 03:01:12'),(208,'Delete Quiz Template','api',NULL,NULL,'2019-11-11 03:01:23','2019-11-11 03:01:23'),(209,'Show Immap Office','api',NULL,NULL,'2019-11-11 04:08:49','2019-11-11 04:08:49'),(210,'Index Platform Log','api',NULL,NULL,'2020-02-04 04:07:26','2020-02-04 04:07:26'),(211,'Index Immaper','api',NULL,NULL,'2020-03-08 19:36:14','2020-03-08 19:36:14'),(212,'Edit Immaper','api',NULL,NULL,'2020-03-08 19:36:25','2020-03-08 19:36:25'),(213,'Show Immaper','api',NULL,NULL,'2020-03-08 19:36:36','2020-03-08 19:36:36'),(214,'Index Roster Dashboard','api',NULL,NULL,'2020-03-08 19:36:46','2020-03-08 19:36:46'),(215,'Show Roster Dashboard','api',NULL,NULL,'2020-03-08 19:36:53','2020-03-08 19:36:53'),(217,'Set as Admin','api',NULL,NULL,'2020-04-26 22:24:32','2020-04-26 22:24:32'),(218,'Set as Manager','api',NULL,NULL,'2020-04-29 06:49:08','2020-04-29 06:49:08'),(219,'Show Repository','api',NULL,NULL,'2020-04-29 06:49:57','2020-04-29 06:49:57'),(220,'Add Repository','api',NULL,NULL,'2020-04-29 06:50:02','2020-04-29 06:50:02'),(221,'Edit Repository','api',NULL,NULL,'2020-04-29 06:50:07','2020-04-29 06:50:07'),(222,'Delete Repository','api',NULL,NULL,'2020-04-29 06:50:13','2020-04-29 06:50:13'),(223,'Index Repository','api',NULL,NULL,'2020-04-29 06:50:19','2020-04-29 06:50:19'),(224,'Share Repository','api',NULL,NULL,'2020-04-29 06:50:26','2020-04-29 06:50:26'),(226,'See Completed Profiles','api',NULL,NULL,'2020-05-14 19:38:52','2020-05-14 19:38:52'),(227,'View SBP Job','api',NULL,NULL,'2022-05-16 02:45:57','2022-05-16 02:45:57'),(228,'Approve Domestic Travel Request','api',NULL,'desc',NULL,NULL),(229,'Send Reference Check','api',1,NULL,'2022-11-03 03:23:35','2022-11-03 03:23:35'),(231,'Approve Global Travel Request','api',1,'eee',NULL,NULL),(232,'Can Make Travel Request','api',1,'eee',NULL,NULL),(233,'Manage Security Module','api',1,'eee',NULL,NULL),(234,'Approve Domestic Travel Request','api',1,'eee',NULL,NULL),(235,'View Other Travel Request','api',1,'eee',NULL,NULL),(236,'Export Travel Requests','api',1,'eee',NULL,NULL),(237,'Job Highlight Border','api',1,NULL,'2023-05-16 00:58:27','2023-05-16 00:58:27');
/*!40000 ALTER TABLE `permissions` ENABLE KEYS */;
UNLOCK TABLES;

--
-- Table structure for table `profil_assignment_question`
--

DROP TABLE IF EXISTS `profil_assignment_question`;
/*!40101 SET @saved_cs_client     = @@character_set_client */;
/*!40101 SET character_set_client = utf8 */;
CREATE TABLE `profil_assignment_question` (
  `id` bigint(20) unsigned NOT NULL AUTO_INCREMENT,
  `profil_id` int(10) unsigned NOT NULL,
  `category_question_reference_id` bigint(20) unsigned NOT NULL,
  `created_at` timestamp NULL DEFAULT NULL,
  `updated_at` timestamp NULL DEFAULT NULL,
  PRIMARY KEY (`id`),
  KEY `profil_assignment_question_profil_id_foreign` (`profil_id`),
  KEY `profil_assignment_question_cqr_id_foreign` (`category_question_reference_id`),
  CONSTRAINT `profil_assignment_question_cqr_id_foreign` FOREIGN KEY (`category_question_reference_id`) REFERENCES `category_question_reference` (`id`),
  CONSTRAINT `profil_assignment_question_profil_id_foreign` FOREIGN KEY (`profil_id`) REFERENCES `profiles` (`id`) ON DELETE CASCADE
) ENGINE=InnoDB DEFAULT CHARSET=utf8mb4 COLLATE=utf8mb4_unicode_ci;
/*!40101 SET character_set_client = @saved_cs_client */;

--
-- Dumping data for table `profil_assignment_question`
--

LOCK TABLES `profil_assignment_question` WRITE;
/*!40000 ALTER TABLE `profil_assignment_question` DISABLE KEYS */;
/*!40000 ALTER TABLE `profil_assignment_question` ENABLE KEYS */;
UNLOCK TABLES;

--
-- Table structure for table `profile_roster_processes`
--

DROP TABLE IF EXISTS `profile_roster_processes`;
/*!40101 SET @saved_cs_client     = @@character_set_client */;
/*!40101 SET character_set_client = utf8 */;
CREATE TABLE `profile_roster_processes` (
  `id` bigint(20) unsigned NOT NULL AUTO_INCREMENT,
  `roster_process_id` bigint(20) unsigned DEFAULT NULL,
  `profile_id` int(10) unsigned DEFAULT NULL,
  `set_as_current_process` tinyint(1) NOT NULL DEFAULT 0,
  `current_step` int(11) NOT NULL DEFAULT 0,
  `is_completed` tinyint(1) NOT NULL DEFAULT 0,
  `is_rejected` tinyint(1) NOT NULL DEFAULT 0,
  `skype` varchar(255) COLLATE utf8mb4_unicode_ci DEFAULT NULL,
  `skype_date` timestamp NULL DEFAULT NULL,
  `skype_timezone` varchar(255) COLLATE utf8mb4_unicode_ci DEFAULT NULL,
  `skype_invitation_done` tinyint(1) NOT NULL DEFAULT 0,
  `im_test_template_id` bigint(20) unsigned DEFAULT NULL,
  `im_test_timezone` varchar(255) COLLATE utf8mb4_unicode_ci DEFAULT NULL,
  `im_test_submit_date` timestamp NULL DEFAULT NULL,
  `im_test_submit_date_on_server` timestamp NULL DEFAULT NULL,
  `im_test_invitation_done` tinyint(1) NOT NULL DEFAULT 0,
  `im_test_start_time` timestamp NULL DEFAULT NULL,
  `im_test_end_time` timestamp NULL DEFAULT NULL,
  `im_test_done` tinyint(1) NOT NULL DEFAULT 0,
  `interview_skype` varchar(255) COLLATE utf8mb4_unicode_ci DEFAULT NULL,
  `interview_date` timestamp NULL DEFAULT NULL,
  `interview_timezone` varchar(255) COLLATE utf8mb4_unicode_ci DEFAULT NULL,
  `interview_invitation_done` tinyint(1) NOT NULL DEFAULT 0,
  `reference_check_id` bigint(20) unsigned DEFAULT NULL,
  `created_at` timestamp NULL DEFAULT NULL,
  `updated_at` timestamp NULL DEFAULT NULL,
  `panel_interview` longtext CHARACTER SET utf8mb4 COLLATE utf8mb4_bin DEFAULT NULL CHECK (json_valid(`panel_interview`)),
  `interview_type` tinyint(1) NOT NULL DEFAULT 0,
  `interview_address` varchar(255) COLLATE utf8mb4_unicode_ci DEFAULT NULL,
  `mover_id` int(10) unsigned DEFAULT NULL,
  `moved_date` date DEFAULT NULL,
  `coming_from_job_id` int(10) unsigned DEFAULT NULL,
  `final_interview_score` double DEFAULT NULL,
  `interview_order` varchar(255) COLLATE utf8mb4_unicode_ci DEFAULT NULL,
  `im_test_sharepoint_link` text COLLATE utf8mb4_unicode_ci DEFAULT NULL,
  `im_test_score` int(10) unsigned DEFAULT NULL,
  PRIMARY KEY (`id`),
  KEY `profile_roster_processes_roster_process_id_foreign` (`roster_process_id`),
  KEY `profile_roster_processes_profile_id_foreign` (`profile_id`),
  KEY `profile_roster_processes_im_test_template_id_foreign` (`im_test_template_id`),
  KEY `profile_roster_processes_mover_id_foreign` (`mover_id`),
  KEY `profile_roster_processes_coming_from_job_id_foreign` (`coming_from_job_id`),
  CONSTRAINT `profile_roster_processes_coming_from_job_id_foreign` FOREIGN KEY (`coming_from_job_id`) REFERENCES `jobs` (`id`) ON DELETE SET NULL,
  CONSTRAINT `profile_roster_processes_im_test_template_id_foreign` FOREIGN KEY (`im_test_template_id`) REFERENCES `im_test_templates` (`id`),
  CONSTRAINT `profile_roster_processes_mover_id_foreign` FOREIGN KEY (`mover_id`) REFERENCES `users` (`id`) ON DELETE CASCADE,
  CONSTRAINT `profile_roster_processes_profile_id_foreign` FOREIGN KEY (`profile_id`) REFERENCES `profiles` (`id`) ON DELETE CASCADE,
  CONSTRAINT `profile_roster_processes_roster_process_id_foreign` FOREIGN KEY (`roster_process_id`) REFERENCES `roster_processes` (`id`)
) ENGINE=InnoDB AUTO_INCREMENT=1123 DEFAULT CHARSET=utf8mb4 COLLATE=utf8mb4_unicode_ci;
/*!40101 SET character_set_client = @saved_cs_client */;

--
-- Dumping data for table `profile_roster_processes`
--

LOCK TABLES `profile_roster_processes` WRITE;
/*!40000 ALTER TABLE `profile_roster_processes` DISABLE KEYS */;
INSERT INTO `profile_roster_processes` VALUES (3,1,1,0,6,0,1,NULL,NULL,NULL,0,2,'Asia/Amman',NULL,'2020-02-17 02:59:46',1,'2020-02-11 20:29:23',NULL,0,'live:adityoashari','2020-03-27 06:00:00','Asia/Jakarta',1,NULL,'2019-11-27 01:43:54','2020-03-18 03:20:16','[{\"id\": 108, \"label\": \"Martunis Mukhtar\", \"value\": \"mmukhtar@immap.org\"}]',0,NULL,NULL,NULL,NULL,NULL,NULL,NULL,NULL),(796,5,1,0,4,0,1,NULL,NULL,NULL,0,NULL,NULL,NULL,NULL,0,NULL,NULL,0,NULL,NULL,NULL,0,NULL,'2020-03-18 01:50:36','2020-03-18 03:19:19',NULL,0,NULL,NULL,NULL,NULL,NULL,NULL,NULL,NULL),(798,5,1,1,1,0,0,NULL,NULL,NULL,0,NULL,NULL,NULL,NULL,0,NULL,NULL,0,NULL,NULL,NULL,0,NULL,'2020-03-18 03:19:43','2023-04-13 01:20:00',NULL,0,NULL,3,'2023-04-13',NULL,NULL,NULL,NULL,NULL),(799,1,1,0,6,0,1,NULL,NULL,NULL,0,NULL,NULL,NULL,NULL,0,NULL,NULL,0,'live:adityoashari','2020-03-25 09:31:59','Asia/Jakarta',1,NULL,'2020-03-18 03:20:31','2020-04-15 03:39:00','[{\"id\": 108, \"label\": \"Martunis Mukhtar\", \"value\": \"mmukhtar@immap.org\"}, {\"id\": 3, \"label\": \"Adityo Ashari Wirjono\", \"value\": \"awirjono@immap.org\"}]',0,NULL,NULL,NULL,NULL,NULL,NULL,NULL,NULL),(1087,5,1588,1,2,0,0,NULL,NULL,NULL,0,NULL,NULL,NULL,NULL,0,NULL,NULL,0,'live:adityoashari','2020-04-30 08:00:00','Asia/Jakarta',1,1,'2020-04-21 02:49:04','2022-10-04 09:25:22','[{\"id\": 3, \"label\": \"Adityo Ashari Wirjono\", \"value\": \"awirjono@immap.org\"}]',0,NULL,NULL,NULL,NULL,NULL,NULL,NULL,NULL),(1092,1,2064,1,0,0,0,NULL,NULL,NULL,0,NULL,NULL,NULL,NULL,0,NULL,NULL,0,NULL,NULL,NULL,0,NULL,'2020-07-23 02:37:28','2020-07-23 02:37:28',NULL,0,NULL,NULL,NULL,NULL,NULL,NULL,NULL,NULL),(1093,5,2064,1,0,0,0,NULL,NULL,NULL,0,NULL,NULL,NULL,NULL,0,NULL,NULL,0,NULL,NULL,NULL,0,NULL,'2020-07-23 02:37:28','2020-07-23 02:37:28',NULL,0,NULL,NULL,NULL,NULL,NULL,NULL,NULL,NULL),(1094,1,2064,1,0,0,0,NULL,NULL,NULL,0,NULL,NULL,NULL,NULL,0,NULL,NULL,0,NULL,NULL,NULL,0,NULL,'2020-07-23 03:07:48','2020-07-23 03:07:48',NULL,0,NULL,NULL,NULL,NULL,NULL,NULL,NULL,NULL),(1095,5,2064,1,0,0,0,NULL,NULL,NULL,0,NULL,NULL,NULL,NULL,0,NULL,NULL,0,NULL,NULL,NULL,0,NULL,'2020-07-23 03:07:48','2020-07-23 03:07:48',NULL,0,NULL,NULL,NULL,NULL,NULL,NULL,NULL,NULL),(1096,1,1588,1,0,0,0,NULL,NULL,NULL,0,NULL,NULL,NULL,NULL,0,NULL,NULL,0,NULL,NULL,NULL,0,NULL,'2020-07-23 03:10:55','2020-07-23 03:10:55',NULL,0,NULL,NULL,NULL,NULL,NULL,NULL,NULL,NULL),(1097,5,1588,1,0,0,0,NULL,NULL,NULL,0,NULL,NULL,NULL,NULL,0,NULL,NULL,0,NULL,NULL,NULL,0,NULL,'2020-07-23 03:10:55','2020-07-23 03:10:55',NULL,0,NULL,NULL,NULL,NULL,NULL,NULL,NULL,NULL),(1098,1,1588,1,4,0,0,NULL,'2022-08-11 12:38:57','Africa/Accra',1,NULL,NULL,NULL,NULL,0,NULL,NULL,0,NULL,NULL,NULL,0,1,'2020-07-23 03:16:04','2022-09-20 07:29:53',NULL,0,NULL,3,'2022-09-20',NULL,NULL,NULL,NULL,NULL),(1099,5,1588,1,2,0,0,NULL,NULL,NULL,0,NULL,NULL,NULL,NULL,0,NULL,NULL,0,'id','2022-07-06 04:42:00','Europe/Paris',1,1,'2020-07-23 03:16:04','2022-10-04 09:25:22','[{\"id\":3,\"label\":\"Adityo Ashari Wirjno\",\"value\":\"dummy@immap.org\"}]',0,NULL,3,'2022-10-04',NULL,3.5,'3',NULL,NULL),(1116,5,2067,0,4,0,1,NULL,NULL,NULL,0,NULL,NULL,NULL,NULL,0,NULL,NULL,0,NULL,NULL,NULL,0,NULL,'2022-07-18 05:12:50','2022-07-18 10:05:00',NULL,0,NULL,3,'2022-07-18',NULL,NULL,NULL,NULL,NULL),(1117,1,2067,1,3,0,0,NULL,'2022-08-13 18:20:00','Africa/Abidjan',1,NULL,NULL,NULL,NULL,0,NULL,NULL,0,NULL,'2022-08-10 22:00:00','Africa/Bissau',1,1,'2022-07-18 05:12:50','2023-04-13 01:20:36','[{\"id\":3,\"label\":\"Adityo Ashari Wirjno\",\"value\":\"dummy@immap.org\"},{\"id\":2073,\"label\":\"roula moussa\",\"value\":\"lem@gmail.com\"}]',0,NULL,3,'2023-04-13',NULL,4,'3,2073',NULL,NULL),(1118,5,2067,0,4,0,1,NULL,NULL,NULL,0,NULL,NULL,NULL,NULL,0,NULL,NULL,0,NULL,NULL,NULL,0,NULL,'2022-07-18 10:12:32','2022-07-18 10:14:50',NULL,0,NULL,3,'2022-07-18',NULL,NULL,NULL,NULL,NULL),(1119,5,2067,0,4,0,1,NULL,NULL,NULL,0,NULL,NULL,NULL,NULL,0,NULL,NULL,0,NULL,NULL,NULL,0,NULL,'2022-07-18 10:15:34','2022-07-18 10:52:40',NULL,0,NULL,3,'2022-07-18',NULL,NULL,NULL,NULL,NULL),(1120,5,2067,0,4,0,1,NULL,NULL,NULL,0,NULL,NULL,NULL,NULL,0,NULL,NULL,0,NULL,NULL,NULL,0,NULL,'2022-07-18 10:58:45','2022-07-19 05:53:38',NULL,0,NULL,3,'2022-07-19',NULL,NULL,NULL,NULL,NULL),(1121,5,2067,0,4,0,1,NULL,NULL,NULL,0,NULL,NULL,NULL,NULL,0,NULL,NULL,0,NULL,NULL,NULL,0,NULL,'2022-07-19 05:56:05','2022-07-19 06:56:29',NULL,0,NULL,3,'2022-07-19',NULL,NULL,NULL,NULL,NULL),(1122,5,2067,1,0,0,0,NULL,NULL,NULL,0,NULL,NULL,NULL,NULL,0,NULL,NULL,0,NULL,NULL,NULL,0,NULL,'2022-07-19 06:57:47','2022-07-19 06:57:47',NULL,0,NULL,NULL,NULL,NULL,NULL,NULL,NULL,NULL);
/*!40000 ALTER TABLE `profile_roster_processes` ENABLE KEYS */;
UNLOCK TABLES;

--
-- Table structure for table `profiles`
--

DROP TABLE IF EXISTS `profiles`;
/*!40101 SET @saved_cs_client     = @@character_set_client */;
/*!40101 SET character_set_client = utf8 */;
CREATE TABLE `profiles` (
  `id` int(10) unsigned NOT NULL AUTO_INCREMENT,
  `first_name` varchar(255) COLLATE utf8mb4_unicode_ci NOT NULL,
  `middle_name` varchar(255) COLLATE utf8mb4_unicode_ci DEFAULT NULL,
  `family_name` varchar(255) COLLATE utf8mb4_unicode_ci NOT NULL,
  `maiden_name` varchar(255) COLLATE utf8mb4_unicode_ci DEFAULT NULL,
  `bdate` enum('01','02','03','04','05','06','07','08','09','10','11','12','13','14','15','16','17','18','19','20','21','22','23','24','25','26','27','28','29','30','31') COLLATE utf8mb4_unicode_ci DEFAULT NULL,
  `bmonth` enum('01','02','03','04','05','06','07','08','09','10','11','12') COLLATE utf8mb4_unicode_ci DEFAULT NULL,
  `byear` year(4) DEFAULT NULL,
  `birth_date` date DEFAULT NULL,
  `place_of_birth` varchar(255) COLLATE utf8mb4_unicode_ci DEFAULT NULL,
  `gender` tinyint(1) DEFAULT NULL,
  `marital_status` varchar(255) COLLATE utf8mb4_unicode_ci DEFAULT NULL,
  `has_disabilities` tinyint(1) NOT NULL DEFAULT 0,
  `disabilities` text COLLATE utf8mb4_unicode_ci DEFAULT NULL,
  `email` varchar(255) COLLATE utf8mb4_unicode_ci NOT NULL,
  `has_dependents` tinyint(1) NOT NULL DEFAULT 0,
  `legal_permanent_residence_status` tinyint(1) NOT NULL DEFAULT 0,
  `legal_step_changing_present_nationality` tinyint(1) NOT NULL DEFAULT 0,
  `legal_step_changing_present_nationality_explanation` text COLLATE utf8mb4_unicode_ci DEFAULT NULL,
  `relatives_employed_by_public_international_organization` tinyint(1) NOT NULL DEFAULT 0,
  `accept_employment_less_than_six_month` tinyint(1) NOT NULL DEFAULT 1,
  `previously_submitted_application_for_UN` tinyint(1) NOT NULL DEFAULT 0,
  `objections_making_inquiry_of_present_employer` tinyint(1) NOT NULL DEFAULT 0,
  `permanent_civil_servant` tinyint(1) NOT NULL DEFAULT 0,
  `relevant_facts` text COLLATE utf8mb4_unicode_ci DEFAULT NULL,
  `user_id` int(10) unsigned NOT NULL,
  `country_residence_id` int(10) unsigned DEFAULT NULL,
  `created_at` timestamp NULL DEFAULT NULL,
  `updated_at` timestamp NULL DEFAULT NULL,
  `office_telephone` varchar(255) COLLATE utf8mb4_unicode_ci DEFAULT NULL,
  `skype` varchar(255) COLLATE utf8mb4_unicode_ci DEFAULT NULL,
  `office_email` varchar(255) COLLATE utf8mb4_unicode_ci DEFAULT NULL,
  `has_professional_societies` tinyint(1) NOT NULL DEFAULT 1,
  `has_publications` tinyint(1) NOT NULL DEFAULT 1,
  `cv_id` int(10) unsigned DEFAULT NULL,
  `id_card_id` int(10) unsigned DEFAULT NULL,
  `passport_id` int(10) unsigned DEFAULT NULL,
  `signature_id` int(10) unsigned DEFAULT NULL,
  `become_roster` tinyint(1) NOT NULL DEFAULT 0,
  `validated_roster` tinyint(1) NOT NULL DEFAULT 0,
  `linkedin_url` varchar(255) COLLATE utf8mb4_unicode_ci DEFAULT NULL,
  `is_immaper` tinyint(1) NOT NULL DEFAULT 0,
  `verified_immaper` tinyint(1) NOT NULL DEFAULT 0,
  `immap_email` varchar(255) COLLATE utf8mb4_unicode_ci DEFAULT NULL,
  `immap_office_id` bigint(20) unsigned DEFAULT NULL,
  `project` varchar(255) COLLATE utf8mb4_unicode_ci DEFAULT NULL,
  `objection_name` varchar(255) COLLATE utf8mb4_unicode_ci DEFAULT NULL,
  `objection_email` varchar(255) COLLATE utf8mb4_unicode_ci DEFAULT NULL,
  `objection_position` varchar(255) COLLATE utf8mb4_unicode_ci DEFAULT NULL,
  `objection_organization` varchar(255) COLLATE utf8mb4_unicode_ci DEFAULT NULL,
  `work_experience_years` int(11) NOT NULL DEFAULT 0,
  `work_experience_months` int(11) NOT NULL DEFAULT 0,
  `work_experience_days` int(11) NOT NULL DEFAULT 0,
  `is_immap_inc` tinyint(1) NOT NULL DEFAULT 0,
  `is_immap_france` tinyint(1) NOT NULL DEFAULT 0,
  `job_title` varchar(255) COLLATE utf8mb4_unicode_ci DEFAULT NULL,
  `duty_station` varchar(255) COLLATE utf8mb4_unicode_ci DEFAULT NULL,
  `line_manager` varchar(255) COLLATE utf8mb4_unicode_ci DEFAULT NULL,
  `line_manager_id` int(10) unsigned DEFAULT NULL,
  `start_of_current_contract` date DEFAULT NULL,
  `end_of_current_contract` date DEFAULT NULL,
  `immap_contract_international` tinyint(1) NOT NULL DEFAULT 0,
  `share_profile_consent` tinyint(1) NOT NULL DEFAULT 1,
  `disclaimer_agree` tinyint(1) NOT NULL DEFAULT 0,
  `disclaimer_open` tinyint(1) NOT NULL DEFAULT 1,
  `selected_roster_process` longtext CHARACTER SET utf8mb4 COLLATE utf8mb4_bin NOT NULL CHECK (json_valid(`selected_roster_process`)),
  `last_apply_job` timestamp NULL DEFAULT NULL,
  `under_sbp_program` tinyint(1) NOT NULL DEFAULT 0,
  `project_code` varchar(255) COLLATE utf8mb4_unicode_ci DEFAULT NULL,
  `paid_from` varchar(255) COLLATE utf8mb4_unicode_ci DEFAULT NULL,
  `cost_center` bigint(20) unsigned DEFAULT NULL,
  `project_task` varchar(255) COLLATE utf8mb4_unicode_ci DEFAULT NULL,
  `supervisor_id` int(10) unsigned DEFAULT NULL,
  `unanet_approver_id` int(10) unsigned DEFAULT NULL,
  `hosting_agency` varchar(255) COLLATE utf8mb4_unicode_ci DEFAULT NULL,
  `currency` varchar(255) COLLATE utf8mb4_unicode_ci DEFAULT NULL,
  `monthly_rate` int(11) DEFAULT NULL,
  `housing` tinyint(1) NOT NULL DEFAULT 0,
  `perdiem` tinyint(1) NOT NULL DEFAULT 0,
  `phone` tinyint(1) NOT NULL DEFAULT 0,
  `is_other` tinyint(1) NOT NULL DEFAULT 0,
  `not_applicable` tinyint(1) NOT NULL DEFAULT 0,
  `other` varchar(255) COLLATE utf8mb4_unicode_ci DEFAULT NULL,
  `hear_about_us_from` varchar(255) COLLATE utf8mb4_unicode_ci DEFAULT NULL,
  `other_text` varchar(255) COLLATE utf8mb4_unicode_ci DEFAULT NULL COMMENT 'other source of hear about us',
  `reference_notice_read` tinyint(1) NOT NULL DEFAULT 0,
  `updated_profile` tinyint(1) NOT NULL DEFAULT 1 COMMENT 'if the profile has a updated data',
  PRIMARY KEY (`id`),
  KEY `profiles_immap_office_id_foreign` (`immap_office_id`),
  KEY `profiles_country_residence_id_foreign` (`country_residence_id`),
  KEY `profiles_line_manager_id_foreign` (`line_manager_id`),
  KEY `profiles_cv_id_foreign` (`cv_id`),
  KEY `profiles_id_card_id_foreign` (`id_card_id`),
  KEY `profiles_passport_id_foreign` (`passport_id`),
  KEY `profiles_signature_id_foreign` (`signature_id`),
  KEY `profiles_supervisor_id_foreign` (`supervisor_id`),
  KEY `profiles_unanet_approver_id_foreign` (`unanet_approver_id`),
  KEY `profiles_cost_center_foreign` (`cost_center`),
  CONSTRAINT `profiles_cost_center_foreign` FOREIGN KEY (`cost_center`) REFERENCES `immap_offices` (`id`) ON DELETE CASCADE,
  CONSTRAINT `profiles_country_residence_id_foreign` FOREIGN KEY (`country_residence_id`) REFERENCES `countries` (`id`),
  CONSTRAINT `profiles_cv_id_foreign` FOREIGN KEY (`cv_id`) REFERENCES `attachments` (`id`) ON DELETE SET NULL,
  CONSTRAINT `profiles_id_card_id_foreign` FOREIGN KEY (`id_card_id`) REFERENCES `attachments` (`id`) ON DELETE SET NULL,
  CONSTRAINT `profiles_immap_office_id_foreign` FOREIGN KEY (`immap_office_id`) REFERENCES `immap_offices` (`id`),
  CONSTRAINT `profiles_line_manager_id_foreign` FOREIGN KEY (`line_manager_id`) REFERENCES `users` (`id`) ON DELETE SET NULL,
  CONSTRAINT `profiles_passport_id_foreign` FOREIGN KEY (`passport_id`) REFERENCES `attachments` (`id`) ON DELETE SET NULL,
  CONSTRAINT `profiles_signature_id_foreign` FOREIGN KEY (`signature_id`) REFERENCES `attachments` (`id`) ON DELETE SET NULL,
  CONSTRAINT `profiles_supervisor_id_foreign` FOREIGN KEY (`supervisor_id`) REFERENCES `users` (`id`) ON DELETE CASCADE,
  CONSTRAINT `profiles_unanet_approver_id_foreign` FOREIGN KEY (`unanet_approver_id`) REFERENCES `users` (`id`) ON DELETE CASCADE
) ENGINE=InnoDB AUTO_INCREMENT=2071 DEFAULT CHARSET=utf8mb4 COLLATE=utf8mb4_unicode_ci;
/*!40101 SET character_set_client = @saved_cs_client */;

--
-- Dumping data for table `profiles`
--

LOCK TABLES `profiles` WRITE;
/*!40000 ALTER TABLE `profiles` DISABLE KEYS */;
INSERT INTO `profiles` VALUES (1,'Adityo','Ashari','Wirjno',NULL,NULL,NULL,NULL,NULL,NULL,1,NULL,0,NULL,'adityoashari@gmail.com',0,0,0,'',0,0,0,0,1,NULL,3,1,'2018-12-01 17:34:01','2022-08-17 03:29:06','+62-89999999999',NULL,NULL,0,0,57,NULL,NULL,94,1,1,NULL,1,1,'dummy@immap.org',12,'HR Platform',NULL,NULL,NULL,NULL,4,4,1611,1,0,'Developer','Somewhere on Earth','Mr Manager',NULL,'2022-01-01','2023-08-24',0,1,1,0,'null','2023-03-06 07:09:05',0,NULL,NULL,NULL,NULL,NULL,NULL,NULL,NULL,NULL,0,0,0,0,0,NULL,NULL,NULL,0,1),(89,'',NULL,'',NULL,NULL,NULL,NULL,NULL,NULL,NULL,NULL,0,NULL,'',0,0,0,NULL,0,1,0,0,0,NULL,0,NULL,NULL,NULL,NULL,NULL,NULL,1,1,NULL,NULL,NULL,NULL,0,0,NULL,0,0,NULL,NULL,NULL,NULL,NULL,NULL,NULL,0,0,0,0,0,NULL,NULL,NULL,NULL,NULL,NULL,0,1,0,1,'null',NULL,0,NULL,NULL,NULL,NULL,NULL,NULL,NULL,NULL,NULL,0,0,0,0,0,NULL,NULL,NULL,0,1),(1588,'Adityo',NULL,'Wirjono',NULL,NULL,NULL,NULL,NULL,NULL,1,NULL,0,NULL,'adityoashari@yahoo.com',0,0,0,'',0,0,0,0,0,NULL,1593,104,'2020-03-26 02:01:13','2022-12-08 06:49:59',NULL,NULL,NULL,1,0,4321,NULL,NULL,NULL,1,0,NULL,1,0,'dummy2@immap.org',14,NULL,NULL,NULL,NULL,NULL,3,0,1096,1,0,'Developer','Somewhere on Earth','Mr. Manager',NULL,'2020-02-01','2020-11-30',0,1,1,0,'[1,5]','2020-07-23 01:33:37',0,NULL,NULL,NULL,NULL,NULL,NULL,NULL,NULL,NULL,0,0,0,0,0,NULL,NULL,NULL,0,1),(2062,'amril','syaifa','yasin',NULL,NULL,NULL,NULL,NULL,NULL,0,NULL,0,NULL,'amrilsyaifayasin@gmail.com',0,0,0,'',0,1,0,0,0,NULL,2068,1,'2020-04-28 00:24:07','2020-07-23 01:39:22',NULL,NULL,NULL,1,1,4376,NULL,NULL,NULL,1,0,NULL,0,0,NULL,NULL,NULL,NULL,NULL,NULL,NULL,4,5,1634,0,0,NULL,NULL,NULL,NULL,NULL,NULL,0,1,1,0,'[]','2020-07-23 01:40:12',0,NULL,NULL,NULL,NULL,NULL,NULL,NULL,NULL,NULL,0,0,0,0,0,NULL,NULL,NULL,0,1),(2063,'Martunis',NULL,'Mukhtar',NULL,NULL,NULL,NULL,NULL,NULL,0,NULL,0,NULL,'martunisjenissari@gmail.com',0,0,0,'',0,1,0,0,0,NULL,2069,1,'2020-05-11 02:17:21','2022-10-13 04:13:40',NULL,NULL,NULL,1,0,4364,NULL,NULL,NULL,0,0,NULL,0,0,NULL,NULL,NULL,NULL,NULL,NULL,NULL,2,3,832,0,0,NULL,NULL,NULL,NULL,NULL,NULL,0,1,1,0,'[1, 5]',NULL,0,NULL,NULL,NULL,NULL,NULL,NULL,NULL,NULL,NULL,0,0,0,0,0,NULL,NULL,NULL,0,1),(2064,'Miftahul',NULL,'Hamdi',NULL,NULL,NULL,NULL,NULL,NULL,0,NULL,0,NULL,'martunismukhtar@yahoo.com',0,0,0,'',0,0,0,0,0,NULL,2070,1,'2020-05-18 21:32:33','2020-07-23 03:07:48',NULL,NULL,NULL,1,0,4365,NULL,NULL,NULL,1,0,NULL,0,0,NULL,NULL,NULL,NULL,NULL,NULL,NULL,2,4,869,0,0,NULL,NULL,NULL,NULL,NULL,NULL,0,1,1,0,'[1, 5]','2020-07-23 01:48:47',0,NULL,NULL,NULL,NULL,NULL,NULL,NULL,NULL,NULL,0,0,0,0,0,NULL,NULL,NULL,0,1),(2067,'roula',NULL,'moussa',NULL,NULL,NULL,NULL,NULL,NULL,2,NULL,0,NULL,'roula.moussa@gmail.com',0,0,0,'',0,1,0,0,0,NULL,2073,4,'2020-07-23 08:07:49','2022-10-17 03:22:37',NULL,NULL,NULL,1,0,4382,NULL,NULL,NULL,1,0,NULL,1,1,'lem@immap.org',12,'HR Platform',NULL,'lem@gmail.com','position',NULL,5,5,1986,1,0,'software eng','Goma','roula moussa',2073,'2022-08-01','2026-08-05',0,1,1,0,'[1,5]',NULL,0,'oopp',NULL,NULL,NULL,NULL,NULL,NULL,NULL,NULL,0,0,0,0,0,NULL,NULL,NULL,0,1),(2068,'amril','syaifa','yasin',NULL,NULL,NULL,NULL,NULL,NULL,2,NULL,0,NULL,'amril.syaifa.kopkarla@GMAIL.COM',0,0,0,NULL,0,1,0,0,0,NULL,2074,NULL,'2020-07-27 21:15:23','2020-07-27 21:24:03',NULL,NULL,NULL,1,1,NULL,NULL,NULL,NULL,0,0,NULL,0,0,NULL,NULL,NULL,NULL,NULL,NULL,NULL,0,0,0,0,0,NULL,NULL,NULL,NULL,NULL,NULL,0,1,1,0,'[]',NULL,0,NULL,NULL,NULL,NULL,NULL,NULL,NULL,NULL,NULL,0,0,0,0,0,NULL,NULL,NULL,0,1),(2069,'name','lastname','family',NULL,NULL,NULL,NULL,NULL,NULL,2,NULL,0,NULL,'lem@gmail.com',0,0,0,'',0,1,0,0,0,NULL,2075,6,'2022-08-16 05:06:01','2022-08-22 14:04:37',NULL,NULL,NULL,1,0,4383,NULL,NULL,NULL,1,0,'https://www.linkedin.com/in/lemoisson-metre-aba15712b/',0,0,NULL,NULL,NULL,NULL,NULL,NULL,NULL,5,7,2053,0,0,NULL,NULL,NULL,NULL,'2022-08-16','2022-08-16',0,1,1,0,'[5]',NULL,0,NULL,NULL,NULL,NULL,NULL,NULL,NULL,NULL,NULL,0,0,0,0,0,NULL,NULL,NULL,0,1),(2070,'metre',NULL,'lemoisosn',NULL,NULL,NULL,NULL,NULL,NULL,2,NULL,0,NULL,'metre@gmail.com',0,0,0,NULL,0,1,0,0,0,NULL,2076,110,'2023-02-22 02:29:48','2023-02-22 03:10:50',NULL,NULL,NULL,1,1,NULL,NULL,NULL,NULL,0,0,NULL,0,0,NULL,NULL,NULL,NULL,NULL,NULL,NULL,0,0,0,0,0,NULL,NULL,NULL,NULL,NULL,NULL,0,1,1,0,'[]',NULL,0,NULL,NULL,NULL,NULL,NULL,NULL,NULL,NULL,NULL,0,0,0,0,0,NULL,NULL,NULL,1,1);
/*!40000 ALTER TABLE `profiles` ENABLE KEYS */;
UNLOCK TABLES;

--
-- Table structure for table `question_im_test`
--

DROP TABLE IF EXISTS `question_im_test`;
/*!40101 SET @saved_cs_client     = @@character_set_client */;
/*!40101 SET character_set_client = utf8 */;
CREATE TABLE `question_im_test` (
  `id` bigint(20) unsigned NOT NULL AUTO_INCREMENT,
  `question` varchar(255) COLLATE utf8mb4_unicode_ci NOT NULL,
  `im_test_id` bigint(20) unsigned DEFAULT NULL,
  `created_at` timestamp NULL DEFAULT NULL,
  `updated_at` timestamp NULL DEFAULT NULL,
  PRIMARY KEY (`id`),
  KEY `question_im_test_im_test_id_foreign` (`im_test_id`),
  CONSTRAINT `question_im_test_im_test_id_foreign` FOREIGN KEY (`im_test_id`) REFERENCES `im_test` (`id`) ON DELETE CASCADE
) ENGINE=InnoDB AUTO_INCREMENT=5 DEFAULT CHARSET=utf8mb4 COLLATE=utf8mb4_unicode_ci;
/*!40101 SET character_set_client = @saved_cs_client */;

--
-- Dumping data for table `question_im_test`
--

LOCK TABLES `question_im_test` WRITE;
/*!40000 ALTER TABLE `question_im_test` DISABLE KEYS */;
INSERT INTO `question_im_test` VALUES (1,'How many people did the organisation \"PARC\" serve?',2,'2019-12-16 02:52:19','2019-12-16 02:52:19'),(2,'Which governorate had the most beneficiaries?',2,'2019-12-16 02:52:19','2019-12-16 02:52:19'),(3,'Which organisation has the highest number of beneficiaries per activity?',2,'2019-12-16 02:52:20','2019-12-16 02:52:20'),(4,'Count the number of Health Facilities for each Territory (Admin 2).',3,'2019-12-16 02:52:20','2019-12-16 02:52:20');
/*!40000 ALTER TABLE `question_im_test` ENABLE KEYS */;
UNLOCK TABLES;

--
-- Table structure for table `question_reference`
--

DROP TABLE IF EXISTS `question_reference`;
/*!40101 SET @saved_cs_client     = @@character_set_client */;
/*!40101 SET character_set_client = utf8 */;
CREATE TABLE `question_reference` (
  `id` bigint(20) unsigned NOT NULL AUTO_INCREMENT,
  `question` varchar(255) COLLATE utf8mb4_unicode_ci NOT NULL,
  `created_at` timestamp NULL DEFAULT NULL,
  `updated_at` timestamp NULL DEFAULT NULL,
  `is_default` tinyint(1) DEFAULT 0,
  `category_question_reference_id` bigint(20) unsigned DEFAULT NULL,
  PRIMARY KEY (`id`),
  KEY `question_reference_category_question_reference_id_foreign` (`category_question_reference_id`),
  CONSTRAINT `question_reference_category_question_reference_id_foreign` FOREIGN KEY (`category_question_reference_id`) REFERENCES `category_question_reference` (`id`) ON DELETE CASCADE
) ENGINE=InnoDB AUTO_INCREMENT=3 DEFAULT CHARSET=utf8mb4 COLLATE=utf8mb4_unicode_ci;
/*!40101 SET character_set_client = @saved_cs_client */;

--
-- Dumping data for table `question_reference`
--

LOCK TABLES `question_reference` WRITE;
/*!40000 ALTER TABLE `question_reference` DISABLE KEYS */;
INSERT INTO `question_reference` VALUES (1,'<p>Question number 1</p>','2019-11-27 01:41:00','2019-11-27 01:41:00',0,1),(2,'<p>Question number 1</p>','2019-11-27 01:41:00','2019-11-27 01:41:00',0,1);
/*!40000 ALTER TABLE `question_reference` ENABLE KEYS */;
UNLOCK TABLES;

--
-- Table structure for table `queue_jobs`
--

DROP TABLE IF EXISTS `queue_jobs`;
/*!40101 SET @saved_cs_client     = @@character_set_client */;
/*!40101 SET character_set_client = utf8 */;
CREATE TABLE `queue_jobs` (
  `id` bigint(20) unsigned NOT NULL AUTO_INCREMENT,
  `queue` varchar(255) COLLATE utf8_unicode_ci NOT NULL,
  `payload` longtext COLLATE utf8_unicode_ci NOT NULL,
  `attempts` tinyint(3) unsigned NOT NULL,
  `reserved_at` int(10) unsigned DEFAULT NULL,
  `available_at` int(10) unsigned NOT NULL,
  `created_at` int(10) unsigned NOT NULL,
  PRIMARY KEY (`id`),
  KEY `queue_jobs_queue_index` (`queue`)
) ENGINE=InnoDB AUTO_INCREMENT=82 DEFAULT CHARSET=utf8 COLLATE=utf8_unicode_ci;
/*!40101 SET character_set_client = @saved_cs_client */;

--
-- Dumping data for table `queue_jobs`
--

LOCK TABLES `queue_jobs` WRITE;
/*!40000 ALTER TABLE `queue_jobs` DISABLE KEYS */;
INSERT INTO `queue_jobs` VALUES (77,'default','{\"displayName\":\"App\\\\Mail\\\\SbpJobClosedNotification\",\"job\":\"Illuminate\\\\Queue\\\\CallQueuedHandler@call\",\"maxTries\":null,\"delay\":null,\"timeout\":null,\"timeoutAt\":null,\"data\":{\"commandName\":\"Illuminate\\\\Mail\\\\SendQueuedMailable\",\"command\":\"O:34:\\\"Illuminate\\\\Mail\\\\SendQueuedMailable\\\":3:{s:8:\\\"mailable\\\";O:33:\\\"App\\\\Mail\\\\SbpJobClosedNotification\\\":29:{s:3:\\\"job\\\";O:45:\\\"Illuminate\\\\Contracts\\\\Database\\\\ModelIdentifier\\\":4:{s:5:\\\"class\\\";s:14:\\\"App\\\\Models\\\\Job\\\";s:2:\\\"id\\\";i:43;s:9:\\\"relations\\\";a:4:{i:0;s:5:\\\"users\\\";i:1;s:3:\\\"tor\\\";i:2;s:16:\\\"tor.job_standard\\\";i:3;s:7:\\\"country\\\";}s:10:\\\"connection\\\";s:5:\\\"mysql\\\";}s:3:\\\"tor\\\";O:45:\\\"Illuminate\\\\Contracts\\\\Database\\\\ModelIdentifier\\\":4:{s:5:\\\"class\\\";s:19:\\\"App\\\\Models\\\\HR\\\\HRToR\\\";s:2:\\\"id\\\";i:43;s:9:\\\"relations\\\";a:1:{i:0;s:12:\\\"job_standard\\\";}s:10:\\\"connection\\\";s:5:\\\"mysql\\\";}s:13:\\\"sbpRosterName\\\";s:9:\\\"test name\\\";s:11:\\\"dutyStation\\\";s:7:\\\"station\\\";s:7:\\\"country\\\";s:7:\\\"Algeria\\\";s:12:\\\"organization\\\";s:5:\\\"iMMAP\\\";s:7:\\\"cluster\\\";s:8:\\\"seconded\\\";s:6:\\\"locale\\\";N;s:4:\\\"from\\\";a:0:{}s:2:\\\"to\\\";a:1:{i:0;a:2:{s:4:\\\"name\\\";N;s:7:\\\"address\\\";s:17:\\\"careers@immap.org\\\";}}s:2:\\\"cc\\\";a:0:{}s:3:\\\"bcc\\\";a:3:{i:0;a:2:{s:4:\\\"name\\\";N;s:7:\\\"address\\\";s:22:\\\"murhulametre@gmail.com\\\";}i:1;a:2:{s:4:\\\"name\\\";N;s:7:\\\"address\\\";s:20:\\\"jkchishugi@gmail.com\\\";}i:2;a:2:{s:4:\\\"name\\\";N;s:7:\\\"address\\\";s:16:\\\"mmetre@immap.org\\\";}}s:7:\\\"replyTo\\\";a:0:{}s:7:\\\"subject\\\";N;s:11:\\\"\\u0000*\\u0000markdown\\\";N;s:7:\\\"\\u0000*\\u0000html\\\";N;s:4:\\\"view\\\";N;s:8:\\\"textView\\\";N;s:8:\\\"viewData\\\";a:0:{}s:11:\\\"attachments\\\";a:0:{}s:14:\\\"rawAttachments\\\";a:0:{}s:15:\\\"diskAttachments\\\";a:0:{}s:9:\\\"callbacks\\\";a:0:{}s:10:\\\"connection\\\";N;s:5:\\\"queue\\\";N;s:15:\\\"chainConnection\\\";N;s:10:\\\"chainQueue\\\";N;s:5:\\\"delay\\\";N;s:7:\\\"chained\\\";a:0:{}}s:5:\\\"tries\\\";N;s:7:\\\"timeout\\\";N;}\"}}',1,1680716756,1680716753,1680716733),(78,'default','{\"displayName\":\"App\\\\Mail\\\\SbpJobClosedNotification\",\"job\":\"Illuminate\\\\Queue\\\\CallQueuedHandler@call\",\"maxTries\":null,\"delay\":null,\"timeout\":null,\"timeoutAt\":null,\"data\":{\"commandName\":\"Illuminate\\\\Mail\\\\SendQueuedMailable\",\"command\":\"O:34:\\\"Illuminate\\\\Mail\\\\SendQueuedMailable\\\":3:{s:8:\\\"mailable\\\";O:33:\\\"App\\\\Mail\\\\SbpJobClosedNotification\\\":29:{s:3:\\\"job\\\";O:45:\\\"Illuminate\\\\Contracts\\\\Database\\\\ModelIdentifier\\\":4:{s:5:\\\"class\\\";s:14:\\\"App\\\\Models\\\\Job\\\";s:2:\\\"id\\\";i:43;s:9:\\\"relations\\\";a:4:{i:0;s:5:\\\"users\\\";i:1;s:3:\\\"tor\\\";i:2;s:16:\\\"tor.job_standard\\\";i:3;s:7:\\\"country\\\";}s:10:\\\"connection\\\";s:5:\\\"mysql\\\";}s:3:\\\"tor\\\";O:45:\\\"Illuminate\\\\Contracts\\\\Database\\\\ModelIdentifier\\\":4:{s:5:\\\"class\\\";s:19:\\\"App\\\\Models\\\\HR\\\\HRToR\\\";s:2:\\\"id\\\";i:43;s:9:\\\"relations\\\";a:1:{i:0;s:12:\\\"job_standard\\\";}s:10:\\\"connection\\\";s:5:\\\"mysql\\\";}s:13:\\\"sbpRosterName\\\";s:9:\\\"test name\\\";s:11:\\\"dutyStation\\\";s:7:\\\"station\\\";s:7:\\\"country\\\";s:7:\\\"Algeria\\\";s:12:\\\"organization\\\";s:5:\\\"iMMAP\\\";s:7:\\\"cluster\\\";s:8:\\\"seconded\\\";s:6:\\\"locale\\\";N;s:4:\\\"from\\\";a:0:{}s:2:\\\"to\\\";a:1:{i:0;a:2:{s:4:\\\"name\\\";N;s:7:\\\"address\\\";s:17:\\\"careers@immap.org\\\";}}s:2:\\\"cc\\\";a:0:{}s:3:\\\"bcc\\\";a:3:{i:0;a:2:{s:4:\\\"name\\\";N;s:7:\\\"address\\\";s:22:\\\"murhulametre@gmail.com\\\";}i:1;a:2:{s:4:\\\"name\\\";N;s:7:\\\"address\\\";s:20:\\\"jkchishugi@gmail.com\\\";}i:2;a:2:{s:4:\\\"name\\\";N;s:7:\\\"address\\\";s:16:\\\"mmetre@immap.org\\\";}}s:7:\\\"replyTo\\\";a:0:{}s:7:\\\"subject\\\";N;s:11:\\\"\\u0000*\\u0000markdown\\\";N;s:7:\\\"\\u0000*\\u0000html\\\";N;s:4:\\\"view\\\";N;s:8:\\\"textView\\\";N;s:8:\\\"viewData\\\";a:0:{}s:11:\\\"attachments\\\";a:0:{}s:14:\\\"rawAttachments\\\";a:0:{}s:15:\\\"diskAttachments\\\";a:0:{}s:9:\\\"callbacks\\\";a:0:{}s:10:\\\"connection\\\";N;s:5:\\\"queue\\\";N;s:15:\\\"chainConnection\\\";N;s:10:\\\"chainQueue\\\";N;s:5:\\\"delay\\\";N;s:7:\\\"chained\\\";a:0:{}}s:5:\\\"tries\\\";N;s:7:\\\"timeout\\\";N;}\"}}',0,NULL,1680716773,1680716733),(79,'default','{\"displayName\":\"App\\\\Mail\\\\SbpJobClosedNotification\",\"job\":\"Illuminate\\\\Queue\\\\CallQueuedHandler@call\",\"maxTries\":null,\"delay\":null,\"timeout\":null,\"timeoutAt\":null,\"data\":{\"commandName\":\"Illuminate\\\\Mail\\\\SendQueuedMailable\",\"command\":\"O:34:\\\"Illuminate\\\\Mail\\\\SendQueuedMailable\\\":3:{s:8:\\\"mailable\\\";O:33:\\\"App\\\\Mail\\\\SbpJobClosedNotification\\\":29:{s:3:\\\"job\\\";O:45:\\\"Illuminate\\\\Contracts\\\\Database\\\\ModelIdentifier\\\":4:{s:5:\\\"class\\\";s:14:\\\"App\\\\Models\\\\Job\\\";s:2:\\\"id\\\";i:43;s:9:\\\"relations\\\";a:4:{i:0;s:5:\\\"users\\\";i:1;s:3:\\\"tor\\\";i:2;s:16:\\\"tor.job_standard\\\";i:3;s:7:\\\"country\\\";}s:10:\\\"connection\\\";s:5:\\\"mysql\\\";}s:3:\\\"tor\\\";O:45:\\\"Illuminate\\\\Contracts\\\\Database\\\\ModelIdentifier\\\":4:{s:5:\\\"class\\\";s:19:\\\"App\\\\Models\\\\HR\\\\HRToR\\\";s:2:\\\"id\\\";i:43;s:9:\\\"relations\\\";a:1:{i:0;s:12:\\\"job_standard\\\";}s:10:\\\"connection\\\";s:5:\\\"mysql\\\";}s:13:\\\"sbpRosterName\\\";s:9:\\\"test name\\\";s:11:\\\"dutyStation\\\";s:7:\\\"station\\\";s:7:\\\"country\\\";s:7:\\\"Algeria\\\";s:12:\\\"organization\\\";s:5:\\\"iMMAP\\\";s:7:\\\"cluster\\\";s:8:\\\"seconded\\\";s:6:\\\"locale\\\";N;s:4:\\\"from\\\";a:0:{}s:2:\\\"to\\\";a:1:{i:0;a:2:{s:4:\\\"name\\\";N;s:7:\\\"address\\\";s:17:\\\"careers@immap.org\\\";}}s:2:\\\"cc\\\";a:0:{}s:3:\\\"bcc\\\";a:3:{i:0;a:2:{s:4:\\\"name\\\";N;s:7:\\\"address\\\";s:22:\\\"murhulametre@gmail.com\\\";}i:1;a:2:{s:4:\\\"name\\\";N;s:7:\\\"address\\\";s:20:\\\"jkchishugi@gmail.com\\\";}i:2;a:2:{s:4:\\\"name\\\";N;s:7:\\\"address\\\";s:16:\\\"mmetre@immap.org\\\";}}s:7:\\\"replyTo\\\";a:0:{}s:7:\\\"subject\\\";N;s:11:\\\"\\u0000*\\u0000markdown\\\";N;s:7:\\\"\\u0000*\\u0000html\\\";N;s:4:\\\"view\\\";N;s:8:\\\"textView\\\";N;s:8:\\\"viewData\\\";a:0:{}s:11:\\\"attachments\\\";a:0:{}s:14:\\\"rawAttachments\\\";a:0:{}s:15:\\\"diskAttachments\\\";a:0:{}s:9:\\\"callbacks\\\";a:0:{}s:10:\\\"connection\\\";N;s:5:\\\"queue\\\";N;s:15:\\\"chainConnection\\\";N;s:10:\\\"chainQueue\\\";N;s:5:\\\"delay\\\";N;s:7:\\\"chained\\\";a:0:{}}s:5:\\\"tries\\\";N;s:7:\\\"timeout\\\";N;}\"}}',0,NULL,1680716793,1680716733),(80,'default','{\"displayName\":\"App\\\\Mail\\\\SbpJobClosedNotification\",\"job\":\"Illuminate\\\\Queue\\\\CallQueuedHandler@call\",\"maxTries\":null,\"delay\":null,\"timeout\":null,\"timeoutAt\":null,\"data\":{\"commandName\":\"Illuminate\\\\Mail\\\\SendQueuedMailable\",\"command\":\"O:34:\\\"Illuminate\\\\Mail\\\\SendQueuedMailable\\\":3:{s:8:\\\"mailable\\\";O:33:\\\"App\\\\Mail\\\\SbpJobClosedNotification\\\":29:{s:3:\\\"job\\\";O:45:\\\"Illuminate\\\\Contracts\\\\Database\\\\ModelIdentifier\\\":4:{s:5:\\\"class\\\";s:14:\\\"App\\\\Models\\\\Job\\\";s:2:\\\"id\\\";i:43;s:9:\\\"relations\\\";a:4:{i:0;s:5:\\\"users\\\";i:1;s:3:\\\"tor\\\";i:2;s:16:\\\"tor.job_standard\\\";i:3;s:7:\\\"country\\\";}s:10:\\\"connection\\\";s:5:\\\"mysql\\\";}s:3:\\\"tor\\\";O:45:\\\"Illuminate\\\\Contracts\\\\Database\\\\ModelIdentifier\\\":4:{s:5:\\\"class\\\";s:19:\\\"App\\\\Models\\\\HR\\\\HRToR\\\";s:2:\\\"id\\\";i:43;s:9:\\\"relations\\\";a:1:{i:0;s:12:\\\"job_standard\\\";}s:10:\\\"connection\\\";s:5:\\\"mysql\\\";}s:13:\\\"sbpRosterName\\\";s:9:\\\"test name\\\";s:11:\\\"dutyStation\\\";s:7:\\\"station\\\";s:7:\\\"country\\\";s:7:\\\"Algeria\\\";s:12:\\\"organization\\\";s:5:\\\"iMMAP\\\";s:7:\\\"cluster\\\";s:8:\\\"seconded\\\";s:6:\\\"locale\\\";N;s:4:\\\"from\\\";a:0:{}s:2:\\\"to\\\";a:1:{i:0;a:2:{s:4:\\\"name\\\";N;s:7:\\\"address\\\";s:17:\\\"careers@immap.org\\\";}}s:2:\\\"cc\\\";a:0:{}s:3:\\\"bcc\\\";a:3:{i:0;a:2:{s:4:\\\"name\\\";N;s:7:\\\"address\\\";s:22:\\\"murhulametre@gmail.com\\\";}i:1;a:2:{s:4:\\\"name\\\";N;s:7:\\\"address\\\";s:20:\\\"jkchishugi@gmail.com\\\";}i:2;a:2:{s:4:\\\"name\\\";N;s:7:\\\"address\\\";s:16:\\\"mmetre@immap.org\\\";}}s:7:\\\"replyTo\\\";a:0:{}s:7:\\\"subject\\\";N;s:11:\\\"\\u0000*\\u0000markdown\\\";N;s:7:\\\"\\u0000*\\u0000html\\\";N;s:4:\\\"view\\\";N;s:8:\\\"textView\\\";N;s:8:\\\"viewData\\\";a:0:{}s:11:\\\"attachments\\\";a:0:{}s:14:\\\"rawAttachments\\\";a:0:{}s:15:\\\"diskAttachments\\\";a:0:{}s:9:\\\"callbacks\\\";a:0:{}s:10:\\\"connection\\\";N;s:5:\\\"queue\\\";N;s:15:\\\"chainConnection\\\";N;s:10:\\\"chainQueue\\\";N;s:5:\\\"delay\\\";N;s:7:\\\"chained\\\";a:0:{}}s:5:\\\"tries\\\";N;s:7:\\\"timeout\\\";N;}\"}}',0,NULL,1680716813,1680716733);
/*!40000 ALTER TABLE `queue_jobs` ENABLE KEYS */;
UNLOCK TABLES;

--
-- Table structure for table `quiz_template_essay_questions`
--

DROP TABLE IF EXISTS `quiz_template_essay_questions`;
/*!40101 SET @saved_cs_client     = @@character_set_client */;
/*!40101 SET character_set_client = utf8 */;
CREATE TABLE `quiz_template_essay_questions` (
  `id` bigint(20) unsigned NOT NULL AUTO_INCREMENT,
  `quiz_template_id` bigint(20) unsigned DEFAULT NULL,
  `question` text COLLATE utf8mb4_unicode_ci NOT NULL,
  `score` int(11) NOT NULL DEFAULT 0,
  `created_at` timestamp NULL DEFAULT NULL,
  `updated_at` timestamp NULL DEFAULT NULL,
  PRIMARY KEY (`id`)
) ENGINE=InnoDB DEFAULT CHARSET=utf8mb4 COLLATE=utf8mb4_unicode_ci;
/*!40101 SET character_set_client = @saved_cs_client */;

--
-- Dumping data for table `quiz_template_essay_questions`
--

LOCK TABLES `quiz_template_essay_questions` WRITE;
/*!40000 ALTER TABLE `quiz_template_essay_questions` DISABLE KEYS */;
/*!40000 ALTER TABLE `quiz_template_essay_questions` ENABLE KEYS */;
UNLOCK TABLES;

--
-- Table structure for table `quiz_template_mc_question_answers`
--

DROP TABLE IF EXISTS `quiz_template_mc_question_answers`;
/*!40101 SET @saved_cs_client     = @@character_set_client */;
/*!40101 SET character_set_client = utf8 */;
CREATE TABLE `quiz_template_mc_question_answers` (
  `id` bigint(20) unsigned NOT NULL AUTO_INCREMENT,
  `quiz_template_mcq_id` bigint(20) unsigned DEFAULT NULL,
  `answer` text COLLATE utf8mb4_unicode_ci NOT NULL,
  `is_correct` tinyint(4) NOT NULL DEFAULT 0,
  `created_at` timestamp NULL DEFAULT NULL,
  `updated_at` timestamp NULL DEFAULT NULL,
  PRIMARY KEY (`id`),
  KEY `quiz_template_mc_question_answers_quiz_template_mcq_id_foreign` (`quiz_template_mcq_id`),
  CONSTRAINT `quiz_template_mc_question_answers_quiz_template_mcq_id_foreign` FOREIGN KEY (`quiz_template_mcq_id`) REFERENCES `quiz_template_mc_questions` (`id`)
) ENGINE=InnoDB DEFAULT CHARSET=utf8mb4 COLLATE=utf8mb4_unicode_ci;
/*!40101 SET character_set_client = @saved_cs_client */;

--
-- Dumping data for table `quiz_template_mc_question_answers`
--

LOCK TABLES `quiz_template_mc_question_answers` WRITE;
/*!40000 ALTER TABLE `quiz_template_mc_question_answers` DISABLE KEYS */;
/*!40000 ALTER TABLE `quiz_template_mc_question_answers` ENABLE KEYS */;
UNLOCK TABLES;

--
-- Table structure for table `quiz_template_mc_questions`
--

DROP TABLE IF EXISTS `quiz_template_mc_questions`;
/*!40101 SET @saved_cs_client     = @@character_set_client */;
/*!40101 SET character_set_client = utf8 */;
CREATE TABLE `quiz_template_mc_questions` (
  `id` bigint(20) unsigned NOT NULL AUTO_INCREMENT,
  `quiz_template_id` bigint(20) unsigned DEFAULT NULL,
  `question` text COLLATE utf8mb4_unicode_ci NOT NULL,
  `score` int(11) NOT NULL DEFAULT 0,
  `created_at` timestamp NULL DEFAULT NULL,
  `updated_at` timestamp NULL DEFAULT NULL,
  PRIMARY KEY (`id`),
  KEY `quiz_template_mc_questions_quiz_template_id_foreign` (`quiz_template_id`),
  CONSTRAINT `quiz_template_mc_questions_quiz_template_id_foreign` FOREIGN KEY (`quiz_template_id`) REFERENCES `quiz_templates` (`id`)
) ENGINE=InnoDB DEFAULT CHARSET=utf8mb4 COLLATE=utf8mb4_unicode_ci;
/*!40101 SET character_set_client = @saved_cs_client */;

--
-- Dumping data for table `quiz_template_mc_questions`
--

LOCK TABLES `quiz_template_mc_questions` WRITE;
/*!40000 ALTER TABLE `quiz_template_mc_questions` DISABLE KEYS */;
/*!40000 ALTER TABLE `quiz_template_mc_questions` ENABLE KEYS */;
UNLOCK TABLES;

--
-- Table structure for table `quiz_templates`
--

DROP TABLE IF EXISTS `quiz_templates`;
/*!40101 SET @saved_cs_client     = @@character_set_client */;
/*!40101 SET character_set_client = utf8 */;
CREATE TABLE `quiz_templates` (
  `id` bigint(20) unsigned NOT NULL AUTO_INCREMENT,
  `title` varchar(255) COLLATE utf8mb4_unicode_ci NOT NULL,
  `slug` varchar(255) COLLATE utf8mb4_unicode_ci NOT NULL,
  `is_default` tinyint(1) NOT NULL DEFAULT 0,
  `is_im_test` tinyint(1) NOT NULL DEFAULT 0,
  `im_test_template_id` bigint(20) unsigned DEFAULT NULL,
  `duration` int(11) DEFAULT NULL,
  `pass_score` int(11) DEFAULT NULL,
  `created_at` timestamp NULL DEFAULT NULL,
  `updated_at` timestamp NULL DEFAULT NULL,
  PRIMARY KEY (`id`),
  UNIQUE KEY `quiz_templates_slug_unique` (`slug`),
  KEY `quiz_templates_im_test_template_id_foreign` (`im_test_template_id`),
  CONSTRAINT `quiz_templates_im_test_template_id_foreign` FOREIGN KEY (`im_test_template_id`) REFERENCES `im_test_templates` (`id`)
) ENGINE=InnoDB AUTO_INCREMENT=2 DEFAULT CHARSET=utf8mb4 COLLATE=utf8mb4_unicode_ci;
/*!40101 SET character_set_client = @saved_cs_client */;

--
-- Dumping data for table `quiz_templates`
--

LOCK TABLES `quiz_templates` WRITE;
/*!40000 ALTER TABLE `quiz_templates` DISABLE KEYS */;
INSERT INTO `quiz_templates` VALUES (1,'IM Test','im-test',1,1,NULL,NULL,NULL,'2019-11-11 03:51:55','2019-11-11 03:51:55');
/*!40000 ALTER TABLE `quiz_templates` ENABLE KEYS */;
UNLOCK TABLES;

--
-- Table structure for table `reference_history`
--

DROP TABLE IF EXISTS `reference_history`;
/*!40101 SET @saved_cs_client     = @@character_set_client */;
/*!40101 SET character_set_client = utf8 */;
CREATE TABLE `reference_history` (
  `id` int(10) unsigned NOT NULL AUTO_INCREMENT,
  `reference_id` int(10) unsigned NOT NULL,
  `code` varchar(255) COLLATE utf8_unicode_ci DEFAULT NULL,
  `job_id` int(10) unsigned DEFAULT NULL,
  `reference_sender_id` int(10) unsigned DEFAULT NULL,
  `roster_process_id` bigint(20) unsigned DEFAULT NULL,
  `attachment_id` int(10) unsigned DEFAULT NULL,
  `created_at` timestamp NULL DEFAULT NULL,
  `updated_at` timestamp NULL DEFAULT NULL,
  PRIMARY KEY (`id`),
  KEY `reference_history_reference_id_foreign` (`reference_id`),
  KEY `reference_history_job_id_foreign` (`job_id`),
  KEY `reference_history_reference_sender_id_foreign` (`reference_sender_id`),
  KEY `reference_history_roster_process_id_foreign` (`roster_process_id`),
  KEY `reference_history_attachment_id_foreign` (`attachment_id`),
  CONSTRAINT `reference_history_attachment_id_foreign` FOREIGN KEY (`attachment_id`) REFERENCES `attachments` (`id`),
  CONSTRAINT `reference_history_job_id_foreign` FOREIGN KEY (`job_id`) REFERENCES `jobs` (`id`),
  CONSTRAINT `reference_history_reference_id_foreign` FOREIGN KEY (`reference_id`) REFERENCES `p11_references` (`id`),
  CONSTRAINT `reference_history_reference_sender_id_foreign` FOREIGN KEY (`reference_sender_id`) REFERENCES `users` (`id`),
  CONSTRAINT `reference_history_roster_process_id_foreign` FOREIGN KEY (`roster_process_id`) REFERENCES `roster_processes` (`id`)
) ENGINE=InnoDB AUTO_INCREMENT=12 DEFAULT CHARSET=utf8 COLLATE=utf8_unicode_ci;
/*!40101 SET character_set_client = @saved_cs_client */;

--
-- Dumping data for table `reference_history`
--

LOCK TABLES `reference_history` WRITE;
/*!40000 ALTER TABLE `reference_history` DISABLE KEYS */;
INSERT INTO `reference_history` VALUES (9,5,'6371',39,3,NULL,4429,'2022-10-26 05:58:03','2023-02-10 04:33:24'),(10,2217,NULL,NULL,3,1,4430,'2022-10-26 06:05:37','2022-10-26 06:06:16'),(11,5,'4856',40,3,NULL,NULL,'2023-02-10 04:25:42','2023-02-10 04:50:14');
/*!40000 ALTER TABLE `reference_history` ENABLE KEYS */;
UNLOCK TABLES;

--
-- Table structure for table `repository`
--

DROP TABLE IF EXISTS `repository`;
/*!40101 SET @saved_cs_client     = @@character_set_client */;
/*!40101 SET character_set_client = utf8 */;
CREATE TABLE `repository` (
  `id` bigint(20) unsigned NOT NULL AUTO_INCREMENT,
  `category_id` bigint(20) unsigned NOT NULL,
  `name` text COLLATE utf8mb4_unicode_ci DEFAULT NULL,
  `media_id` bigint(20) DEFAULT NULL,
  `attachments_id` bigint(20) DEFAULT NULL,
  `file_name` text COLLATE utf8mb4_unicode_ci DEFAULT NULL,
  `download_url` text COLLATE utf8mb4_unicode_ci DEFAULT NULL,
  `file_url` text COLLATE utf8mb4_unicode_ci DEFAULT NULL,
  `status` varchar(1) COLLATE utf8mb4_unicode_ci DEFAULT NULL COMMENT '1. Draft, 2. Publish',
  `type` varchar(1) COLLATE utf8mb4_unicode_ci DEFAULT NULL COMMENT '1. National, 2. International',
  `created_at` timestamp NULL DEFAULT NULL,
  `updated_at` timestamp NULL DEFAULT NULL,
  `is_upload` tinyint(1) NOT NULL DEFAULT 0,
  `can_be_downloaded` tinyint(1) DEFAULT NULL,
  PRIMARY KEY (`id`),
  KEY `repository_category_id_foreign` (`category_id`),
  CONSTRAINT `repository_category_id_foreign` FOREIGN KEY (`category_id`) REFERENCES `repository_category` (`id`) ON DELETE CASCADE
) ENGINE=InnoDB AUTO_INCREMENT=15 DEFAULT CHARSET=utf8mb4 COLLATE=utf8mb4_unicode_ci;
/*!40101 SET character_set_client = @saved_cs_client */;

--
-- Dumping data for table `repository`
--

LOCK TABLES `repository` WRITE;
/*!40000 ALTER TABLE `repository` DISABLE KEYS */;
INSERT INTO `repository` VALUES (3,3,'HR Policy',5322,4361,'HR-Policy.pdf','https://devcareers.immap.org/storage/5322/HR-Policy.pdf','https://devcareers.immap.org/storage/5322/HR-Policy.pdf','2','2','2020-04-29 20:58:21','2020-05-06 00:38:19',0,NULL),(11,5,'toyota-voxy.pdf',5309,NULL,'toyota-voxy.pdf','https://devcareers.immap.org/storage/5309/toyota-voxy.pdf','https://devcareers.immap.org/storage/5309/toyota-voxy.pdf','2','2','2020-04-30 20:03:08','2020-04-30 20:03:08',1,NULL),(13,6,'draft document',5325,4363,'draft-document.pdf','https://devcareers.immap.org/storage/5325/draft-document.pdf','https://devcareers.immap.org/storage/5325/draft-document.pdf','1','2','2020-05-07 21:34:32','2020-05-07 21:34:33',0,NULL),(14,7,'Document Name',5361,4381,'Document-Name.pdf','http://localhost:8000/storage/5361/Document-Name.pdf','http://localhost:8000/storage/5361/Document-Name.pdf','1','2','2020-06-24 05:54:26','2020-07-28 21:30:09',0,NULL);
/*!40000 ALTER TABLE `repository` ENABLE KEYS */;
UNLOCK TABLES;

--
-- Table structure for table `repository_category`
--

DROP TABLE IF EXISTS `repository_category`;
/*!40101 SET @saved_cs_client     = @@character_set_client */;
/*!40101 SET character_set_client = utf8 */;
CREATE TABLE `repository_category` (
  `id` bigint(20) unsigned NOT NULL AUTO_INCREMENT,
  `name` varchar(255) COLLATE utf8mb4_unicode_ci NOT NULL,
  `created_at` timestamp NULL DEFAULT NULL,
  `updated_at` timestamp NULL DEFAULT NULL,
  `type` int(10) unsigned NOT NULL DEFAULT 1,
  `status` tinyint(1) NOT NULL DEFAULT 0,
  `_lft` int(10) unsigned NOT NULL DEFAULT 0,
  `_rgt` int(10) unsigned NOT NULL DEFAULT 0,
  `parent_id` int(10) unsigned DEFAULT NULL,
  PRIMARY KEY (`id`),
  KEY `repository_category__lft__rgt_parent_id_index` (`_lft`,`_rgt`,`parent_id`)
) ENGINE=InnoDB AUTO_INCREMENT=8 DEFAULT CHARSET=utf8mb4 COLLATE=utf8mb4_unicode_ci;
/*!40101 SET character_set_client = @saved_cs_client */;

--
-- Dumping data for table `repository_category`
--

LOCK TABLES `repository_category` WRITE;
/*!40000 ALTER TABLE `repository_category` DISABLE KEYS */;
INSERT INTO `repository_category` VALUES (3,'HR','2020-04-29 06:52:46','2020-04-29 06:52:46',2,1,0,0,NULL),(5,'Security','2020-04-29 06:53:15','2020-04-29 06:53:15',2,1,0,0,NULL),(6,'Administration','2020-05-07 21:33:28','2020-05-07 21:33:28',2,0,0,0,NULL),(7,'Security','2020-06-24 05:53:19','2020-06-24 05:53:19',2,1,0,0,NULL);
/*!40000 ALTER TABLE `repository_category` ENABLE KEYS */;
UNLOCK TABLES;

--
-- Table structure for table `repository_country_permission`
--

DROP TABLE IF EXISTS `repository_country_permission`;
/*!40101 SET @saved_cs_client     = @@character_set_client */;
/*!40101 SET character_set_client = utf8 */;
CREATE TABLE `repository_country_permission` (
  `id` bigint(20) unsigned NOT NULL AUTO_INCREMENT,
  `immap_office_id` int(11) NOT NULL,
  `repository_id` bigint(20) unsigned NOT NULL,
  `permission` varchar(255) COLLATE utf8mb4_unicode_ci NOT NULL,
  `permission_id` varchar(1) COLLATE utf8mb4_unicode_ci NOT NULL,
  `created_at` timestamp NULL DEFAULT NULL,
  `updated_at` timestamp NULL DEFAULT NULL,
  PRIMARY KEY (`id`),
  KEY `repository_country_permission_repository_id_foreign` (`repository_id`),
  CONSTRAINT `repository_country_permission_repository_id_foreign` FOREIGN KEY (`repository_id`) REFERENCES `repository` (`id`) ON DELETE CASCADE
) ENGINE=InnoDB DEFAULT CHARSET=utf8mb4 COLLATE=utf8mb4_unicode_ci;
/*!40101 SET character_set_client = @saved_cs_client */;

--
-- Dumping data for table `repository_country_permission`
--

LOCK TABLES `repository_country_permission` WRITE;
/*!40000 ALTER TABLE `repository_country_permission` DISABLE KEYS */;
/*!40000 ALTER TABLE `repository_country_permission` ENABLE KEYS */;
UNLOCK TABLES;

--
-- Table structure for table `repository_holiday`
--

DROP TABLE IF EXISTS `repository_holiday`;
/*!40101 SET @saved_cs_client     = @@character_set_client */;
/*!40101 SET character_set_client = utf8 */;
CREATE TABLE `repository_holiday` (
  `id` bigint(20) unsigned NOT NULL AUTO_INCREMENT,
  `date` date NOT NULL,
  `event` varchar(255) COLLATE utf8mb4_unicode_ci NOT NULL,
  `repository_id` bigint(20) unsigned NOT NULL,
  `created_at` timestamp NULL DEFAULT NULL,
  `updated_at` timestamp NULL DEFAULT NULL,
  PRIMARY KEY (`id`),
  KEY `repository_holiday_repository_id_foreign` (`repository_id`),
  CONSTRAINT `repository_holiday_repository_id_foreign` FOREIGN KEY (`repository_id`) REFERENCES `repository` (`id`) ON DELETE CASCADE
) ENGINE=InnoDB DEFAULT CHARSET=utf8mb4 COLLATE=utf8mb4_unicode_ci;
/*!40101 SET character_set_client = @saved_cs_client */;

--
-- Dumping data for table `repository_holiday`
--

LOCK TABLES `repository_holiday` WRITE;
/*!40000 ALTER TABLE `repository_holiday` DISABLE KEYS */;
/*!40000 ALTER TABLE `repository_holiday` ENABLE KEYS */;
UNLOCK TABLES;

--
-- Table structure for table `repository_permission`
--

DROP TABLE IF EXISTS `repository_permission`;
/*!40101 SET @saved_cs_client     = @@character_set_client */;
/*!40101 SET character_set_client = utf8 */;
CREATE TABLE `repository_permission` (
  `id` bigint(20) unsigned NOT NULL AUTO_INCREMENT,
  `role_id` bigint(20) unsigned NOT NULL,
  `repository_id` bigint(20) unsigned NOT NULL,
  `permission` varchar(255) COLLATE utf8mb4_unicode_ci NOT NULL,
  `permission_id` varchar(1) COLLATE utf8mb4_unicode_ci NOT NULL,
  `created_at` timestamp NULL DEFAULT NULL,
  `updated_at` timestamp NULL DEFAULT NULL,
  PRIMARY KEY (`id`),
  KEY `repository_permission_repository_id_foreign` (`repository_id`),
  KEY `repository_permission_role_id_foreign` (`role_id`),
  CONSTRAINT `repository_permission_repository_id_foreign` FOREIGN KEY (`repository_id`) REFERENCES `repository` (`id`) ON DELETE CASCADE,
  CONSTRAINT `repository_permission_role_id_foreign` FOREIGN KEY (`role_id`) REFERENCES `role_repository` (`id`) ON DELETE CASCADE
) ENGINE=InnoDB DEFAULT CHARSET=utf8mb4 COLLATE=utf8mb4_unicode_ci;
/*!40101 SET character_set_client = @saved_cs_client */;

--
-- Dumping data for table `repository_permission`
--

LOCK TABLES `repository_permission` WRITE;
/*!40000 ALTER TABLE `repository_permission` DISABLE KEYS */;
/*!40000 ALTER TABLE `repository_permission` ENABLE KEYS */;
UNLOCK TABLES;

--
-- Table structure for table `repository_section`
--

DROP TABLE IF EXISTS `repository_section`;
/*!40101 SET @saved_cs_client     = @@character_set_client */;
/*!40101 SET character_set_client = utf8 */;
CREATE TABLE `repository_section` (
  `id` bigint(20) unsigned NOT NULL AUTO_INCREMENT,
  `sub_section` varchar(225) COLLATE utf8mb4_unicode_ci NOT NULL,
  `sub_section_content` text COLLATE utf8mb4_unicode_ci NOT NULL,
  `repository_id` bigint(20) unsigned NOT NULL,
  `created_at` timestamp NULL DEFAULT NULL,
  `updated_at` timestamp NULL DEFAULT NULL,
  PRIMARY KEY (`id`),
  KEY `repository_section_repository_id_foreign` (`repository_id`),
  CONSTRAINT `repository_section_repository_id_foreign` FOREIGN KEY (`repository_id`) REFERENCES `repository` (`id`) ON DELETE CASCADE
) ENGINE=InnoDB AUTO_INCREMENT=7 DEFAULT CHARSET=utf8mb4 COLLATE=utf8mb4_unicode_ci;
/*!40101 SET character_set_client = @saved_cs_client */;

--
-- Dumping data for table `repository_section`
--

LOCK TABLES `repository_section` WRITE;
/*!40000 ALTER TABLE `repository_section` DISABLE KEYS */;
INSERT INTO `repository_section` VALUES (3,'HR Policy','<p>HR Policy</p>',3,'2020-04-29 20:58:21','2020-05-06 00:38:19'),(4,'draft document','<p>draft document</p>',13,'2020-05-07 21:34:32','2020-05-07 21:34:32'),(5,'BACKGROUND','<p>Content</p>',14,'2020-06-24 05:54:26','2020-07-28 21:30:07'),(6,'Requirements','<p>Content</p>',14,'2020-06-24 05:54:26','2020-07-28 21:30:07');
/*!40000 ALTER TABLE `repository_section` ENABLE KEYS */;
UNLOCK TABLES;

--
-- Table structure for table `role_has_permissions`
--

DROP TABLE IF EXISTS `role_has_permissions`;
/*!40101 SET @saved_cs_client     = @@character_set_client */;
/*!40101 SET character_set_client = utf8 */;
CREATE TABLE `role_has_permissions` (
  `permission_id` int(10) unsigned NOT NULL,
  `role_id` int(10) unsigned NOT NULL,
  PRIMARY KEY (`permission_id`,`role_id`),
  KEY `role_has_permissions_role_id_foreign` (`role_id`)
) ENGINE=InnoDB DEFAULT CHARSET=utf8mb4 COLLATE=utf8mb4_unicode_ci;
/*!40101 SET character_set_client = @saved_cs_client */;

--
-- Dumping data for table `role_has_permissions`
--

LOCK TABLES `role_has_permissions` WRITE;
/*!40000 ALTER TABLE `role_has_permissions` DISABLE KEYS */;
INSERT INTO `role_has_permissions` VALUES (1,2),(1,5),(2,2),(2,5),(3,2),(3,5),(4,2),(4,5),(5,2),(5,5),(6,2),(6,5),(7,2),(7,5),(8,2),(8,5),(9,2),(9,5),(10,2),(10,5),(11,2),(11,5),(12,2),(12,5),(74,2),(74,5),(75,2),(75,5),(76,2),(76,4),(76,5),(77,2),(77,3),(77,5),(79,1),(79,2),(79,3),(79,4),(79,5),(80,2),(80,4),(80,5),(81,2),(81,5),(82,2),(82,5),(83,2),(83,5),(84,2),(84,5),(85,2),(85,4),(85,5),(86,2),(86,5),(87,2),(87,5),(88,2),(88,5),(89,2),(89,5),(90,2),(90,5),(91,2),(91,5),(92,2),(92,5),(93,2),(93,5),(94,2),(94,5),(95,2),(95,3),(95,4),(95,5),(96,1),(96,2),(96,3),(96,4),(96,5),(97,2),(97,3),(97,4),(97,5),(98,2),(98,3),(98,4),(98,5),(99,2),(99,5),(100,2),(100,3),(100,5),(101,2),(101,5),(102,2),(102,5),(103,2),(103,5),(104,2),(104,5),(105,2),(105,5),(106,2),(106,5),(107,2),(107,5),(108,2),(108,5),(109,2),(109,5),(110,2),(110,5),(111,2),(111,5),(112,2),(112,5),(113,2),(113,5),(114,2),(114,5),(115,2),(115,5),(116,2),(116,5),(117,2),(117,5),(118,2),(118,5),(119,2),(119,5),(120,2),(120,5),(121,2),(121,5),(132,2),(132,3),(132,4),(132,5),(133,2),(133,5),(134,2),(134,5),(135,2),(135,5),(136,2),(136,5),(137,2),(137,3),(137,4),(137,5),(138,2),(138,5),(139,2),(139,5),(140,2),(140,5),(141,2),(141,5),(142,2),(142,5),(143,2),(143,3),(143,5),(144,2),(144,5),(145,2),(145,5),(146,2),(146,5),(147,2),(147,3),(147,4),(147,5),(148,2),(148,3),(148,4),(148,5),(149,2),(149,3),(149,4),(149,5),(150,2),(150,3),(150,4),(150,5),(151,2),(151,3),(151,4),(151,5),(152,2),(152,4),(152,5),(153,2),(153,4),(153,5),(154,2),(154,4),(154,5),(155,2),(155,5),(156,2),(156,5),(157,2),(157,5),(158,2),(158,5),(159,2),(159,5),(160,2),(160,5),(161,2),(161,5),(162,2),(162,5),(163,2),(163,5),(164,2),(164,5),(165,2),(165,5),(166,2),(166,5),(167,2),(167,5),(168,2),(168,5),(169,2),(169,5),(170,2),(170,5),(171,2),(171,5),(172,2),(172,5),(173,2),(173,5),(174,2),(174,5),(175,2),(175,5),(176,2),(176,5),(177,2),(177,5),(178,2),(178,5),(179,2),(179,5),(180,2),(180,5),(181,2),(181,5),(182,2),(182,5),(183,2),(183,5),(184,2),(184,5),(185,2),(185,5),(186,2),(186,5),(187,2),(187,5),(188,2),(188,5),(189,2),(189,4),(189,5),(190,2),(190,4),(190,5),(191,2),(191,5),(192,2),(192,5),(193,2),(193,5),(194,2),(194,4),(194,5),(195,2),(195,5),(196,2),(196,5),(197,2),(197,5),(198,2),(198,5),(199,2),(199,4),(199,5),(200,2),(200,4),(200,5),(201,2),(201,4),(201,5),(202,2),(202,5),(203,2),(203,5),(204,2),(204,5),(205,2),(205,5),(206,2),(206,5),(207,2),(207,5),(208,2),(208,5),(209,2),(209,5),(210,2),(210,5),(211,2),(211,3),(211,4),(211,5),(212,2),(212,5),(213,2),(213,3),(213,4),(213,5),(214,2),(214,5),(215,2),(215,5),(217,2),(217,5),(218,1),(218,2),(218,3),(218,5),(219,1),(219,2),(219,3),(219,4),(219,5),(220,2),(220,5),(221,2),(221,5),(222,2),(222,5),(223,1),(223,2),(223,3),(223,4),(223,5),(224,2),(224,5),(226,2),(226,3),(226,5),(227,2),(227,5),(228,2),(228,5),(229,2),(229,5),(231,2),(231,5),(232,2),(232,5),(233,2),(233,5),(234,2),(234,5),(235,2),(235,5),(236,2),(236,5),(237,2);
/*!40000 ALTER TABLE `role_has_permissions` ENABLE KEYS */;
UNLOCK TABLES;

--
-- Table structure for table `role_repository`
--

DROP TABLE IF EXISTS `role_repository`;
/*!40101 SET @saved_cs_client     = @@character_set_client */;
/*!40101 SET character_set_client = utf8 */;
CREATE TABLE `role_repository` (
  `id` bigint(20) unsigned NOT NULL AUTO_INCREMENT,
  `name` varchar(255) COLLATE utf8mb4_unicode_ci NOT NULL,
  `created_at` timestamp NULL DEFAULT NULL,
  `updated_at` timestamp NULL DEFAULT NULL,
  PRIMARY KEY (`id`)
) ENGINE=InnoDB AUTO_INCREMENT=5 DEFAULT CHARSET=utf8mb4 COLLATE=utf8mb4_unicode_ci;
/*!40101 SET character_set_client = @saved_cs_client */;

--
-- Dumping data for table `role_repository`
--

LOCK TABLES `role_repository` WRITE;
/*!40000 ALTER TABLE `role_repository` DISABLE KEYS */;
INSERT INTO `role_repository` VALUES (1,'Administrator',NULL,NULL),(2,'All iMMAPers',NULL,NULL),(3,'Managers',NULL,NULL),(4,'Country Office',NULL,NULL);
/*!40000 ALTER TABLE `role_repository` ENABLE KEYS */;
UNLOCK TABLES;

--
-- Table structure for table `roles`
--

DROP TABLE IF EXISTS `roles`;
/*!40101 SET @saved_cs_client     = @@character_set_client */;
/*!40101 SET character_set_client = utf8 */;
CREATE TABLE `roles` (
  `id` int(10) unsigned NOT NULL AUTO_INCREMENT,
  `name` varchar(255) COLLATE utf8mb4_unicode_ci NOT NULL,
  `guard_name` varchar(255) COLLATE utf8mb4_unicode_ci NOT NULL,
  `created_at` timestamp NULL DEFAULT NULL,
  `updated_at` timestamp NULL DEFAULT NULL,
  PRIMARY KEY (`id`)
) ENGINE=InnoDB AUTO_INCREMENT=6 DEFAULT CHARSET=utf8mb4 COLLATE=utf8mb4_unicode_ci;
/*!40101 SET character_set_client = @saved_cs_client */;

--
-- Dumping data for table `roles`
--

LOCK TABLES `roles` WRITE;
/*!40000 ALTER TABLE `roles` DISABLE KEYS */;
INSERT INTO `roles` VALUES (1,'User','api','2018-12-01 17:29:33','2018-12-01 17:29:33'),(2,'Admin','api','2018-12-01 17:29:33','2018-12-01 17:29:33'),(3,'Manager','api','2018-12-01 17:29:36','2020-02-10 02:06:45'),(4,'SBPP Manager','api','2020-02-20 07:08:14','2020-02-20 07:08:14'),(5,'Nationals HR','api','2023-03-23 02:18:07','2023-03-23 02:18:07');
/*!40000 ALTER TABLE `roles` ENABLE KEYS */;
UNLOCK TABLES;

--
-- Table structure for table `roles_immap_offices`
--

DROP TABLE IF EXISTS `roles_immap_offices`;
/*!40101 SET @saved_cs_client     = @@character_set_client */;
/*!40101 SET character_set_client = utf8 */;
CREATE TABLE `roles_immap_offices` (
  `id` bigint(20) unsigned NOT NULL AUTO_INCREMENT,
  `role_id` int(10) unsigned NOT NULL,
  `immap_office_id` bigint(20) unsigned NOT NULL,
  `created_at` timestamp NULL DEFAULT NULL,
  `updated_at` timestamp NULL DEFAULT NULL,
  PRIMARY KEY (`id`),
  KEY `roles_immap_offices_role_id_foreign` (`role_id`),
  KEY `roles_immap_offices_immap_office_id_foreign` (`immap_office_id`),
  CONSTRAINT `roles_immap_offices_immap_office_id_foreign` FOREIGN KEY (`immap_office_id`) REFERENCES `immap_offices` (`id`),
  CONSTRAINT `roles_immap_offices_role_id_foreign` FOREIGN KEY (`role_id`) REFERENCES `roles` (`id`)
) ENGINE=InnoDB AUTO_INCREMENT=741 DEFAULT CHARSET=utf8mb4 COLLATE=utf8mb4_unicode_ci;
/*!40101 SET character_set_client = @saved_cs_client */;

--
-- Dumping data for table `roles_immap_offices`
--

LOCK TABLES `roles_immap_offices` WRITE;
/*!40000 ALTER TABLE `roles_immap_offices` DISABLE KEYS */;
INSERT INTO `roles_immap_offices` VALUES (545,3,13,'2020-05-14 19:39:03','2020-05-14 19:39:03'),(546,3,12,'2020-05-14 19:39:03','2020-05-14 19:39:03'),(547,3,11,'2020-05-14 19:39:03','2020-05-14 19:39:03'),(548,3,10,'2020-05-14 19:39:03','2020-05-14 19:39:03'),(549,3,9,'2020-05-14 19:39:03','2020-05-14 19:39:03'),(550,3,8,'2020-05-14 19:39:03','2020-05-14 19:39:03'),(551,3,7,'2020-05-14 19:39:03','2020-05-14 19:39:03'),(552,3,6,'2020-05-14 19:39:03','2020-05-14 19:39:03'),(553,3,5,'2020-05-14 19:39:03','2020-05-14 19:39:03'),(554,3,4,'2020-05-14 19:39:03','2020-05-14 19:39:03'),(555,3,3,'2020-05-14 19:39:03','2020-05-14 19:39:03'),(556,3,2,'2020-05-14 19:39:03','2020-05-14 19:39:03'),(557,3,1,'2020-05-14 19:39:03','2020-05-14 19:39:03'),(558,3,14,'2020-05-14 19:39:03','2020-05-14 19:39:03'),(587,4,14,'2022-05-16 02:49:02','2022-05-16 02:49:02'),(588,4,13,'2022-05-16 02:49:02','2022-05-16 02:49:02'),(589,4,12,'2022-05-16 02:49:02','2022-05-16 02:49:02'),(590,4,11,'2022-05-16 02:49:02','2022-05-16 02:49:02'),(591,4,10,'2022-05-16 02:49:02','2022-05-16 02:49:02'),(592,4,9,'2022-05-16 02:49:02','2022-05-16 02:49:02'),(593,4,8,'2022-05-16 02:49:02','2022-05-16 02:49:02'),(594,4,7,'2022-05-16 02:49:02','2022-05-16 02:49:02'),(595,4,6,'2022-05-16 02:49:02','2022-05-16 02:49:02'),(596,4,5,'2022-05-16 02:49:02','2022-05-16 02:49:02'),(597,4,4,'2022-05-16 02:49:02','2022-05-16 02:49:02'),(598,4,3,'2022-05-16 02:49:02','2022-05-16 02:49:02'),(599,4,2,'2022-05-16 02:49:02','2022-05-16 02:49:02'),(600,4,1,'2022-05-16 02:49:02','2022-05-16 02:49:02'),(727,2,1,'2023-05-16 00:58:38','2023-05-16 00:58:38'),(728,2,2,'2023-05-16 00:58:38','2023-05-16 00:58:38'),(729,2,3,'2023-05-16 00:58:38','2023-05-16 00:58:38'),(730,2,4,'2023-05-16 00:58:38','2023-05-16 00:58:38'),(731,2,5,'2023-05-16 00:58:38','2023-05-16 00:58:38'),(732,2,6,'2023-05-16 00:58:38','2023-05-16 00:58:38'),(733,2,7,'2023-05-16 00:58:38','2023-05-16 00:58:38'),(734,2,8,'2023-05-16 00:58:38','2023-05-16 00:58:38'),(735,2,9,'2023-05-16 00:58:38','2023-05-16 00:58:38'),(736,2,10,'2023-05-16 00:58:38','2023-05-16 00:58:38'),(737,2,11,'2023-05-16 00:58:38','2023-05-16 00:58:38'),(738,2,12,'2023-05-16 00:58:38','2023-05-16 00:58:38'),(739,2,13,'2023-05-16 00:58:38','2023-05-16 00:58:38'),(740,2,14,'2023-05-16 00:58:38','2023-05-16 00:58:38');
/*!40000 ALTER TABLE `roles_immap_offices` ENABLE KEYS */;
UNLOCK TABLES;

--
-- Table structure for table `roster_invitations`
--

DROP TABLE IF EXISTS `roster_invitations`;
/*!40101 SET @saved_cs_client     = @@character_set_client */;
/*!40101 SET character_set_client = utf8 */;
CREATE TABLE `roster_invitations` (
  `id` bigint(20) unsigned NOT NULL AUTO_INCREMENT,
  `roster_process_id` bigint(20) unsigned NOT NULL,
  `profile_id` int(10) unsigned NOT NULL,
  `invited_by_profile_id` int(10) unsigned NOT NULL,
  `active` tinyint(1) NOT NULL DEFAULT 1,
  `created_at` timestamp NULL DEFAULT NULL,
  `updated_at` timestamp NULL DEFAULT NULL,
  PRIMARY KEY (`id`),
  KEY `roster_invitations_roster_process_id_foreign` (`roster_process_id`),
  KEY `roster_invitations_invited_by_profile_id_foreign` (`invited_by_profile_id`),
  KEY `roster_invitations_profile_id_foreign` (`profile_id`),
  CONSTRAINT `roster_invitations_invited_by_profile_id_foreign` FOREIGN KEY (`invited_by_profile_id`) REFERENCES `profiles` (`id`),
  CONSTRAINT `roster_invitations_profile_id_foreign` FOREIGN KEY (`profile_id`) REFERENCES `profiles` (`id`) ON DELETE CASCADE,
  CONSTRAINT `roster_invitations_roster_process_id_foreign` FOREIGN KEY (`roster_process_id`) REFERENCES `roster_processes` (`id`)
) ENGINE=InnoDB AUTO_INCREMENT=10 DEFAULT CHARSET=utf8 COLLATE=utf8_unicode_ci;
/*!40101 SET character_set_client = @saved_cs_client */;

--
-- Dumping data for table `roster_invitations`
--

LOCK TABLES `roster_invitations` WRITE;
/*!40000 ALTER TABLE `roster_invitations` DISABLE KEYS */;
INSERT INTO `roster_invitations` VALUES (2,1,2067,1,0,'2022-07-18 02:28:44','2022-07-18 05:01:14'),(3,1,2067,1,0,'2022-07-18 05:09:03','2022-07-18 05:12:50'),(4,1,2067,1,1,'2022-07-18 10:05:13','2022-07-18 10:05:13'),(5,5,2067,1,0,'2022-07-18 10:05:20','2022-07-18 10:12:32'),(6,5,2067,1,0,'2022-07-18 10:15:15','2022-07-18 10:15:34'),(7,5,2067,1,0,'2022-07-18 10:52:53','2022-07-18 10:58:45'),(8,5,2067,1,0,'2022-07-19 05:55:27','2022-07-19 05:56:05'),(9,5,2067,1,0,'2022-07-19 06:57:24','2022-07-19 06:57:47');
/*!40000 ALTER TABLE `roster_invitations` ENABLE KEYS */;
UNLOCK TABLES;

--
-- Table structure for table `roster_processes`
--

DROP TABLE IF EXISTS `roster_processes`;
/*!40101 SET @saved_cs_client     = @@character_set_client */;
/*!40101 SET character_set_client = utf8 */;
CREATE TABLE `roster_processes` (
  `id` bigint(20) unsigned NOT NULL AUTO_INCREMENT,
  `name` varchar(255) COLLATE utf8mb4_unicode_ci NOT NULL,
  `slug` varchar(255) COLLATE utf8mb4_unicode_ci NOT NULL,
  `description` text COLLATE utf8mb4_unicode_ci DEFAULT NULL,
  `is_default` tinyint(1) NOT NULL DEFAULT 0,
  `created_at` timestamp NULL DEFAULT NULL,
  `updated_at` timestamp NULL DEFAULT NULL,
  `read_more_text` text COLLATE utf8mb4_unicode_ci DEFAULT NULL,
  `under_sbp_program` varchar(255) COLLATE utf8mb4_unicode_ci NOT NULL DEFAULT 'no' COMMENT 'This Roster Process is under SBP / Surge Program (value: yes / no), it can only have one yes value on the table',
  `campaign_is_open` varchar(255) COLLATE utf8mb4_unicode_ci NOT NULL DEFAULT 'no' COMMENT 'Open / Close Roster Campaign (value: yes / no)',
  `campaign_open_at_quarter` varchar(255) COLLATE utf8mb4_unicode_ci DEFAULT NULL,
  `campaign_open_at_year` varchar(255) COLLATE utf8mb4_unicode_ci DEFAULT NULL,
  `skillset` varchar(255) COLLATE utf8mb4_unicode_ci DEFAULT NULL,
  `interview_order` varchar(255) COLLATE utf8mb4_unicode_ci DEFAULT NULL,
  PRIMARY KEY (`id`),
  UNIQUE KEY `roster_processes_slug_unique` (`slug`)
) ENGINE=InnoDB AUTO_INCREMENT=6 DEFAULT CHARSET=utf8mb4 COLLATE=utf8mb4_unicode_ci;
/*!40101 SET character_set_client = @saved_cs_client */;

--
-- Dumping data for table `roster_processes`
--

LOCK TABLES `roster_processes` WRITE;
/*!40000 ALTER TABLE `roster_processes` DISABLE KEYS */;
INSERT INTO `roster_processes` VALUES (1,'SBP IM Roster','sbp-im-roster','<p><span style=\"color: rgb(76, 76, 76);\">The Standby Partnership (SBP) is a network of bilateral agreements between organizations and United Nations (UN) agencies. The partnership commenced in 1991 in response to the humanitarian crisis in Iraq where&nbsp;it was necessary for the United Nations (UN) to rapidly increase its human resources at short notice.</span></p><p><span style=\"color: rgb(76, 76, 76);\">Today it comprises a range of partners which provide support to UN agencies responding to humanitarian emergencies throughout the world via the secondment of gratis personnel. Each Standby Partner maintains its own roster of humanitarian experts who are called upon to fill staffing needs and gaps in UN operations</span>.</p><p>Standby Partnership Program website</p><p><span style=\"color: rgb(76, 76, 76);\">As an active and long stand member of the Standby Partnership Program, iMMAP deploys Information Management Experts on demand from United Nations Agencies. The goal is to have a pool of experts deployable within 72 hours. Therefore, if you apply for this roster, you accept to be deployed to the field with short notice and often for short time contract.&nbsp;Thus, if you are selected, your profile will have to be frequently updated in terms of availability, travel and medical documentations, skill and experience.</span></p>',0,'2019-11-11 03:00:03','2023-03-06 07:41:01','<p>jnjhjhjhbjbjhbj</p>','yes','yes',NULL,NULL,'IM',NULL),(5,'iMMAP Roster','immap-talent-poole','<p><span style=\"color: rgb(76, 76, 76);\">The iMMAP Roster aims to gather a pool of talented people willing to work with iMMAP. If you apply and your profile is selected as a match for our needs and project, you will integrate our records and will be one of the first in line in the selection process when iMMAP opens a new position for one of its numerous projects around the world. Information Management, GIS, web or tool development, communications, capacity strengthening, project management, field coordination are part of the many job categories present among the iMMAP Family, so if you think your profile and expertise may be interesting assets for iMMAP, apply for the iMMAP</span><span style=\"color: rgb(102, 102, 102);\"> </span><span style=\"color: rgb(76, 76, 76);\">Roster and be sure you will be informed as soon as a job position matches your profile and expectations.</span></p>',1,'2019-11-27 01:35:20','2020-02-04 01:58:12',NULL,'yes','yes',NULL,NULL,NULL,NULL);
/*!40000 ALTER TABLE `roster_processes` ENABLE KEYS */;
UNLOCK TABLES;

--
-- Table structure for table `roster_steps`
--

DROP TABLE IF EXISTS `roster_steps`;
/*!40101 SET @saved_cs_client     = @@character_set_client */;
/*!40101 SET character_set_client = utf8 */;
CREATE TABLE `roster_steps` (
  `id` bigint(20) unsigned NOT NULL AUTO_INCREMENT,
  `step` varchar(255) COLLATE utf8mb4_unicode_ci NOT NULL,
  `slug` varchar(255) COLLATE utf8mb4_unicode_ci NOT NULL,
  `default_step` tinyint(1) NOT NULL DEFAULT 0,
  `last_step` tinyint(1) NOT NULL DEFAULT 0,
  `has_quiz` tinyint(1) NOT NULL DEFAULT 0,
  `has_im_test` tinyint(1) NOT NULL DEFAULT 0,
  `has_skype_call` tinyint(1) NOT NULL DEFAULT 0,
  `has_interview` tinyint(1) NOT NULL DEFAULT 0,
  `has_reference_check` tinyint(1) NOT NULL DEFAULT 0,
  `set_rejected` tinyint(1) NOT NULL DEFAULT 0,
  `roster_process_id` bigint(20) unsigned DEFAULT NULL,
  `quiz_template_id` bigint(20) unsigned DEFAULT NULL,
  `created_at` timestamp NULL DEFAULT NULL,
  `updated_at` timestamp NULL DEFAULT NULL,
  `order` int(11) NOT NULL DEFAULT 0,
  PRIMARY KEY (`id`),
  KEY `roster_steps_roster_process_id_foreign` (`roster_process_id`),
  KEY `roster_steps_quiz_template_id_foreign` (`quiz_template_id`),
  CONSTRAINT `roster_steps_quiz_template_id_foreign` FOREIGN KEY (`quiz_template_id`) REFERENCES `roster_steps` (`id`),
  CONSTRAINT `roster_steps_roster_process_id_foreign` FOREIGN KEY (`roster_process_id`) REFERENCES `roster_processes` (`id`)
) ENGINE=InnoDB AUTO_INCREMENT=13 DEFAULT CHARSET=utf8mb4 COLLATE=utf8mb4_unicode_ci;
/*!40101 SET character_set_client = @saved_cs_client */;

--
-- Dumping data for table `roster_steps`
--

LOCK TABLES `roster_steps` WRITE;
/*!40000 ALTER TABLE `roster_steps` DISABLE KEYS */;
INSERT INTO `roster_steps` VALUES (1,'CV Checking','cv-checking',1,0,0,0,0,0,0,0,1,NULL,'2019-11-11 03:00:03','2023-03-06 07:41:01',0),(2,'3 Heads Questions','3-heads-questions',0,0,0,0,1,0,0,0,1,NULL,'2019-11-11 03:00:03','2023-03-06 07:41:01',1),(3,'IM Test','im-test',0,0,1,1,0,0,0,0,1,1,'2019-11-11 03:00:03','2023-03-06 07:41:01',2),(4,'Interview','interview',0,0,0,0,0,1,0,0,1,NULL,'2019-11-11 03:00:03','2023-03-06 07:41:01',3),(5,'Reference Check','reference-check',0,0,0,0,0,0,1,0,1,NULL,'2019-11-11 03:00:03','2023-03-06 07:41:01',4),(6,'Accepted','accepted',0,1,0,0,0,0,0,0,1,NULL,'2019-11-11 03:00:03','2023-03-06 07:41:01',5),(7,'Rejected','rejected',0,0,0,0,0,0,0,1,1,NULL,'2019-11-11 03:54:28','2023-03-06 07:41:01',6),(8,'CV Checking','cv-checking-1',1,0,0,0,0,0,0,0,5,NULL,'2019-11-27 01:35:20','2020-02-04 01:58:12',0),(9,'Interview','interview-1',0,0,0,0,0,1,0,0,5,NULL,'2019-11-27 01:35:20','2020-02-04 01:58:12',1),(10,'Reference Check','reference-check-1',0,0,0,0,0,0,1,0,5,NULL,'2019-11-27 01:35:20','2020-02-04 01:58:12',2),(11,'Accepted','accepted-1',0,1,0,0,0,0,0,0,5,NULL,'2019-11-27 01:35:20','2020-02-04 01:58:12',3),(12,'Rejected','rejected-1',0,0,0,0,0,0,0,1,5,NULL,'2019-11-27 01:37:18','2020-02-04 01:58:12',4);
/*!40000 ALTER TABLE `roster_steps` ENABLE KEYS */;
UNLOCK TABLES;

--
-- Table structure for table `sectors`
--

DROP TABLE IF EXISTS `sectors`;
/*!40101 SET @saved_cs_client     = @@character_set_client */;
/*!40101 SET character_set_client = utf8 */;
CREATE TABLE `sectors` (
  `id` int(10) unsigned NOT NULL AUTO_INCREMENT,
  `name` varchar(255) COLLATE utf8mb4_unicode_ci NOT NULL,
  `slug` varchar(255) COLLATE utf8mb4_unicode_ci NOT NULL,
  `is_approved` tinyint(1) NOT NULL DEFAULT 0,
  `addedBy` varchar(255) COLLATE utf8mb4_unicode_ci NOT NULL DEFAULT 'immap',
  `created_at` timestamp NULL DEFAULT NULL,
  `updated_at` timestamp NULL DEFAULT NULL,
  PRIMARY KEY (`id`),
  UNIQUE KEY `sectors_slug_unique` (`slug`)
) ENGINE=InnoDB AUTO_INCREMENT=533 DEFAULT CHARSET=utf8mb4 COLLATE=utf8mb4_unicode_ci;
/*!40101 SET character_set_client = @saved_cs_client */;

--
-- Dumping data for table `sectors`
--

LOCK TABLES `sectors` WRITE;
/*!40000 ALTER TABLE `sectors` DISABLE KEYS */;
INSERT INTO `sectors` VALUES (1,'Nutrition','nutrition',1,'immap','2019-04-07 07:35:12','2019-11-11 02:38:25'),(3,'Health','health',1,'immap','2019-04-07 07:35:29','2019-11-11 02:45:25'),(4,'Education updated','education-updated',1,'immap','2019-04-07 07:35:40','2022-07-21 12:26:08'),(5,'Food Security','food-security',1,'immap','2019-04-07 07:35:50','2019-11-11 02:45:16'),(6,'Agriculture','agriculture',0,'immap','2019-04-07 07:36:01','2022-07-20 06:25:17'),(7,'Cashsj','cashsj',0,'immap','2019-04-07 07:36:05','2022-07-25 02:10:38'),(8,'Early Recovery','early-recovery',0,'immap','2019-04-07 07:36:18','2022-07-25 02:14:05'),(9,'Camp Management','camp-management',0,'immap','2019-04-07 07:36:29','2022-07-20 06:30:04'),(10,'Logistics','logistics',1,'immap','2019-04-07 07:36:38','2019-11-11 02:44:56'),(11,'Shelter','shelter',1,'immap','2019-04-07 07:36:43','2019-11-11 02:44:41'),(12,'Emergency Telecommunication','emergency-telecommunication',0,'immap','2019-04-07 07:37:43','2019-04-07 07:37:43'),(13,'Mine Action','mine-action',1,'immap','2019-04-07 07:37:59','2019-11-11 02:44:14'),(14,'Public Health Information Services','public-health-information-services',1,'immap','2019-04-07 07:38:07','2019-11-11 02:44:06'),(16,'Inter-sector Coordination','inter-sector-coordination',1,'immap','2019-04-07 07:38:35','2019-11-11 02:45:37'),(17,'Protection','protection',1,'immap','2019-04-07 07:38:45','2019-11-11 02:43:02'),(18,'Private Sector','private-sector',1,'immap','2019-10-01 20:55:49','2019-11-11 02:41:11'),(19,'Climate Change and Environment','climate-change-and-environment',0,'immap','2019-10-01 21:05:50','2022-07-25 02:14:03'),(20,'Coordination edited','coordination-edited',1,'immap','2019-10-01 21:06:08','2022-07-21 09:26:12'),(21,'Disaster Management','disaster-management',0,'immap','2019-10-01 21:06:25','2022-07-25 02:12:36'),(22,'Food and Nutrition','food-and-nutrition',1,'immap','2019-10-01 21:06:51','2019-11-11 02:42:53'),(23,'HIV / AIDS','hiv-aids',1,'immap','2019-10-01 21:07:08','2019-11-11 02:42:53'),(24,'Peacekeeping and Peacebuilding','peacekeeping-and-peacebuilding',1,'immap','2019-10-01 21:07:29','2019-11-11 02:42:47'),(25,'Protection and Human Rights','protection-and-human-rights',1,'immap','2019-10-01 21:08:04','2019-11-11 02:42:45'),(26,'Recovery and Reconstruction','recovery-and-reconstruction',1,'immap','2019-10-01 21:08:11','2019-11-11 02:42:37'),(27,'Safety and Security','safety-and-security',1,'immap','2019-10-01 21:08:16','2019-11-11 02:42:34'),(28,'Shelter and Non-Food Items','shelter-and-non-food-items',1,'immap','2019-10-01 21:08:41','2019-11-11 02:42:30'),(29,'Water Sanitation Hygiene','water-sanitation-hygiene',1,'immap','2019-10-01 21:08:56','2019-11-11 02:42:25'),(30,'Research and analysis','research-and-analysis',1,'immap','2019-10-01 21:09:02','2019-11-11 02:42:22'),(31,'Population monitoring','population-monitoring',1,'immap','2019-10-01 21:09:13','2019-11-11 02:42:02'),(33,'Market Analysis','market-analysis',1,'immap','2019-10-01 21:09:47','2019-11-11 02:45:55'),(34,'Urban Profiling','urban-profiling',1,'immap','2019-10-01 21:10:02','2019-11-11 02:41:41'),(35,'Gender-based violence','gender-based-violence',1,'immap','2019-10-01 21:10:25','2019-11-11 02:41:30'),(36,'HQ Level','hq-level',0,'others','2019-11-13 06:15:50','2019-11-13 06:15:50'),(37,'HQ Level','hq-level-1',0,'others','2019-11-13 06:33:31','2019-11-13 06:33:31'),(38,'Culture','culture',0,'others','2019-11-13 06:53:25','2019-11-13 06:53:25'),(39,'capacity building','capacity-building',0,'others','2019-12-02 21:47:12','2019-12-02 21:47:12'),(40,'information','information',0,'others','2019-12-04 01:27:25','2019-12-04 01:27:25'),(41,'Management','management',0,'others','2019-12-05 02:49:37','2019-12-21 09:44:25'),(42,'Natural Resources','natural-resources',0,'others','2019-12-12 06:21:46','2019-12-12 06:21:46'),(43,'Humanitarian','humanitarian',0,'others','2019-12-12 06:21:46','2019-12-12 06:21:46'),(44,'Forestry','forestry',0,'others','2019-12-12 06:21:46','2019-12-12 06:21:46'),(45,'Animal Disease','animal-disease',0,'others','2019-12-12 06:28:51','2019-12-12 06:28:51'),(46,'Public Sector','public-sector',0,'others','2019-12-12 06:28:51','2019-12-12 06:28:51'),(47,'DRR','drr',0,'others','2019-12-12 14:37:49','2019-12-12 14:37:49'),(48,'GIS and Survey','gis-and-survey',0,'others','2019-12-12 15:29:50','2019-12-12 15:29:50'),(49,'Finance','finance',0,'others','2019-12-16 06:57:50','2019-12-16 06:57:50'),(50,'Remote Sensing','remote-sensing',0,'others','2019-12-22 03:40:52','2019-12-22 03:40:52'),(51,'Landcover','landcover',0,'others','2019-12-22 03:40:52','2019-12-22 03:40:52'),(52,'Livestock','livestock',0,'others','2019-12-22 03:54:32','2019-12-22 03:54:32'),(53,'Climate','climate',0,'others','2019-12-22 03:54:32','2019-12-22 03:54:32'),(54,'Information Technology','information-technology',0,'others','2019-12-22 03:58:55','2019-12-22 03:58:55'),(55,'Market Value Chain analysis','market-value-chain-analysis',0,'others','2019-12-24 04:00:09','2019-12-24 04:00:09'),(56,'Food Security Analysis','food-security-analysis',0,'others','2019-12-24 04:04:52','2019-12-24 04:04:52'),(57,'Agricultural Business','agricultural-business',0,'others','2019-12-24 04:55:37','2019-12-24 04:55:37'),(58,'Stabilization','stabilization',0,'others','2020-01-05 03:39:01','2020-01-05 03:39:01'),(59,'Social services','social-services',0,'others','2020-01-05 04:49:15','2020-01-05 04:49:15'),(60,'Communications','communications',0,'others','2020-01-05 05:02:29','2020-01-05 05:02:29'),(61,'Project Mangement','project-mangement',0,'others','2020-01-05 05:07:16','2020-01-05 05:07:16'),(62,'Data Collection','data-collection',0,'others','2020-01-12 01:02:49','2020-01-12 01:02:49'),(63,'Real Estate','real-estate',0,'others','2020-01-14 08:52:59','2020-01-14 08:52:59'),(64,'Emergency Coordination','emergency-coordination',0,'others','2020-01-14 12:07:54','2020-01-14 12:07:54'),(65,'UN Peace Keeping','un-peace-keeping',0,'others','2020-01-14 12:16:35','2020-01-14 12:16:35'),(66,'Government','government',0,'others','2020-01-14 20:04:20','2020-01-14 20:04:20'),(67,'Government','government-1',0,'others','2020-01-14 21:04:10','2020-01-14 21:04:10'),(68,'Finance','finance-1',0,'others','2020-01-14 23:31:26','2020-01-14 23:31:26'),(69,'Army','army',0,'others','2020-01-14 23:47:11','2020-01-14 23:47:11'),(70,'Production','production',0,'others','2020-01-15 00:11:07','2020-01-15 00:11:07'),(71,'Enviroment','enviroment',0,'others','2020-01-15 01:04:13','2020-01-15 01:04:13'),(72,'Information Management','information-management',0,'others','2020-01-15 01:12:18','2020-01-15 01:12:18'),(73,'Web Development','web-development',0,'others','2020-01-15 01:17:29','2020-01-15 01:17:29'),(74,'IT','it',0,'others','2020-01-15 01:20:10','2020-01-15 01:20:10'),(75,'IDPs','idps',0,'others','2020-01-15 02:03:11','2020-01-15 02:03:11'),(76,'Media Production','media-production',0,'others','2020-01-15 02:38:46','2020-01-15 02:38:46'),(77,'Environment','environment',0,'others','2020-01-15 11:20:03','2020-01-15 11:20:03'),(78,'Engineering','engineering',0,'others','2020-01-16 05:19:16','2020-01-16 05:19:16'),(79,'Consultant','consultant',0,'others','2020-01-16 05:41:50','2020-01-16 05:41:50'),(80,'Project Supervision','project-supervision',0,'others','2020-01-16 05:41:50','2020-01-16 05:41:50'),(81,'Survey','survey',0,'others','2020-01-16 05:48:12','2020-01-16 05:48:12'),(82,'OIL','oil',0,'others','2020-01-16 13:28:19','2020-01-16 13:28:19'),(83,'MANUFACTURING','manufacturing',0,'others','2020-01-16 13:28:19','2020-01-16 13:28:19'),(84,'PETROCHEMICAL','petrochemical',0,'others','2020-01-16 13:28:19','2020-01-16 13:28:19'),(85,'HOSPITAL SERVICES','hospital-services',0,'others','2020-01-16 13:28:19','2020-01-16 13:28:19'),(86,'BEVERAGES','beverages',0,'others','2020-01-16 14:00:00','2020-01-16 14:00:00'),(87,'BEVERAGES & FOOD','beverages-food',0,'others','2020-01-16 14:00:00','2020-01-16 14:00:00'),(88,'Cholera Outbreak','cholera-outbreak',0,'others','2020-01-17 11:07:35','2020-01-17 11:07:35'),(89,'No Sectors','no-sectors',0,'others','2020-01-18 11:51:13','2020-01-18 11:51:13'),(90,'IT Support','it-support',0,'others','2020-01-18 11:56:08','2020-01-18 11:56:08'),(91,'RRM','rrm',0,'others','2020-01-21 00:54:50','2020-01-21 00:54:50'),(92,'Electricity','electricity',0,'others','2020-01-22 12:55:11','2020-01-22 12:55:11'),(93,'HR','hr',0,'others','2020-01-26 01:46:47','2020-01-26 01:46:47'),(94,'HR','hr-1',0,'others','2020-01-26 01:52:58','2020-01-26 01:52:58'),(95,'HOW TO WRITE CV TRAINING','how-to-write-cv-training',0,'others','2020-01-26 01:55:21','2020-01-26 01:55:21'),(96,'HR','hr-2',0,'others','2020-01-26 01:57:43','2020-01-26 01:57:43'),(97,'River Basin Study','river-basin-study',0,'others','2020-01-26 04:18:01','2020-01-26 04:18:01'),(98,'Watershed Management Cooperative Regional Assessment','watershed-management-cooperative-regional-assessment',0,'others','2020-01-26 04:44:42','2020-01-26 04:44:42'),(99,'Training and development','training-and-development',0,'others','2020-01-26 05:38:38','2020-01-26 05:38:38'),(100,'Mapping, Surveying, and Remote Sensing','mapping-surveying-and-remote-sensing',0,'others','2020-01-26 06:05:35','2020-01-26 06:05:35'),(101,'Remotesensing','remotesensing',0,'others','2020-01-27 02:50:30','2020-01-27 02:50:30'),(102,'Information Management','information-management-1',0,'others','2020-01-27 04:29:22','2020-01-27 04:29:22'),(103,'Urban planning','urban-planning',0,'others','2020-02-03 13:09:52','2020-02-03 13:09:52'),(104,'Utility management','utility-management',0,'others','2020-02-03 13:09:52','2020-02-03 13:09:52'),(105,'Electricity utility management, advanced electronics, Radio broad casting HF, VHF, UHF','electricity-utility-management-advanced-electronics-radio-broad-casting-hf-vhf-uhf',0,'others','2020-02-04 01:29:46','2020-02-04 01:29:46'),(106,'Electricity power utility','electricity-power-utility',0,'others','2020-02-04 01:50:33','2020-02-04 01:50:33'),(107,'Computer Engineering','computer-engineering',0,'others','2020-02-04 01:50:33','2020-02-04 01:50:33'),(108,'Driving Computers Training','driving-computers-training',0,'others','2020-02-04 01:50:33','2020-02-04 01:50:33'),(109,'Other - private sector','other-private-sector',0,'others','2020-02-11 04:50:35','2020-02-11 04:50:35'),(110,'Government','government-2',0,'others','2020-02-11 04:58:16','2020-02-11 04:58:16'),(111,'Military','military',0,'others','2020-02-11 04:58:16','2020-02-11 04:58:16'),(112,'monitoring and Evaluation','monitoring-and-evaluation',0,'others','2020-02-11 06:05:35','2020-02-11 06:05:35'),(113,'GBV','gbv',0,'others','2020-02-11 09:35:00','2020-02-11 09:35:00'),(114,'MHPSS','mhpss',0,'others','2020-02-11 09:35:00','2020-02-11 09:35:00'),(115,'Eau et lectrict','eau-et-electricte',0,'others','2020-02-11 12:29:40','2020-02-11 12:29:40'),(116,'Forets et amenagement du territoire','forets-et-amenagement-du-territoire',0,'others','2020-02-11 12:29:40','2020-02-11 12:29:40'),(117,'Ressources naturelles et environnement','ressources-naturelles-et-environnement',0,'others','2020-02-11 12:29:40','2020-02-11 12:29:40'),(118,'Cartographie','cartographie',0,'others','2020-02-12 03:32:26','2020-02-12 03:32:26'),(119,'Elections','elections',0,'others','2020-02-12 04:01:49','2020-02-12 04:01:49'),(120,'Networking','networking',0,'others','2020-02-12 04:03:36','2020-02-12 04:03:36'),(121,'GPS coordinates capture','gps-coordinates-capture',0,'others','2020-02-12 04:03:36','2020-02-12 04:03:36'),(122,'Logistics','logistics-1',0,'others','2020-02-12 04:03:44','2020-02-12 04:03:44'),(123,'Elections','elections-1',0,'others','2020-02-12 04:10:25','2020-02-12 04:10:25'),(124,'Mining','mining',0,'others','2020-02-12 04:27:14','2020-02-12 04:27:14'),(125,'Land Use','land-use',0,'others','2020-02-12 04:36:41','2020-02-12 04:36:41'),(126,'Housing','housing',0,'others','2020-02-12 04:36:41','2020-02-12 04:36:41'),(127,'Biodiversity conservation','biodiversity-conservation',0,'others','2020-02-12 07:45:48','2020-02-12 07:45:48'),(128,'water ingeneering','water-ingeneering',0,'others','2020-02-12 07:50:40','2020-02-12 07:50:40'),(129,'Peace Building','peace-building',0,'others','2020-02-12 08:19:01','2020-02-12 08:19:01'),(130,'Organizational capacity development','organizational-capacity-development',0,'others','2020-02-12 08:19:02','2020-02-12 08:19:02'),(131,'Advocacy','advocacy',0,'others','2020-02-12 08:19:02','2020-02-12 08:19:02'),(132,'Child Protection','child-protection',0,'others','2020-02-12 09:38:19','2020-02-12 09:38:19'),(134,'Monitoring and Evaluation','monitoring-and-evaluation-1',0,'others','2020-02-12 10:19:35','2020-02-12 10:19:35'),(135,'Mass Media','mass-media',0,'others','2020-02-12 11:14:19','2020-02-12 11:14:19'),(136,'National Election','national-election',0,'others','2020-02-12 12:06:11','2020-02-12 12:06:11'),(137,'Network Administration','network-administration',0,'others','2020-02-12 12:06:11','2020-02-12 12:06:11'),(138,'Livelihoods','livelihoods',0,'others','2020-02-12 21:33:45','2020-02-12 21:33:45'),(139,'Labor','labor',0,'others','2020-02-12 21:43:14','2020-02-12 21:43:14'),(140,'Mixed Migration','mixed-migration',0,'others','2020-02-12 22:54:13','2020-02-12 22:54:13'),(141,'All humanitarian sectors','all-humanitarian-sectors',0,'others','2020-02-12 23:05:17','2020-02-12 23:05:17'),(142,'Human Rights','human-rights',0,'others','2020-02-12 23:12:56','2020-02-12 23:12:56'),(143,'Conflict research','conflict-research',0,'others','2020-02-12 23:16:19','2020-02-12 23:16:19'),(144,'Politics','politics',0,'others','2020-02-12 23:35:44','2020-02-12 23:35:44'),(145,'Health Emergency','health-emergency',0,'others','2020-02-13 00:51:53','2020-02-13 00:51:53'),(146,'NGO','ngo',0,'others','2020-02-13 00:56:03','2020-02-13 00:56:03'),(147,'Humanitarian Crisis','humanitarian-crisis',0,'others','2020-02-13 00:59:50','2020-02-13 00:59:50'),(149,'Project Planning and Management','project-planning-and-management',0,'others','2020-02-13 04:21:04','2020-02-13 04:21:04'),(150,'Communication. Leadership.','communication-leadership',0,'others','2020-02-13 05:14:55','2020-02-13 05:14:55'),(151,'Communication. Leadership.','communication-leadership-1',0,'others','2020-02-13 05:14:55','2020-02-13 05:14:55'),(152,'Communication. Leadership.','communication-leadership-2',0,'others','2020-02-13 05:15:00','2020-02-13 05:15:00'),(153,'Communication. Leadership.','communication-leadership-3',0,'others','2020-02-13 05:15:01','2020-02-13 05:15:01'),(154,'Communication. Leadership.','communication-leadership-4',0,'others','2020-02-13 05:15:01','2020-02-13 05:15:01'),(155,'Communication. Leadership.','communication-leadership-5',0,'others','2020-02-13 05:15:01','2020-02-13 05:15:01'),(156,'Communication. Leadership.','communication-leadership-6',0,'others','2020-02-13 05:15:01','2020-02-13 05:15:01'),(157,'Communication. Leadership.','communication-leadership-7',0,'others','2020-02-13 05:15:01','2020-02-13 05:15:01'),(158,'Communication. Leadership.','communication-leadership-8',0,'others','2020-02-13 05:15:02','2020-02-13 05:15:02'),(159,'Communication. Leadership.','communication-leadership-9',0,'others','2020-02-13 05:15:02','2020-02-13 05:15:02'),(160,'Communication. Leadership.','communication-leadership-10',0,'others','2020-02-13 05:15:02','2020-02-13 05:15:02'),(161,'Communication. Leadership.','communication-leadership-11',0,'others','2020-02-13 05:15:02','2020-02-13 05:15:02'),(162,'Education','education-1',0,'others','2020-02-13 08:44:39','2020-02-13 08:44:39'),(163,'CAR SELLING','car-selling',0,'others','2020-02-13 09:01:27','2020-02-13 09:01:27'),(164,'Career','career',0,'others','2020-02-13 15:43:14','2020-02-13 15:43:14'),(165,'Administration','administration',1,'others','2020-02-13 18:24:33','2022-07-25 02:14:08'),(166,'Humanitarian Coordination','humanitarian-coordination',0,'others','2020-02-13 22:19:03','2020-02-13 22:19:03'),(167,'migration management','migration-management',0,'others','2020-02-14 02:48:10','2020-02-14 02:48:10'),(168,'Migration Management','migration-management-1',0,'others','2020-02-14 02:55:02','2020-02-14 02:55:02'),(169,'Data Visualization','data-visualization',0,'others','2020-02-14 03:08:49','2020-02-14 03:08:49'),(170,'Administration and Management','administration-and-management',1,'others','2020-02-14 03:39:01','2022-07-25 02:14:09'),(171,'Liveihoods','liveihoods',0,'others','2020-02-16 03:20:27','2020-02-16 03:20:27'),(172,'Social Stability','social-stability',0,'others','2020-02-16 03:20:27','2020-02-16 03:20:27'),(173,'data management','data-management',0,'others','2020-02-16 23:17:14','2020-02-16 23:17:14'),(174,'Road Assets Management System (RAMS)','road-assets-management-system-rams',0,'others','2020-02-17 02:36:23','2020-02-17 02:36:23'),(175,'Industrie','industrie',0,'others','2020-02-17 04:54:50','2020-02-17 04:54:50'),(176,'Transportation','transportation',0,'others','2020-02-17 08:50:48','2020-02-17 08:50:48'),(177,'Educational','educational',0,'others','2020-02-17 09:48:58','2020-02-17 09:48:58'),(178,'Sales and Marketing','sales-and-marketing',0,'others','2020-02-17 14:19:28','2020-02-17 14:19:28'),(179,'Travel','travel',0,'others','2020-02-17 19:54:40','2020-02-17 19:54:40'),(180,'Travel Domain','travel-domain',0,'others','2020-02-17 19:55:37','2020-02-17 19:55:37'),(181,'Travel Domain','travel-domain-1',0,'others','2020-02-17 19:55:46','2020-02-17 19:55:46'),(182,'Sustainable Development','sustainable-development',0,'others','2020-02-18 03:31:08','2020-02-18 03:31:08'),(183,'Community Relations','community-relations',0,'others','2020-02-18 03:31:08','2020-02-18 03:31:08'),(184,'Artisanal and Small scale Mining','artisanal-and-small-scale-mining',0,'others','2020-02-18 03:55:14','2020-02-18 03:55:14'),(185,'Governance','governance',0,'others','2020-02-18 04:07:15','2020-02-18 04:07:15'),(186,'Extractives Industry','extractives-industry',0,'others','2020-02-18 04:07:15','2020-02-18 04:07:15'),(187,'Agribusiness','agribusiness',0,'others','2020-02-18 04:40:54','2020-02-18 04:40:54'),(188,'BANQUE','banque',0,'others','2020-02-18 05:07:24','2020-02-18 05:07:24'),(189,'ASSURANCE','assurance',0,'others','2020-02-18 05:07:24','2020-02-18 05:07:24'),(190,'HUMANITAIRE','humanitaire',0,'others','2020-02-18 05:07:24','2020-02-18 05:07:24'),(191,'Resource Exploration','resource-exploration',0,'others','2020-02-18 05:17:33','2020-02-18 05:17:33'),(192,'WASH','wash-1',0,'others','2020-02-18 06:03:43','2020-02-18 06:03:43'),(193,'FOOD SECURITY AND LIVELIHOOD','food-security-and-livelihood',0,'others','2020-02-18 06:03:43','2020-02-18 06:03:43'),(194,'AGRO','agro',0,'others','2020-02-18 06:03:43','2020-02-18 06:03:43'),(195,'NUTRITION','nutrition-1',0,'others','2020-02-18 06:03:43','2020-02-18 06:03:43'),(196,'HEALTH','health-1',0,'others','2020-02-18 06:03:43','2020-02-18 06:03:43'),(197,'EDUCATION','education-2',0,'others','2020-02-18 06:03:43','2020-02-18 06:03:43'),(198,'finance','finance-2',0,'others','2020-02-18 06:54:16','2020-02-18 06:54:16'),(199,'Local Gouvnance','local-gouvnance',0,'others','2020-02-18 07:04:37','2020-02-18 07:04:37'),(200,'Child protection','child-protection-1',0,'others','2020-02-18 20:19:34','2020-02-18 20:19:34'),(201,'Development','development-1',0,'others','2020-02-18 20:19:34','2020-02-18 20:19:34'),(202,'OIL AND GAS','oil-and-gas',0,'others','2020-02-19 04:48:45','2020-02-19 04:48:45'),(203,'Humanitarian','humanitarian-1',0,'others','2020-02-19 07:13:19','2020-02-19 07:13:19'),(204,'Journalism','journalism',0,'others','2020-02-19 08:19:55','2020-02-19 08:19:55'),(205,'Service Desk','service-desk',0,'others','2020-02-19 10:30:27','2020-02-19 10:30:27'),(206,'Telecommunication','telecommunication',0,'others','2020-02-19 12:51:20','2020-02-19 12:51:20'),(207,'Business Development','business-development',0,'others','2020-02-19 17:00:58','2020-02-19 17:00:58'),(208,'Business Development','business-development-1',0,'others','2020-02-19 17:00:58','2020-02-19 17:00:58'),(209,'Carriers','carriers',0,'others','2020-02-19 17:06:51','2020-02-19 17:06:51'),(210,'SDGs','sdgs',0,'others','2020-02-20 03:20:26','2020-02-20 03:20:26'),(211,'Economic analysis','economic-analysis',0,'others','2020-02-20 03:22:24','2020-02-20 03:22:24'),(212,'Censuses','censuses',0,'others','2020-02-20 03:41:21','2020-02-20 03:41:21'),(213,'EPI-INFO','epi-info',0,'others','2020-02-20 05:42:28','2020-02-20 05:42:28'),(214,'STATA','stata',0,'others','2020-02-20 05:42:28','2020-02-20 05:42:28'),(215,'CRVS','crvs',0,'others','2020-02-20 08:04:44','2020-02-20 08:04:44'),(216,'Mobile Telecommunications Networks','mobile-telecommunications-networks',0,'others','2020-02-20 13:40:50','2020-02-20 13:40:50'),(217,'Mobile Telecommunications Networks','mobile-telecommunications-networks-1',0,'others','2020-02-20 13:40:50','2020-02-20 13:40:50'),(218,'Mobile Telecommunications Networks','mobile-telecommunications-networks-2',0,'others','2020-02-20 13:40:54','2020-02-20 13:40:54'),(219,'Mobile Telecommunications Networks','mobile-telecommunications-networks-3',0,'others','2020-02-20 13:40:54','2020-02-20 13:40:54'),(220,'Education','education-3',0,'others','2020-02-20 13:40:54','2020-02-20 13:40:54'),(221,'Education','education-4',0,'others','2020-02-20 13:40:54','2020-02-20 13:40:54'),(222,'Mobile Telecommunications Networks','mobile-telecommunications-networks-4',0,'others','2020-02-20 13:40:56','2020-02-20 13:40:56'),(223,'Education','education-5',0,'others','2020-02-20 13:40:56','2020-02-20 13:40:56'),(224,'Mobile Telecommunications Networks','mobile-telecommunications-networks-5',0,'others','2020-02-20 13:40:56','2020-02-20 13:40:56'),(225,'Education','education-6',0,'others','2020-02-20 13:40:56','2020-02-20 13:40:56'),(226,'Mobile Telecommunications Networks','mobile-telecommunications-networks-6',0,'others','2020-02-20 13:40:56','2020-02-20 13:40:56'),(227,'Mobile Telecommunications Networks','mobile-telecommunications-networks-7',0,'others','2020-02-20 13:40:56','2020-02-20 13:40:56'),(228,'Education','education-7',0,'others','2020-02-20 13:40:56','2020-02-20 13:40:56'),(229,'Education','education-8',0,'others','2020-02-20 13:40:57','2020-02-20 13:40:57'),(230,'Mobile Telecommunications Networks','mobile-telecommunications-networks-8',0,'others','2020-02-20 13:40:58','2020-02-20 13:40:58'),(231,'Education','education-9',0,'others','2020-02-20 13:40:58','2020-02-20 13:40:58'),(232,'Mobile Telecommunications Networks','mobile-telecommunications-networks-9',0,'others','2020-02-20 13:40:58','2020-02-20 13:40:58'),(233,'Education','education-10',0,'others','2020-02-20 13:40:58','2020-02-20 13:40:58'),(234,'security analyst','security-analyst',0,'others','2020-02-21 09:14:08','2020-02-21 09:14:08'),(235,'security analyst','security-analyst-1',0,'others','2020-02-21 09:14:08','2020-02-21 09:14:08'),(236,'security analyst','security-analyst-2',0,'others','2020-02-21 09:14:08','2020-02-21 09:14:08'),(237,'crime fighter','crime-fighter',0,'others','2020-02-21 09:14:08','2020-02-21 09:14:08'),(238,'crime fighter','crime-fighter-1',0,'others','2020-02-21 09:14:08','2020-02-21 09:14:08'),(239,'crime fighter','crime-fighter-2',0,'others','2020-02-21 09:14:08','2020-02-21 09:14:08'),(240,'security analyst','security-analyst-3',0,'others','2020-02-21 09:14:09','2020-02-21 09:14:09'),(241,'crime fighter','crime-fighter-3',0,'others','2020-02-21 09:14:09','2020-02-21 09:14:09'),(242,'IT','it-1',0,'others','2020-02-24 23:44:26','2020-02-24 23:44:26'),(243,'Import','import',0,'others','2020-02-25 05:58:02','2020-02-25 05:58:02'),(244,'Export','export',0,'others','2020-02-25 05:58:02','2020-02-25 05:58:02'),(245,'CCNA CCNP','ccna-ccnp',0,'others','2020-02-25 08:24:01','2020-02-25 08:24:01'),(246,'SERVER ADMIN','server-admin',0,'others','2020-02-25 08:26:55','2020-02-25 08:26:55'),(247,'coordniation','coordniation',0,'others','2020-02-25 08:48:07','2020-02-25 08:48:07'),(248,'CORPORATE SOCIAL RESPONSIBILITY','corporate-social-responsibility',0,'others','2020-02-25 10:14:49','2020-02-25 10:14:49'),(249,'CORPORATE SOCIAL RESPONSIBILITY','corporate-social-responsibility-1',0,'others','2020-02-25 10:14:53','2020-02-25 10:14:53'),(250,'CORPORATE SOCIAL RESPONSIBILITY','corporate-social-responsibility-2',0,'others','2020-02-25 10:14:56','2020-02-25 10:14:56'),(251,'CORPORATE SOCIAL RESPONSIBILITY','corporate-social-responsibility-3',0,'others','2020-02-25 10:16:40','2020-02-25 10:16:40'),(252,'Humanitarian Response','humanitarian-response',0,'others','2020-02-26 08:32:54','2020-02-26 08:32:54'),(253,'Community Physical Infrastructure','community-physical-infrastructure',0,'others','2020-02-26 08:40:24','2020-02-26 08:40:24'),(254,'WASH','wash-2',0,'others','2020-02-26 10:10:58','2020-02-26 10:10:58'),(255,'water distribution','water-distribution',0,'others','2020-02-27 03:03:32','2020-02-27 03:03:32'),(256,'Fire fighting','fire-fighting',0,'others','2020-02-27 03:03:32','2020-02-27 03:03:32'),(257,'Demining and Safety','demining-and-safety',0,'others','2020-02-27 03:11:36','2020-02-27 03:11:36'),(258,'Forestry','forestry-1',0,'others','2020-02-27 04:15:09','2020-02-27 04:15:09'),(259,'Consultation','consultation',0,'others','2020-02-28 10:05:59','2020-02-28 10:05:59'),(260,'WASH','wash-3',0,'others','2020-02-29 02:30:28','2020-02-29 02:30:28'),(261,'Urban land','urban-land',0,'others','2020-02-29 18:41:50','2020-02-29 18:41:50'),(262,'Urban management','urban-management',0,'others','2020-02-29 19:06:20','2020-02-29 19:06:20'),(263,'Municipal','municipal',0,'others','2020-02-29 19:15:19','2020-02-29 19:15:19'),(264,'GNSS/GSP','gnssgsp',0,'others','2020-02-29 19:15:19','2020-02-29 19:15:19'),(265,'Regional planning','regional-planning',0,'others','2020-02-29 19:37:02','2020-02-29 19:37:02'),(266,'Regional planning','regional-planning-1',0,'others','2020-02-29 19:37:02','2020-02-29 19:37:02'),(267,'Housing','housing-1',0,'others','2020-02-29 19:37:02','2020-02-29 19:37:02'),(268,'Housing','housing-2',0,'others','2020-02-29 19:37:02','2020-02-29 19:37:02'),(269,'Urban development','urban-development',0,'others','2020-02-29 19:37:02','2020-02-29 19:37:02'),(270,'Urban development','urban-development-1',0,'others','2020-02-29 19:37:02','2020-02-29 19:37:02'),(271,'Regional planning','regional-planning-2',0,'others','2020-02-29 19:37:04','2020-02-29 19:37:04'),(272,'Housing','housing-3',0,'others','2020-02-29 19:37:04','2020-02-29 19:37:04'),(273,'Urban development','urban-development-2',0,'others','2020-02-29 19:37:04','2020-02-29 19:37:04'),(274,'Regional planning','regional-planning-3',0,'others','2020-02-29 19:37:04','2020-02-29 19:37:04'),(275,'Regional planning','regional-planning-4',0,'others','2020-02-29 19:37:04','2020-02-29 19:37:04'),(276,'Housing','housing-4',0,'others','2020-02-29 19:37:04','2020-02-29 19:37:04'),(277,'Housing','housing-5',0,'others','2020-02-29 19:37:04','2020-02-29 19:37:04'),(278,'Urban development','urban-development-3',0,'others','2020-02-29 19:37:04','2020-02-29 19:37:04'),(279,'Urban development','urban-development-4',0,'others','2020-02-29 19:37:04','2020-02-29 19:37:04'),(280,'Regional planning','regional-planning-5',0,'others','2020-02-29 19:37:06','2020-02-29 19:37:06'),(281,'Housing','housing-6',0,'others','2020-02-29 19:37:06','2020-02-29 19:37:06'),(282,'Regional planning','regional-planning-6',0,'others','2020-02-29 19:37:06','2020-02-29 19:37:06'),(283,'Regional planning','regional-planning-7',0,'others','2020-02-29 19:37:06','2020-02-29 19:37:06'),(284,'Urban development','urban-development-5',0,'others','2020-02-29 19:37:06','2020-02-29 19:37:06'),(285,'Housing','housing-7',0,'others','2020-02-29 19:37:06','2020-02-29 19:37:06'),(286,'Housing','housing-8',0,'others','2020-02-29 19:37:06','2020-02-29 19:37:06'),(287,'Urban development','urban-development-6',0,'others','2020-02-29 19:37:06','2020-02-29 19:37:06'),(288,'Urban development','urban-development-7',0,'others','2020-02-29 19:37:06','2020-02-29 19:37:06'),(289,'Regional planning','regional-planning-8',0,'others','2020-02-29 19:37:07','2020-02-29 19:37:07'),(290,'Housing','housing-9',0,'others','2020-02-29 19:37:07','2020-02-29 19:37:07'),(291,'Regional planning','regional-planning-9',0,'others','2020-02-29 19:37:07','2020-02-29 19:37:07'),(292,'Urban development','urban-development-8',0,'others','2020-02-29 19:37:07','2020-02-29 19:37:07'),(293,'Housing','housing-10',0,'others','2020-02-29 19:37:07','2020-02-29 19:37:07'),(294,'Urban development','urban-development-9',0,'others','2020-02-29 19:37:07','2020-02-29 19:37:07'),(295,'Regional planning','regional-planning-10',0,'others','2020-02-29 19:37:08','2020-02-29 19:37:08'),(296,'Housing','housing-11',0,'others','2020-02-29 19:37:08','2020-02-29 19:37:08'),(297,'Urban development','urban-development-10',0,'others','2020-02-29 19:37:08','2020-02-29 19:37:08'),(298,'Regional planning','regional-planning-11',0,'others','2020-02-29 19:37:08','2020-02-29 19:37:08'),(299,'Housing','housing-12',0,'others','2020-02-29 19:37:08','2020-02-29 19:37:08'),(300,'Urban development','urban-development-11',0,'others','2020-02-29 19:37:09','2020-02-29 19:37:09'),(301,'Regional planning','regional-planning-12',0,'others','2020-02-29 19:37:09','2020-02-29 19:37:09'),(302,'Housing','housing-13',0,'others','2020-02-29 19:37:09','2020-02-29 19:37:09'),(303,'Regional planning','regional-planning-13',0,'others','2020-02-29 19:37:09','2020-02-29 19:37:09'),(304,'Urban development','urban-development-12',0,'others','2020-02-29 19:37:09','2020-02-29 19:37:09'),(305,'Housing','housing-14',0,'others','2020-02-29 19:37:09','2020-02-29 19:37:09'),(306,'Urban development','urban-development-13',0,'others','2020-02-29 19:37:09','2020-02-29 19:37:09'),(307,'Regional planning','regional-planning-14',0,'others','2020-02-29 19:37:11','2020-02-29 19:37:11'),(308,'Housing','housing-15',0,'others','2020-02-29 19:37:11','2020-02-29 19:37:11'),(309,'Urban development','urban-development-14',0,'others','2020-02-29 19:37:11','2020-02-29 19:37:11'),(310,'Governance','governance-1',0,'others','2020-03-01 08:38:52','2020-03-01 08:38:52'),(311,'Security Sector Reform','security-sector-reform',0,'others','2020-03-01 08:38:52','2020-03-01 08:38:52'),(312,'Countering Violent Extremism (CVE)','countering-violent-extremism-cve',0,'others','2020-03-01 08:38:52','2020-03-01 08:38:52'),(313,'Political Transitions','political-transitions',0,'others','2020-03-01 08:38:52','2020-03-01 08:38:52'),(314,'WASH','wash-4',0,'others','2020-03-01 23:44:17','2020-03-01 23:44:17'),(315,'Sexuality','sexuality',0,'others','2020-03-02 00:41:15','2020-03-02 00:41:15'),(316,'Adolescent and Youth Reproductive Health','adolescent-and-youth-reproductive-health',1,'others','2020-03-02 00:41:15','2022-07-25 02:14:09'),(317,'PLC','plc',0,'others','2020-03-02 04:42:52','2020-03-02 04:42:52'),(318,'Microcontroller','microcontroller',0,'others','2020-03-02 04:42:52','2020-03-02 04:42:52'),(319,'town planning','town-planning',0,'others','2020-03-02 22:24:30','2020-03-02 22:24:30'),(320,'GIS','gis',0,'others','2020-03-02 22:24:30','2020-03-02 22:24:30'),(321,'GIS','gis-1',0,'others','2020-03-02 23:00:46','2020-03-02 23:00:46'),(322,'planning','planning',0,'others','2020-03-02 23:11:12','2020-03-02 23:11:12'),(323,'sport','sport',0,'others','2020-03-02 23:11:12','2020-03-02 23:11:12'),(324,'n/a/','na',0,'others','2020-03-03 02:14:16','2020-03-03 02:14:16'),(325,'n/a','na-1',0,'others','2020-03-03 02:54:55','2020-03-03 02:54:55'),(326,'Sampling design','sampling-design',0,'others','2020-03-03 04:42:59','2020-03-03 04:42:59'),(327,'Health and Nutrition','health-and-nutrition',0,'others','2020-03-03 05:26:11','2020-03-03 05:26:11'),(328,'Agriculture','agriculture-1',0,'others','2020-03-03 05:32:00','2020-03-03 05:32:00'),(329,'Agriculture','agriculture-2',0,'others','2020-03-03 05:32:01','2020-03-03 05:32:01'),(330,'Agriculture','agriculture-3',0,'others','2020-03-03 05:32:01','2020-03-03 05:32:01'),(331,'Health, Nutrition, WASH, Child Protection, Education','health-nutrition-wash-child-protection-education',0,'others','2020-03-03 05:37:12','2020-03-03 05:37:12'),(332,'Finance and Development Economics','finance-and-development-economics',0,'others','2020-03-03 07:04:05','2020-03-03 07:04:05'),(333,'Internet business','internet-business',0,'others','2020-03-03 08:51:38','2020-03-03 08:51:38'),(334,'Department of Emergencies','department-of-emergencies',0,'others','2020-03-03 14:42:11','2020-03-03 14:42:11'),(335,'ICT','ict',0,'others','2020-03-03 15:04:19','2020-03-03 15:04:19'),(336,'Energy','energy',0,'others','2020-03-03 15:17:02','2020-03-03 15:17:02'),(337,'WASH','wash-5',0,'others','2020-03-04 04:59:09','2020-03-04 04:59:09'),(338,'Child Protection','child-protection-2',0,'others','2020-03-04 05:05:47','2020-03-04 05:05:47'),(339,'Malaria','malaria',0,'others','2020-03-04 05:37:17','2020-03-04 05:37:17'),(340,'Justice','justice',0,'others','2020-03-04 05:49:17','2020-03-04 05:49:17'),(341,'Community Engagement','community-engagement',0,'others','2020-03-04 05:49:17','2020-03-04 05:49:17'),(342,'antiquities','antiquities',0,'others','2020-03-04 05:59:43','2020-03-04 05:59:43'),(343,'Displacement','displacement',0,'others','2020-03-04 05:59:43','2020-03-04 05:59:43'),(344,'Statistics','statistics',0,'others','2020-03-04 08:55:49','2020-03-04 08:55:49'),(345,'Disarmament, demobilisation and reintegration','disarmament-demobilisation-and-reintegration',0,'others','2020-03-04 09:20:42','2020-03-04 09:20:42'),(346,'MONITORING AND EVALUATION','monitoring-and-evaluation-2',0,'others','2020-03-04 10:29:14','2020-03-04 10:29:14'),(347,'Oil and Gas','oil-and-gas-1',0,'others','2020-03-05 02:27:11','2020-03-05 02:27:11'),(348,'Occupational Health','occupational-health',0,'others','2020-03-05 02:27:11','2020-03-05 02:27:11'),(349,'Emergency Response','emergency-response',0,'others','2020-03-05 02:27:11','2020-03-05 02:27:11'),(350,'Project Coordination','project-coordination',0,'others','2020-03-05 02:34:36','2020-03-05 02:34:36'),(351,'Development Work','development-work',0,'others','2020-03-05 10:33:17','2020-03-05 10:33:17'),(352,'Communications','communications-1',0,'others','2020-03-05 10:33:17','2020-03-05 10:33:17'),(353,'Development Work','development-work-1',0,'others','2020-03-05 10:33:17','2020-03-05 10:33:17'),(354,'Communications','communications-2',0,'others','2020-03-05 10:33:17','2020-03-05 10:33:17'),(355,'Programme','programme',0,'others','2020-03-05 10:36:03','2020-03-05 10:36:03'),(356,'UN, Public and private sector, int org','un-public-and-private-sector-int-org',0,'others','2020-03-07 00:45:01','2020-03-07 00:45:01'),(357,'Telecommunication','telecommunication-1',0,'others','2020-03-08 08:23:25','2020-03-08 08:23:25'),(358,'Fashion','fashion',0,'others','2020-03-09 01:09:55','2020-03-09 01:09:55'),(359,'Data Collection','data-collection-1',0,'others','2020-03-09 05:02:11','2020-03-09 05:02:11'),(360,'Security & Defence','security-defence',0,'others','2020-03-09 10:14:33','2020-03-09 10:14:33'),(361,'INGO','ingo',0,'others','2020-03-09 10:14:58','2020-03-09 10:14:58'),(362,'Development','development-2',0,'others','2020-03-09 10:14:58','2020-03-09 10:14:58'),(363,'Aid','aid',0,'others','2020-03-09 10:14:58','2020-03-09 10:14:58'),(364,'Community Development','community-development',0,'others','2020-03-09 10:23:37','2020-03-09 10:23:37'),(365,'Economic Development','economic-development',0,'others','2020-03-09 10:23:37','2020-03-09 10:23:37'),(366,'Micro-Finance','micro-finance',0,'others','2020-03-09 10:23:37','2020-03-09 10:23:37'),(367,'Intelligence & Security','intelligence-security',0,'others','2020-03-09 10:25:48','2020-03-09 10:25:48'),(368,'Diplomacy','diplomacy',0,'others','2020-03-09 10:32:46','2020-03-09 10:32:46'),(369,'International Relations','international-relations',0,'others','2020-03-09 10:32:46','2020-03-09 10:32:46'),(370,'Private Security','private-security',0,'others','2020-03-09 10:38:09','2020-03-09 10:38:09'),(371,'Law','law',0,'others','2020-03-09 10:43:49','2020-03-09 10:43:49'),(372,'Regulation','regulation',0,'others','2020-03-09 10:43:49','2020-03-09 10:43:49'),(373,'Fisheries','fisheries',0,'others','2020-03-09 10:43:49','2020-03-09 10:43:49'),(374,'Waste Management','waste-management',0,'others','2020-03-09 10:43:49','2020-03-09 10:43:49'),(375,'Polution','polution',0,'others','2020-03-09 10:43:49','2020-03-09 10:43:49'),(376,'United Nations','united-nations',0,'others','2020-03-09 10:47:02','2020-03-09 10:47:02'),(377,'Community Protection','community-protection',0,'others','2020-03-09 10:47:02','2020-03-09 10:47:02'),(378,'Crises Management','crises-management',0,'others','2020-03-09 10:48:42','2020-03-09 10:48:42'),(379,'Oil & Gas','oil-gas',0,'others','2020-03-09 14:43:43','2020-03-09 14:43:43'),(380,'Smart Cities','smart-cities',0,'others','2020-03-09 15:01:07','2020-03-09 15:01:07'),(381,'Public, Humanitarian, and Private','public-humanitarian-and-private',0,'others','2020-03-09 15:16:10','2020-03-09 15:16:10'),(382,'Development','development-3',0,'others','2020-03-09 15:21:57','2020-03-09 15:21:57'),(383,'Humanitarian','humanitarian-2',0,'others','2020-03-09 15:33:00','2020-03-09 15:33:00'),(384,'Social','social',0,'others','2020-03-09 15:37:19','2020-03-09 15:37:19'),(385,'Planning','planning-1',0,'others','2020-03-09 15:37:20','2020-03-09 15:37:20'),(386,'Strategic Communications','strategic-communications',0,'others','2020-03-10 01:32:52','2020-03-10 01:32:52'),(387,'CVE','cve',0,'others','2020-03-10 01:32:52','2020-03-10 01:32:52'),(388,'Stabilisation','stabilisation',0,'others','2020-03-10 01:32:52','2020-03-10 01:32:52'),(389,'Security Strategy','security-strategy',0,'others','2020-03-10 01:47:59','2020-03-10 01:47:59'),(390,'Public Sector Reform','public-sector-reform',0,'others','2020-03-10 01:48:29','2020-03-10 01:48:29'),(391,'Public Policy','public-policy',0,'others','2020-03-10 02:02:56','2020-03-10 02:02:56'),(392,'Military','military-1',0,'others','2020-03-10 02:04:06','2020-03-10 02:04:06'),(393,'Conflict Resolution','conflict-resolution',0,'others','2020-03-10 02:19:50','2020-03-10 02:19:50'),(394,'Publishing','publishing',0,'others','2020-03-10 02:23:34','2020-03-10 02:23:34'),(395,'Data Analytics','data-analytics',0,'others','2020-03-10 07:49:17','2020-03-10 07:49:17'),(396,'Geospatial Analytics','geospatial-analytics',0,'others','2020-03-10 07:49:17','2020-03-10 07:49:17'),(397,'Static and Web Mapping','static-and-web-mapping',0,'others','2020-03-10 07:49:17','2020-03-10 07:49:17'),(398,'Victims','victims',0,'others','2020-03-10 08:07:32','2020-03-10 08:07:32'),(399,'Planning for Monitoring and Evaluation, Capacity Development for Monitoring and Evaluation, Drive for Results use of Statistical Software (STATA & SPSS)','planning-for-monitoring-and-evaluation-capacity-development-for-monitoring-and-evaluation-drive-for-results-use-of-statistical-software-stata-spss',0,'others','2020-03-10 11:44:38','2020-03-10 11:44:38'),(400,'Instruction','instruction',0,'others','2020-03-10 16:03:57','2020-03-10 16:03:57'),(401,'Leadership','leadership',0,'others','2020-03-10 16:03:57','2020-03-10 16:03:57'),(402,'Government','government-3',0,'others','2020-03-10 16:13:33','2020-03-10 16:13:33'),(403,'operations','operations',0,'others','2020-03-10 16:23:58','2020-03-10 16:23:58'),(404,'security management','security-management',0,'others','2020-03-10 20:07:30','2020-03-10 20:07:30'),(405,'INGO','ingo-1',0,'others','2020-03-10 20:26:29','2020-03-10 20:26:29'),(406,'Security Management','security-management-1',0,'others','2020-03-10 20:52:02','2020-03-10 20:52:02'),(407,'Hydropower','hydropower',0,'others','2020-03-11 03:12:09','2020-03-11 03:12:09'),(408,'Construction','construction',0,'others','2020-03-11 03:12:09','2020-03-11 03:12:09'),(409,'Law Enforcment','law-enforcment',0,'others','2020-03-12 04:05:11','2020-03-12 04:05:11'),(410,'Conservation','conservation',0,'others','2020-03-13 05:21:28','2020-03-13 05:21:28'),(411,'Wildlife Protection','wildlife-protection',0,'others','2020-03-13 05:21:28','2020-03-13 05:21:28'),(412,'Anti-Poaching','anti-poaching',0,'others','2020-03-13 05:21:28','2020-03-13 05:21:28'),(413,'Spatial referenced','spatial-referenced',0,'others','2020-03-14 02:33:06','2020-03-14 02:33:06'),(414,'Special Forces','special-forces',0,'others','2020-03-14 07:23:21','2020-03-14 07:23:21'),(415,'WASH, Child Protection, Nutrition, Health','wash-child-protection-nutrition-health',0,'others','2020-03-14 10:53:33','2020-03-14 10:53:33'),(416,'Security Management','security-management-2',0,'others','2020-03-14 11:02:24','2020-03-14 11:02:24'),(417,'Child Protection','child-protection-3',0,'others','2020-03-14 11:02:48','2020-03-14 11:02:48'),(418,'GOVERNEMENT','governement',0,'others','2020-03-15 05:49:53','2020-03-15 05:49:53'),(419,'Homeland security operation','homeland-security-operation',0,'others','2020-03-15 08:20:53','2020-03-15 08:20:53'),(420,'Travel Security','travel-security',0,'others','2020-03-15 08:50:16','2020-03-15 08:50:16'),(421,'Security Analyst','security-analyst-4',0,'others','2020-03-15 20:05:45','2020-03-15 20:05:45'),(422,'IT','it-2',0,'others','2020-03-16 03:12:22','2020-03-16 03:12:22'),(423,'Welfare','welfare',0,'others','2020-03-16 03:12:22','2020-03-16 03:12:22'),(424,'Civil society','civil-society',0,'others','2020-03-16 03:14:12','2020-03-16 03:14:12'),(425,'Broadcasting','broadcasting',0,'others','2020-03-16 03:14:12','2020-03-16 03:14:12'),(426,'Production','production-1',0,'others','2020-03-16 03:14:12','2020-03-16 03:14:12'),(427,'Video Editing','video-editing',0,'others','2020-03-16 03:14:12','2020-03-16 03:14:12'),(428,'Filming','filming',0,'others','2020-03-16 03:14:12','2020-03-16 03:14:12'),(429,'Diplomatic','diplomatic',0,'others','2020-03-17 02:22:03','2020-03-17 02:22:03'),(430,'Development','development-4',0,'others','2020-03-17 06:46:12','2020-03-17 06:46:12'),(431,'NA','na-2',0,'others','2020-03-17 06:51:08','2020-03-17 06:51:08'),(432,'Needs assessment, Coordination, multisectoral assessments, trainings','needs-assessment-coordination-multisectoral-assessments-trainings',0,'others','2020-03-22 06:10:24','2020-03-22 06:10:24'),(433,'Internet of Things','internet-of-things',0,'others','2020-03-23 13:02:14','2020-03-23 13:02:14'),(434,'marine services','marine-services',0,'others','2020-03-26 05:15:20','2020-03-26 05:15:20'),(435,'security','security',0,'others','2020-03-26 05:28:00','2020-03-26 05:28:00'),(436,'Security services','security-services',0,'others','2020-03-26 05:36:01','2020-03-26 05:36:01'),(437,'Public Administration','public-administration',0,'others','2020-03-27 04:37:04','2020-03-27 04:37:04'),(438,'Diplomatie','diplomatie',0,'others','2020-03-27 04:37:04','2020-03-27 04:37:04'),(439,'Middle East Politics','middle-east-politics',0,'others','2020-03-27 04:37:04','2020-03-27 04:37:04'),(440,'SRH','srh',0,'others','2020-03-28 23:41:55','2020-03-28 23:41:55'),(441,'Diaspora','diaspora',0,'others','2020-03-29 14:05:59','2020-03-29 14:05:59'),(442,'institutional support','institutional-support',0,'others','2020-03-29 14:05:59','2020-03-29 14:05:59'),(443,'Field Service Support Projects','field-service-support-projects',0,'others','2020-03-29 14:06:00','2020-03-29 14:06:00'),(444,'Weather and Climate Analysis','weather-and-climate-analysis',0,'others','2020-03-30 00:37:34','2020-03-30 00:37:34'),(445,'water management','water-management',0,'others','2020-03-30 00:48:32','2020-03-30 00:48:32'),(446,'HEI','hei',0,'others','2020-03-30 01:12:49','2020-03-30 01:12:49'),(447,'Security Sector Governance and Reforms','security-sector-governance-and-reforms',0,'others','2020-03-30 05:09:54','2020-03-30 05:09:54'),(448,'water resource Management','water-resource-management',0,'others','2020-03-30 06:29:47','2020-03-30 06:29:47'),(449,'Legal Aid (ICLA)','legal-aid-icla',0,'others','2020-03-30 11:18:50','2020-03-30 11:18:50'),(451,'data QC/QA','data-qcqa',0,'others','2020-03-31 09:56:53','2020-03-31 09:56:53'),(452,'Customer Service','customer-service',0,'others','2020-03-31 12:15:21','2020-03-31 12:15:21'),(453,'Art','art',0,'others','2020-03-31 12:20:11','2020-03-31 12:20:11'),(454,'Legislative','legislative',0,'others','2020-03-31 19:47:55','2020-03-31 19:47:55'),(455,'Defense','defense',0,'others','2020-03-31 19:47:55','2020-03-31 19:47:55'),(456,'Sales and Distributions','sales-and-distributions',0,'others','2020-04-01 02:50:54','2020-04-01 02:50:54'),(457,'Refugees','refugees',0,'others','2020-04-01 05:23:37','2020-04-01 05:23:37'),(458,'NGOS','ngos',0,'others','2020-04-01 05:37:24','2020-04-01 05:37:24'),(459,'Clinical Research','clinical-research',0,'others','2020-04-01 05:44:05','2020-04-01 05:44:05'),(460,'Health','health-2',0,'others','2020-04-02 06:36:54','2020-04-02 06:36:54'),(461,'Sports in development','sports-in-development',0,'others','2020-04-02 07:28:06','2020-04-02 07:28:06'),(462,'Banking','banking',0,'others','2020-04-03 03:29:20','2020-04-03 03:29:20'),(463,'Press','press',0,'others','2020-04-03 08:37:27','2020-04-03 08:37:27'),(464,'Value Chain','value-chain',0,'others','2020-04-05 05:53:13','2020-04-05 05:53:13'),(465,'Sustainable Livelihoods (Micro, Small & Medium sized Enterprise Development)','sustainable-livelihoods-micro-small-medium-sized-enterprise-development',0,'others','2020-04-05 06:26:21','2020-04-05 06:26:21'),(466,'Conflict Management & Mitigation (CMM)','conflict-management-mitigation-cmm',0,'others','2020-04-05 06:48:01','2020-04-05 06:48:01'),(467,'Water, Sanitation and Hygiene (WaSH)','water-sanitation-and-hygiene-wash',0,'others','2020-04-05 07:03:33','2020-04-05 07:03:33'),(468,'Gender Equality and Social Inclusion (GESI)','gender-equality-and-social-inclusion-gesi',0,'others','2020-04-05 07:03:33','2020-04-05 07:03:33'),(469,'Social Safeguards','social-safeguards',0,'others','2020-04-05 07:03:33','2020-04-05 07:03:33'),(470,'Poverty Reduction -Sustainable Livelihoods (Micro, Small & Medium sized Enterprise Development)','poverty-reduction-sustainable-livelihoods-micro-small-medium-sized-enterprise-development',0,'others','2020-04-05 07:03:33','2020-04-05 07:03:33'),(471,'Socioeconomic Research Study following Gender-Sensitive and Participatory Approaches','socioeconomic-research-study-following-gender-sensitive-and-participatory-approaches',0,'others','2020-04-05 07:03:33','2020-04-05 07:03:33'),(472,'Baseline, Mid-line and End-line Survey, Research Study/Evaluation','baseline-mid-line-and-end-line-survey-research-studyevaluation',0,'others','2020-04-05 07:03:33','2020-04-05 07:03:33'),(473,'Social Mobilization/Community Liaison/Civil Society Organization Engagement','social-mobilizationcommunity-liaisoncivil-society-organization-engagement',0,'others','2020-04-05 07:03:33','2020-04-05 07:03:33'),(474,'Training Need Assessment (TNA), Develop Training Modules and Providing Training','training-need-assessment-tna-develop-training-modules-and-providing-training',0,'others','2020-04-05 07:03:33','2020-04-05 07:03:33'),(475,'Sustainable Development (Social, Economic and Environmental  Coherence)','sustainable-development-social-economic-and-environmental-coherence',0,'others','2020-04-05 07:03:33','2020-04-05 07:03:33'),(476,'Peace Building, Emergency Response and Development','peace-building-emergency-response-and-development',0,'others','2020-04-05 07:34:43','2020-04-05 07:34:43'),(477,'Poverty Reduction -Sustainable Livelihoods','poverty-reduction-sustainable-livelihoods',0,'others','2020-04-05 07:34:43','2020-04-05 07:34:43'),(478,'Pro-poor Sustainable Livelihoods through Rural Physical Infrastructure Development','pro-poor-sustainable-livelihoods-through-rural-physical-infrastructure-development',0,'others','2020-04-05 07:34:43','2020-04-05 07:34:43'),(479,'Public Policy, Decentralization, Democratic Governance','public-policy-decentralization-democratic-governance',0,'others','2020-04-05 07:56:47','2020-04-05 07:56:47'),(480,'Capacity Development/Organizational Development','capacity-developmentorganizational-development',0,'others','2020-04-05 07:56:47','2020-04-05 07:56:47'),(481,'Strategic/Longer-term Planning (Bottom up Participatory Development Planning)','strategiclonger-term-planning-bottom-up-participatory-development-planning',0,'others','2020-04-05 07:56:47','2020-04-05 07:56:47'),(482,'Public Private Dialogue (PPD)-Public Private Partnerships','public-private-dialogue-ppd-public-private-partnerships',0,'others','2020-04-05 07:56:47','2020-04-05 07:56:47'),(483,'Capacity Development of Duty Bearers (Service Providers) and Right Holders (Service Receivers)','capacity-development-of-duty-bearers-service-providers-and-right-holders-service-receivers',0,'others','2020-04-05 07:56:47','2020-04-05 07:56:47'),(484,'Strengthen the Local Governance and Service Delivery Systems','strengthen-the-local-governance-and-service-delivery-systems',0,'others','2020-04-05 07:56:47','2020-04-05 07:56:47'),(485,'Capacity Development of Local Government','capacity-development-of-local-government',0,'others','2020-04-05 07:56:47','2020-04-05 07:56:47'),(486,'Revenue Generation at Local Level to Manage the Development Activities at Local Level','revenue-generation-at-local-level-to-manage-the-development-activities-at-local-level',0,'others','2020-04-05 07:56:47','2020-04-05 07:56:47'),(487,'Working as the Social and Economic  Researcher','working-as-the-social-and-economic-researcher',0,'others','2020-04-05 08:37:24','2020-04-05 08:37:24'),(488,'Social and Environment Safeguards','social-and-environment-safeguards',0,'others','2020-04-05 08:37:25','2020-04-05 08:37:25'),(489,'Public Policy Analysis, Decentralization, Democratic Governance','public-policy-analysis-decentralization-democratic-governance',0,'others','2020-04-05 21:16:03','2020-04-05 21:16:03'),(490,'Strategic/Longer-term Planning (Bottom up Participatory Development Planning)','strategiclonger-term-planning-bottom-up-participatory-development-planning-1',0,'others','2020-04-05 21:16:03','2020-04-05 21:16:03'),(491,'Gender Equality and Social Inclusion (GESI)','gender-equality-and-social-inclusion-gesi-1',0,'others','2020-04-05 21:16:03','2020-04-05 21:16:03'),(492,'Procurement and Logistics Management','procurement-and-logistics-management',0,'others','2020-04-06 08:34:04','2020-04-06 08:34:04'),(493,'Logistics Management','logistics-management',0,'others','2020-04-06 08:42:25','2020-04-06 08:42:25'),(494,'Negotiation skills','negotiation-skills',0,'others','2020-04-06 10:52:16','2020-04-06 10:52:16'),(495,'System Administration','system-administration',0,'others','2020-04-06 11:34:53','2020-04-06 11:34:53'),(496,'Sponsorship','sponsorship',0,'others','2020-04-06 11:45:46','2020-04-06 11:45:46'),(497,'Mapping','mapping',0,'others','2020-04-06 11:50:40','2020-04-06 11:50:40'),(498,'eCommerce','ecommerce',0,'others','2020-04-07 05:24:37','2020-04-07 05:24:37'),(499,'rurality','rurality',0,'others','2020-04-07 16:17:41','2020-04-07 16:17:41'),(500,'Digitalization','digitalization',0,'others','2020-04-08 04:06:00','2020-04-08 04:06:00'),(501,'Strategic Management','strategic-management',0,'others','2020-04-08 04:20:30','2020-04-08 04:20:30'),(502,'Sponsorship Management','sponsorship-management',0,'others','2020-04-08 21:44:31','2020-04-08 21:44:31'),(503,'Artisanal development','artisanal-development',0,'others','2020-04-08 22:31:03','2020-04-08 22:31:03'),(505,'Interior Design','interior-design',0,'others','2020-04-09 10:14:30','2020-04-09 10:14:30'),(506,'Tourism','tourism',0,'others','2020-04-09 11:45:28','2020-04-09 11:45:28'),(507,'Youth','youth',0,'others','2020-04-09 11:45:28','2020-04-09 11:45:28'),(508,'aviation security','aviation-security',0,'others','2020-04-09 12:36:46','2020-04-09 12:36:46'),(509,'data analysis','data-analysis',0,'others','2020-04-10 20:15:33','2020-04-10 20:15:33'),(510,'Women Empowerment and Development','women-empowerment-and-development',0,'others','2020-04-10 22:15:21','2020-04-10 22:15:21'),(511,'Humanitarian Sector','humanitarian-sector',0,'others','2020-04-12 10:08:46','2020-04-12 10:08:46'),(512,'All Sectors','all-sectors',0,'others','2020-04-12 10:17:03','2020-04-12 10:17:03'),(513,'Corporation','corporation',0,'others','2020-04-13 06:39:41','2020-04-13 06:39:41'),(514,'Ebola Response','ebola-response',0,'others','2020-04-13 17:13:40','2020-04-13 17:13:40'),(515,'Cluster Coordination','cluster-coordination',0,'others','2020-04-13 17:45:48','2020-04-13 17:45:48'),(516,'Migration emergency','migration-emergency',0,'others','2020-04-13 17:52:37','2020-04-13 17:52:37'),(517,'commercial broker, institutional building, partecipative training and action','commercial-broker-institutional-building-partecipative-training-and-action',0,'others','2020-04-14 06:45:42','2020-04-14 06:45:42'),(518,'Infraestructure','infraestructure',0,'others','2020-04-14 12:29:11','2020-04-14 12:29:11'),(519,'Emergency and respons','emergency-and-respons',0,'others','2020-04-15 02:46:47','2020-04-15 02:46:47'),(520,'Emergency and Response','emergency-and-response',0,'others','2020-04-15 02:49:27','2020-04-15 02:49:27'),(521,'Crisis Management','crisis-management',0,'others','2020-04-15 03:18:12','2020-04-15 03:18:12'),(522,'Sustainability','sustainability',0,'others','2020-04-15 03:20:41','2020-04-15 03:20:41'),(523,'Electronic Census','electronic-census',0,'others','2020-04-15 05:04:15','2020-04-15 05:04:15'),(524,'Financial Institution','financial-institution',0,'others','2020-04-15 13:06:23','2020-04-15 13:06:23'),(525,'Cadaster','cadaster',0,'others','2020-04-15 13:19:24','2020-04-15 13:19:24'),(526,'Forecast-based action','forecast-based-action',0,'others','2020-04-15 13:40:59','2020-04-15 13:40:59'),(527,'Anti-corruption work','anti-corruption-work',0,'others','2020-04-15 13:48:36','2020-04-15 13:48:36'),(528,'Fundraising','fundraising',0,'others','2020-04-15 13:55:22','2020-04-15 13:55:22'),(530,'another','another',0,'others','2020-07-23 02:51:41','2020-07-23 02:51:41'),(531,'test sector 2','test-sector-2',0,'immap','2022-05-24 07:18:39','2022-05-24 07:18:46'),(532,'the new added sector edited','the-new-added-sector-edited',1,'immap','2022-07-20 06:30:16','2022-07-20 06:30:34');
/*!40000 ALTER TABLE `sectors` ENABLE KEYS */;
UNLOCK TABLES;

--
-- Table structure for table `security_module_high_risk_cities`
--

DROP TABLE IF EXISTS `security_module_high_risk_cities`;
/*!40101 SET @saved_cs_client     = @@character_set_client */;
/*!40101 SET character_set_client = utf8 */;
CREATE TABLE `security_module_high_risk_cities` (
  `id` bigint(20) unsigned NOT NULL AUTO_INCREMENT,
  `city` varchar(255) COLLATE utf8_unicode_ci NOT NULL,
  `country_id` int(10) unsigned NOT NULL,
  `is_high_risk` tinyint(1) NOT NULL,
  `created_at` timestamp NULL DEFAULT NULL,
  `updated_at` timestamp NULL DEFAULT NULL,
  PRIMARY KEY (`id`),
  KEY `security_module_high_risk_cities_country_id_foreign` (`country_id`),
  CONSTRAINT `security_module_high_risk_cities_country_id_foreign` FOREIGN KEY (`country_id`) REFERENCES `countries` (`id`)
) ENGINE=InnoDB DEFAULT CHARSET=utf8 COLLATE=utf8_unicode_ci;
/*!40101 SET character_set_client = @saved_cs_client */;

--
-- Dumping data for table `security_module_high_risk_cities`
--

LOCK TABLES `security_module_high_risk_cities` WRITE;
/*!40000 ALTER TABLE `security_module_high_risk_cities` DISABLE KEYS */;
/*!40000 ALTER TABLE `security_module_high_risk_cities` ENABLE KEYS */;
UNLOCK TABLES;

--
-- Table structure for table `security_module_mrf_request_itineraries`
--

DROP TABLE IF EXISTS `security_module_mrf_request_itineraries`;
/*!40101 SET @saved_cs_client     = @@character_set_client */;
/*!40101 SET character_set_client = utf8 */;
CREATE TABLE `security_module_mrf_request_itineraries` (
  `id` bigint(20) unsigned NOT NULL AUTO_INCREMENT,
  `mrf_request_id` bigint(20) unsigned NOT NULL,
  `date_time` datetime DEFAULT NULL,
  `return_date_time` datetime DEFAULT NULL,
  `etd` time DEFAULT NULL,
  `from_city` text COLLATE utf8_unicode_ci NOT NULL,
  `to_city` text COLLATE utf8_unicode_ci NOT NULL,
  `travelling_by` varchar(255) COLLATE utf8_unicode_ci DEFAULT NULL,
  `flight_number` varchar(255) COLLATE utf8_unicode_ci DEFAULT NULL,
  `flight_number_outbound_trip` varchar(255) COLLATE utf8_unicode_ci DEFAULT NULL,
  `flight_number_return_trip` varchar(255) COLLATE utf8_unicode_ci DEFAULT NULL,
  `eta` time DEFAULT NULL,
  `order` smallint(5) unsigned NOT NULL DEFAULT 0,
  `need_government_paper` varchar(255) COLLATE utf8_unicode_ci NOT NULL DEFAULT 'no',
  `need_government_paper_now` tinyint(1) DEFAULT NULL,
  `government_paper_id` int(10) unsigned DEFAULT NULL,
  `overnight` tinyint(1) NOT NULL DEFAULT 0,
  `overnight_explanation` text COLLATE utf8_unicode_ci DEFAULT NULL,
  `outbound_trip_final_destination` tinyint(1) NOT NULL DEFAULT 0,
  `check_in` tinyint(1) NOT NULL DEFAULT 0,
  `check_in_outbound` tinyint(1) NOT NULL DEFAULT 0,
  `check_in_return` tinyint(1) NOT NULL DEFAULT 0,
  `created_at` timestamp NULL DEFAULT NULL,
  `updated_at` timestamp NULL DEFAULT NULL,
  `upload_air_ticket` varchar(255) COLLATE utf8_unicode_ci NOT NULL DEFAULT 'no',
  `upload_air_ticket_now` tinyint(1) DEFAULT NULL,
  `air_ticket_id` int(10) unsigned DEFAULT NULL,
  PRIMARY KEY (`id`),
  KEY `mrf_itineraries_paper_id` (`government_paper_id`),
  KEY `mrf` (`mrf_request_id`),
  KEY `mrf_air_ticket_id` (`air_ticket_id`),
  CONSTRAINT `mrf` FOREIGN KEY (`mrf_request_id`) REFERENCES `security_module_mrf_requests` (`id`) ON DELETE CASCADE,
  CONSTRAINT `mrf_air_ticket_id` FOREIGN KEY (`air_ticket_id`) REFERENCES `attachments` (`id`) ON DELETE SET NULL,
  CONSTRAINT `mrf_itineraries_paper_id` FOREIGN KEY (`government_paper_id`) REFERENCES `attachments` (`id`) ON DELETE SET NULL
) ENGINE=InnoDB AUTO_INCREMENT=2 DEFAULT CHARSET=utf8 COLLATE=utf8_unicode_ci;
/*!40101 SET character_set_client = @saved_cs_client */;

--
-- Dumping data for table `security_module_mrf_request_itineraries`
--

LOCK TABLES `security_module_mrf_request_itineraries` WRITE;
/*!40000 ALTER TABLE `security_module_mrf_request_itineraries` DISABLE KEYS */;
INSERT INTO `security_module_mrf_request_itineraries` VALUES (1,1,'2022-11-29 00:00:00',NULL,'18:41:00','Goma','Goma','Vehicle',NULL,NULL,NULL,'18:41:00',0,'no',0,NULL,0,NULL,0,0,0,0,'2022-11-29 14:41:50','2022-11-29 14:41:50','no',NULL,NULL);
/*!40000 ALTER TABLE `security_module_mrf_request_itineraries` ENABLE KEYS */;
UNLOCK TABLES;

--
-- Table structure for table `security_module_mrf_request_itineraries_revisions`
--

DROP TABLE IF EXISTS `security_module_mrf_request_itineraries_revisions`;
/*!40101 SET @saved_cs_client     = @@character_set_client */;
/*!40101 SET character_set_client = utf8 */;
CREATE TABLE `security_module_mrf_request_itineraries_revisions` (
  `id` bigint(20) unsigned NOT NULL AUTO_INCREMENT,
  `mrf_request_revision_id` bigint(20) unsigned NOT NULL,
  `date_time` datetime DEFAULT NULL,
  `return_date_time` datetime DEFAULT NULL,
  `etd` time DEFAULT NULL,
  `from_city` text COLLATE utf8_unicode_ci NOT NULL,
  `to_city` text COLLATE utf8_unicode_ci NOT NULL,
  `travelling_by` varchar(255) COLLATE utf8_unicode_ci DEFAULT NULL,
  `flight_number` varchar(255) COLLATE utf8_unicode_ci DEFAULT NULL,
  `flight_number_outbound_trip` varchar(255) COLLATE utf8_unicode_ci DEFAULT NULL,
  `flight_number_return_trip` varchar(255) COLLATE utf8_unicode_ci DEFAULT NULL,
  `eta` time DEFAULT NULL,
  `order` smallint(5) unsigned NOT NULL DEFAULT 0,
  `need_government_paper` varchar(255) COLLATE utf8_unicode_ci NOT NULL DEFAULT 'no',
  `need_government_paper_now` tinyint(1) DEFAULT NULL,
  `government_paper_id` int(10) unsigned DEFAULT NULL,
  `overnight` tinyint(1) NOT NULL DEFAULT 0,
  `overnight_explanation` text COLLATE utf8_unicode_ci DEFAULT NULL,
  `outbound_trip_final_destination` tinyint(1) NOT NULL DEFAULT 0,
  `check_in` tinyint(1) NOT NULL DEFAULT 0,
  `check_in_outbound` tinyint(1) NOT NULL DEFAULT 0,
  `check_in_return` tinyint(1) NOT NULL DEFAULT 0,
  `created_at` timestamp NULL DEFAULT NULL,
  `updated_at` timestamp NULL DEFAULT NULL,
  `upload_air_ticket` varchar(255) COLLATE utf8_unicode_ci NOT NULL DEFAULT 'no',
  `upload_air_ticket_now` tinyint(1) DEFAULT NULL,
  `air_ticket_id` int(10) unsigned DEFAULT NULL,
  PRIMARY KEY (`id`),
  KEY `mrf_itineraries_rev_paper_id` (`government_paper_id`),
  KEY `mrfrevid` (`mrf_request_revision_id`),
  KEY `rev_mrf_air_ticket_id` (`air_ticket_id`),
  CONSTRAINT `mrf_itineraries_rev_paper_id` FOREIGN KEY (`government_paper_id`) REFERENCES `attachments` (`id`) ON DELETE SET NULL,
  CONSTRAINT `mrfrevid` FOREIGN KEY (`mrf_request_revision_id`) REFERENCES `security_module_mrf_requests_revisions` (`id`) ON DELETE CASCADE,
  CONSTRAINT `rev_mrf_air_ticket_id` FOREIGN KEY (`air_ticket_id`) REFERENCES `attachments` (`id`) ON DELETE SET NULL
) ENGINE=InnoDB AUTO_INCREMENT=2 DEFAULT CHARSET=utf8 COLLATE=utf8_unicode_ci;
/*!40101 SET character_set_client = @saved_cs_client */;

--
-- Dumping data for table `security_module_mrf_request_itineraries_revisions`
--

LOCK TABLES `security_module_mrf_request_itineraries_revisions` WRITE;
/*!40000 ALTER TABLE `security_module_mrf_request_itineraries_revisions` DISABLE KEYS */;
INSERT INTO `security_module_mrf_request_itineraries_revisions` VALUES (1,1,'2022-11-29 00:00:00',NULL,'18:41:00','Goma','Goma','Vehicle',NULL,NULL,NULL,'18:41:00',0,'no',0,NULL,0,'',0,0,0,0,'2022-11-29 14:41:50','2022-11-29 14:41:50','no',NULL,NULL);
/*!40000 ALTER TABLE `security_module_mrf_request_itineraries_revisions` ENABLE KEYS */;
UNLOCK TABLES;

--
-- Table structure for table `security_module_mrf_request_travel_details`
--

DROP TABLE IF EXISTS `security_module_mrf_request_travel_details`;
/*!40101 SET @saved_cs_client     = @@character_set_client */;
/*!40101 SET character_set_client = utf8 */;
CREATE TABLE `security_module_mrf_request_travel_details` (
  `id` bigint(20) unsigned NOT NULL AUTO_INCREMENT,
  `mrf_request_id` bigint(20) unsigned NOT NULL,
  `vehicle_make` text COLLATE utf8_unicode_ci DEFAULT NULL,
  `vehicle_model` text COLLATE utf8_unicode_ci DEFAULT NULL,
  `vehicle_color` text COLLATE utf8_unicode_ci DEFAULT NULL,
  `vehicle_plate` text COLLATE utf8_unicode_ci DEFAULT NULL,
  `comm_gsm` text COLLATE utf8_unicode_ci DEFAULT NULL,
  `comm_sat_phone` text COLLATE utf8_unicode_ci DEFAULT NULL,
  `comm_vhf_radio` tinyint(1) NOT NULL DEFAULT 0,
  `comm_sat_tracker` tinyint(1) NOT NULL DEFAULT 0,
  `ppe` tinyint(1) NOT NULL DEFAULT 0,
  `medical_kit` tinyint(1) NOT NULL DEFAULT 0,
  `personnel_on_board` text COLLATE utf8_unicode_ci DEFAULT NULL,
  `company_name` varchar(255) COLLATE utf8_unicode_ci DEFAULT NULL,
  `company_email` varchar(255) COLLATE utf8_unicode_ci DEFAULT NULL,
  `company_phone_number` varchar(255) COLLATE utf8_unicode_ci DEFAULT NULL,
  `company_driver` varchar(255) COLLATE utf8_unicode_ci DEFAULT NULL,
  `order` smallint(5) unsigned NOT NULL DEFAULT 0,
  `created_at` timestamp NULL DEFAULT NULL,
  `updated_at` timestamp NULL DEFAULT NULL,
  `comm_vhf_radio_call_sign` varchar(255) COLLATE utf8_unicode_ci DEFAULT NULL,
  PRIMARY KEY (`id`),
  KEY `mrfid` (`mrf_request_id`),
  CONSTRAINT `mrfid` FOREIGN KEY (`mrf_request_id`) REFERENCES `security_module_mrf_requests` (`id`) ON DELETE CASCADE
) ENGINE=InnoDB AUTO_INCREMENT=2 DEFAULT CHARSET=utf8 COLLATE=utf8_unicode_ci;
/*!40101 SET character_set_client = @saved_cs_client */;

--
-- Dumping data for table `security_module_mrf_request_travel_details`
--

LOCK TABLES `security_module_mrf_request_travel_details` WRITE;
/*!40000 ALTER TABLE `security_module_mrf_request_travel_details` DISABLE KEYS */;
INSERT INTO `security_module_mrf_request_travel_details` VALUES (1,1,NULL,NULL,NULL,NULL,NULL,NULL,0,0,0,0,NULL,'Harvela','contact@mapassacar.rw','+250791434194',NULL,0,'2022-11-29 14:41:50','2022-11-29 14:41:50',NULL);
/*!40000 ALTER TABLE `security_module_mrf_request_travel_details` ENABLE KEYS */;
UNLOCK TABLES;

--
-- Table structure for table `security_module_mrf_request_travel_details_revisions`
--

DROP TABLE IF EXISTS `security_module_mrf_request_travel_details_revisions`;
/*!40101 SET @saved_cs_client     = @@character_set_client */;
/*!40101 SET character_set_client = utf8 */;
CREATE TABLE `security_module_mrf_request_travel_details_revisions` (
  `id` bigint(20) unsigned NOT NULL AUTO_INCREMENT,
  `mrf_request_revision_id` bigint(20) unsigned NOT NULL,
  `vehicle_make` text COLLATE utf8_unicode_ci DEFAULT NULL,
  `vehicle_model` text COLLATE utf8_unicode_ci DEFAULT NULL,
  `vehicle_color` text COLLATE utf8_unicode_ci DEFAULT NULL,
  `vehicle_plate` text COLLATE utf8_unicode_ci DEFAULT NULL,
  `comm_gsm` text COLLATE utf8_unicode_ci DEFAULT NULL,
  `comm_sat_phone` text COLLATE utf8_unicode_ci DEFAULT NULL,
  `comm_vhf_radio` tinyint(1) NOT NULL DEFAULT 0,
  `comm_sat_tracker` tinyint(1) NOT NULL DEFAULT 0,
  `ppe` tinyint(1) NOT NULL DEFAULT 0,
  `medical_kit` tinyint(1) NOT NULL DEFAULT 0,
  `personnel_on_board` text COLLATE utf8_unicode_ci DEFAULT NULL,
  `company_name` varchar(255) COLLATE utf8_unicode_ci DEFAULT NULL,
  `company_email` varchar(255) COLLATE utf8_unicode_ci DEFAULT NULL,
  `company_phone_number` varchar(255) COLLATE utf8_unicode_ci DEFAULT NULL,
  `company_driver` varchar(255) COLLATE utf8_unicode_ci DEFAULT NULL,
  `order` smallint(5) unsigned NOT NULL DEFAULT 0,
  `created_at` timestamp NULL DEFAULT NULL,
  `updated_at` timestamp NULL DEFAULT NULL,
  PRIMARY KEY (`id`),
  KEY `mrfrev` (`mrf_request_revision_id`),
  CONSTRAINT `mrfrev` FOREIGN KEY (`mrf_request_revision_id`) REFERENCES `security_module_mrf_requests_revisions` (`id`) ON DELETE CASCADE
) ENGINE=InnoDB AUTO_INCREMENT=2 DEFAULT CHARSET=utf8 COLLATE=utf8_unicode_ci;
/*!40101 SET character_set_client = @saved_cs_client */;

--
-- Dumping data for table `security_module_mrf_request_travel_details_revisions`
--

LOCK TABLES `security_module_mrf_request_travel_details_revisions` WRITE;
/*!40000 ALTER TABLE `security_module_mrf_request_travel_details_revisions` DISABLE KEYS */;
INSERT INTO `security_module_mrf_request_travel_details_revisions` VALUES (1,1,NULL,NULL,NULL,NULL,NULL,'',0,0,0,0,NULL,'Harvela','contact@mapassacar.rw','+250791434194',NULL,0,'2022-11-29 14:41:50','2022-11-29 14:41:50');
/*!40000 ALTER TABLE `security_module_mrf_request_travel_details_revisions` ENABLE KEYS */;
UNLOCK TABLES;

--
-- Table structure for table `security_module_mrf_requests`
--

DROP TABLE IF EXISTS `security_module_mrf_requests`;
/*!40101 SET @saved_cs_client     = @@character_set_client */;
/*!40101 SET character_set_client = utf8 */;
CREATE TABLE `security_module_mrf_requests` (
  `id` bigint(20) unsigned NOT NULL AUTO_INCREMENT,
  `name` text COLLATE utf8_unicode_ci DEFAULT NULL,
  `country_id` int(10) unsigned DEFAULT NULL,
  `country_name` varchar(255) COLLATE utf8_unicode_ci DEFAULT NULL,
  `purpose` text COLLATE utf8_unicode_ci NOT NULL,
  `criticality_of_the_movement` varchar(255) COLLATE utf8_unicode_ci DEFAULT NULL,
  `status` varchar(255) COLLATE utf8_unicode_ci NOT NULL DEFAULT 'saved',
  `view_status` varchar(255) COLLATE utf8_unicode_ci NOT NULL DEFAULT 'unhide',
  `edit_on_approval` tinyint(1) NOT NULL DEFAULT 0,
  `risk_level` varchar(255) COLLATE utf8_unicode_ci DEFAULT NULL,
  `user_id` int(10) unsigned NOT NULL,
  `submitted_date` timestamp NULL DEFAULT NULL,
  `disapproved_reasons` text COLLATE utf8_unicode_ci DEFAULT NULL,
  `revision_needed` text COLLATE utf8_unicode_ci DEFAULT NULL,
  `approved_comments` text COLLATE utf8_unicode_ci DEFAULT NULL,
  `security_assessment` text COLLATE utf8_unicode_ci DEFAULT NULL,
  `security_measure` varchar(255) COLLATE utf8_unicode_ci DEFAULT NULL,
  `movement_state` varchar(255) COLLATE utf8_unicode_ci DEFAULT NULL,
  `travel_type` varchar(255) COLLATE utf8_unicode_ci DEFAULT NULL,
  `transportation_type` varchar(255) COLLATE utf8_unicode_ci NOT NULL,
  `security_measure_email` tinyint(1) NOT NULL DEFAULT 0,
  `security_measure_smart24` tinyint(1) NOT NULL DEFAULT 0,
  `security_measure_immap_careers` tinyint(1) NOT NULL DEFAULT 0,
  `created_at` timestamp NULL DEFAULT NULL,
  `updated_at` timestamp NULL DEFAULT NULL,
  `vehicle_filled_by_yourself` varchar(255) COLLATE utf8_unicode_ci NOT NULL DEFAULT 'yes' COMMENT 'Add possibility to fill vehicle details by yourself [yes/no] (only for certain country that the security officer will filled their data, ex: syria)',
  `is_archived` tinyint(1) NOT NULL DEFAULT 0,
  PRIMARY KEY (`id`),
  KEY `security_module_mrf_requests_country_id_foreign` (`country_id`),
  KEY `security_module_mrf_requests_user_id_foreign` (`user_id`),
  CONSTRAINT `security_module_mrf_requests_country_id_foreign` FOREIGN KEY (`country_id`) REFERENCES `countries` (`id`) ON DELETE SET NULL,
  CONSTRAINT `security_module_mrf_requests_user_id_foreign` FOREIGN KEY (`user_id`) REFERENCES `users` (`id`) ON DELETE CASCADE
) ENGINE=InnoDB AUTO_INCREMENT=2 DEFAULT CHARSET=utf8 COLLATE=utf8_unicode_ci;
/*!40101 SET character_set_client = @saved_cs_client */;

--
-- Dumping data for table `security_module_mrf_requests`
--

LOCK TABLES `security_module_mrf_requests` WRITE;
/*!40000 ALTER TABLE `security_module_mrf_requests` DISABLE KEYS */;
INSERT INTO `security_module_mrf_requests` VALUES (1,'DOM-Wirjno-291122',6,'Algeria','ebfjhwbfjhwbefjhwbfw','routine','submitted','unhide',0,'High',3,'2022-11-29 14:41:50',NULL,NULL,NULL,NULL,'use-of-hire-car',NULL,'one-way-trip','ground-travel',0,0,0,'2022-11-29 14:41:50','2022-11-29 14:41:50','yes',0);
/*!40000 ALTER TABLE `security_module_mrf_requests` ENABLE KEYS */;
UNLOCK TABLES;

--
-- Table structure for table `security_module_mrf_requests_revisions`
--

DROP TABLE IF EXISTS `security_module_mrf_requests_revisions`;
/*!40101 SET @saved_cs_client     = @@character_set_client */;
/*!40101 SET character_set_client = utf8 */;
CREATE TABLE `security_module_mrf_requests_revisions` (
  `id` bigint(20) unsigned NOT NULL AUTO_INCREMENT,
  `name` text COLLATE utf8_unicode_ci DEFAULT NULL,
  `country_id` int(10) unsigned DEFAULT NULL,
  `country_name` varchar(255) COLLATE utf8_unicode_ci DEFAULT NULL,
  `purpose` text COLLATE utf8_unicode_ci NOT NULL,
  `criticality_of_the_movement` varchar(255) COLLATE utf8_unicode_ci DEFAULT NULL,
  `status` varchar(255) COLLATE utf8_unicode_ci NOT NULL DEFAULT 'saved',
  `view_status` varchar(255) COLLATE utf8_unicode_ci NOT NULL DEFAULT 'unhide',
  `edit_on_approval` tinyint(1) NOT NULL DEFAULT 0,
  `risk_level` varchar(255) COLLATE utf8_unicode_ci DEFAULT NULL,
  `user_id` int(10) unsigned NOT NULL,
  `submitted_date` timestamp NULL DEFAULT NULL,
  `disapproved_reasons` text COLLATE utf8_unicode_ci DEFAULT NULL,
  `revision_needed` text COLLATE utf8_unicode_ci DEFAULT NULL,
  `approved_comments` text COLLATE utf8_unicode_ci DEFAULT NULL,
  `security_assessment` text COLLATE utf8_unicode_ci DEFAULT NULL,
  `security_measure` varchar(255) COLLATE utf8_unicode_ci DEFAULT NULL,
  `movement_state` varchar(255) COLLATE utf8_unicode_ci DEFAULT NULL,
  `travel_type` varchar(255) COLLATE utf8_unicode_ci DEFAULT NULL,
  `transportation_type` varchar(255) COLLATE utf8_unicode_ci NOT NULL,
  `security_measure_email` tinyint(1) NOT NULL DEFAULT 0,
  `security_measure_smart24` tinyint(1) NOT NULL DEFAULT 0,
  `security_measure_immap_careers` tinyint(1) NOT NULL DEFAULT 0,
  `mrf_request_id` bigint(20) unsigned NOT NULL,
  `user_who_edit` int(10) unsigned DEFAULT NULL,
  `created_at` timestamp NULL DEFAULT NULL,
  `updated_at` timestamp NULL DEFAULT NULL,
  `vehicle_filled_by_yourself` varchar(255) COLLATE utf8_unicode_ci NOT NULL DEFAULT 'yes' COMMENT 'Add possibility to fill vehicle details by yourself [yes/no] (only for certain country that the security officer will filled their data, ex: syria)',
  PRIMARY KEY (`id`),
  KEY `mrfforrev` (`mrf_request_id`),
  KEY `security_module_mrf_requests_revisions_country_id_foreign` (`country_id`),
  KEY `security_module_mrf_requests_revisions_user_id_foreign` (`user_id`),
  KEY `security_module_mrf_requests_revisions_user_who_edit_foreign` (`user_who_edit`),
  CONSTRAINT `mrfforrev` FOREIGN KEY (`mrf_request_id`) REFERENCES `security_module_mrf_requests` (`id`) ON DELETE CASCADE,
  CONSTRAINT `security_module_mrf_requests_revisions_country_id_foreign` FOREIGN KEY (`country_id`) REFERENCES `countries` (`id`) ON DELETE SET NULL,
  CONSTRAINT `security_module_mrf_requests_revisions_user_id_foreign` FOREIGN KEY (`user_id`) REFERENCES `users` (`id`) ON DELETE CASCADE,
  CONSTRAINT `security_module_mrf_requests_revisions_user_who_edit_foreign` FOREIGN KEY (`user_who_edit`) REFERENCES `users` (`id`) ON DELETE SET NULL
) ENGINE=InnoDB AUTO_INCREMENT=2 DEFAULT CHARSET=utf8 COLLATE=utf8_unicode_ci;
/*!40101 SET character_set_client = @saved_cs_client */;

--
-- Dumping data for table `security_module_mrf_requests_revisions`
--

LOCK TABLES `security_module_mrf_requests_revisions` WRITE;
/*!40000 ALTER TABLE `security_module_mrf_requests_revisions` DISABLE KEYS */;
INSERT INTO `security_module_mrf_requests_revisions` VALUES (1,'DOM-Wirjno-291122',6,'Algeria','ebfjhwbfjhwbefjhwbfw','routine','submitted','unhide',0,'High',3,'2022-11-29 14:41:50',NULL,NULL,NULL,NULL,'use-of-hire-car',NULL,'one-way-trip','ground-travel',0,0,0,1,3,'2022-11-29 14:41:50','2022-11-29 14:41:50','yes');
/*!40000 ALTER TABLE `security_module_mrf_requests_revisions` ENABLE KEYS */;
UNLOCK TABLES;

--
-- Table structure for table `security_module_notify_settings`
--

DROP TABLE IF EXISTS `security_module_notify_settings`;
/*!40101 SET @saved_cs_client     = @@character_set_client */;
/*!40101 SET character_set_client = utf8 */;
CREATE TABLE `security_module_notify_settings` (
  `id` bigint(20) unsigned NOT NULL AUTO_INCREMENT,
  `country_id` int(10) unsigned NOT NULL,
  `email` varchar(255) COLLATE utf8_unicode_ci NOT NULL,
  `created_at` timestamp NULL DEFAULT NULL,
  `updated_at` timestamp NULL DEFAULT NULL,
  PRIMARY KEY (`id`),
  KEY `security_module_notify_settings_country_id_foreign` (`country_id`),
  CONSTRAINT `security_module_notify_settings_country_id_foreign` FOREIGN KEY (`country_id`) REFERENCES `countries` (`id`) ON DELETE CASCADE
) ENGINE=InnoDB DEFAULT CHARSET=utf8 COLLATE=utf8_unicode_ci;
/*!40101 SET character_set_client = @saved_cs_client */;

--
-- Dumping data for table `security_module_notify_settings`
--

LOCK TABLES `security_module_notify_settings` WRITE;
/*!40000 ALTER TABLE `security_module_notify_settings` DISABLE KEYS */;
/*!40000 ALTER TABLE `security_module_notify_settings` ENABLE KEYS */;
UNLOCK TABLES;

--
-- Table structure for table `security_module_officer_countries`
--

DROP TABLE IF EXISTS `security_module_officer_countries`;
/*!40101 SET @saved_cs_client     = @@character_set_client */;
/*!40101 SET character_set_client = utf8 */;
CREATE TABLE `security_module_officer_countries` (
  `user_id` int(10) unsigned NOT NULL,
  `country_id` int(10) unsigned NOT NULL,
  KEY `security_module_officer_countries_user_id_foreign` (`user_id`),
  KEY `security_module_officer_countries_country_id_foreign` (`country_id`),
  CONSTRAINT `security_module_officer_countries_country_id_foreign` FOREIGN KEY (`country_id`) REFERENCES `countries` (`id`) ON DELETE CASCADE,
  CONSTRAINT `security_module_officer_countries_user_id_foreign` FOREIGN KEY (`user_id`) REFERENCES `users` (`id`) ON DELETE CASCADE
) ENGINE=InnoDB DEFAULT CHARSET=utf8 COLLATE=utf8_unicode_ci;
/*!40101 SET character_set_client = @saved_cs_client */;

--
-- Dumping data for table `security_module_officer_countries`
--

LOCK TABLES `security_module_officer_countries` WRITE;
/*!40000 ALTER TABLE `security_module_officer_countries` DISABLE KEYS */;
/*!40000 ALTER TABLE `security_module_officer_countries` ENABLE KEYS */;
UNLOCK TABLES;

--
-- Table structure for table `security_module_tar_request`
--

DROP TABLE IF EXISTS `security_module_tar_request`;
/*!40101 SET @saved_cs_client     = @@character_set_client */;
/*!40101 SET character_set_client = utf8 */;
CREATE TABLE `security_module_tar_request` (
  `id` bigint(20) unsigned NOT NULL AUTO_INCREMENT,
  `name` text COLLATE utf8_unicode_ci DEFAULT NULL,
  `travel_purpose` varchar(255) COLLATE utf8_unicode_ci NOT NULL,
  `remarks` text COLLATE utf8_unicode_ci DEFAULT NULL,
  `status` varchar(255) COLLATE utf8_unicode_ci NOT NULL DEFAULT 'saved',
  `view_status` varchar(255) COLLATE utf8_unicode_ci NOT NULL DEFAULT 'unhide',
  `edit_on_approval` tinyint(1) NOT NULL DEFAULT 0,
  `risk_level` varchar(255) COLLATE utf8_unicode_ci DEFAULT NULL,
  `user_id` int(10) unsigned NOT NULL,
  `submitted_date` timestamp NULL DEFAULT NULL,
  `disapproved_reasons` text COLLATE utf8_unicode_ci DEFAULT NULL,
  `revision_needed` text COLLATE utf8_unicode_ci DEFAULT NULL,
  `approved_comments` text COLLATE utf8_unicode_ci DEFAULT NULL,
  `travel_type` varchar(255) COLLATE utf8_unicode_ci DEFAULT NULL,
  `is_high_risk` tinyint(1) NOT NULL DEFAULT 0,
  `heat_certificate` tinyint(1) NOT NULL DEFAULT 0,
  `security_measure_email` tinyint(1) NOT NULL DEFAULT 0,
  `security_measure_smart24` tinyint(1) NOT NULL DEFAULT 0,
  `security_measure_immap_careers` tinyint(1) NOT NULL DEFAULT 0,
  `created_at` timestamp NULL DEFAULT NULL,
  `updated_at` timestamp NULL DEFAULT NULL,
  `is_archived` tinyint(1) NOT NULL DEFAULT 0,
  PRIMARY KEY (`id`),
  KEY `security_module_tar_request_user_id_foreign` (`user_id`),
  CONSTRAINT `security_module_tar_request_user_id_foreign` FOREIGN KEY (`user_id`) REFERENCES `users` (`id`) ON DELETE CASCADE
) ENGINE=InnoDB DEFAULT CHARSET=utf8 COLLATE=utf8_unicode_ci;
/*!40101 SET character_set_client = @saved_cs_client */;

--
-- Dumping data for table `security_module_tar_request`
--

LOCK TABLES `security_module_tar_request` WRITE;
/*!40000 ALTER TABLE `security_module_tar_request` DISABLE KEYS */;
/*!40000 ALTER TABLE `security_module_tar_request` ENABLE KEYS */;
UNLOCK TABLES;

--
-- Table structure for table `security_module_tar_request_itineraries`
--

DROP TABLE IF EXISTS `security_module_tar_request_itineraries`;
/*!40101 SET @saved_cs_client     = @@character_set_client */;
/*!40101 SET character_set_client = utf8 */;
CREATE TABLE `security_module_tar_request_itineraries` (
  `id` bigint(20) unsigned NOT NULL AUTO_INCREMENT,
  `tar_request_id` bigint(20) unsigned NOT NULL,
  `date_travel` datetime DEFAULT NULL,
  `return_date_travel` datetime DEFAULT NULL,
  `from_country_id` int(10) unsigned DEFAULT NULL,
  `from_country_name` varchar(255) COLLATE utf8_unicode_ci DEFAULT NULL,
  `from_city` varchar(255) COLLATE utf8_unicode_ci NOT NULL,
  `to_country_id` int(10) unsigned DEFAULT NULL,
  `to_country_name` varchar(255) COLLATE utf8_unicode_ci DEFAULT NULL,
  `to_city` varchar(255) COLLATE utf8_unicode_ci NOT NULL,
  `flight_number` varchar(255) COLLATE utf8_unicode_ci DEFAULT NULL,
  `flight_number_outbound_trip` varchar(255) COLLATE utf8_unicode_ci DEFAULT NULL,
  `flight_number_return_trip` varchar(255) COLLATE utf8_unicode_ci DEFAULT NULL,
  `order` smallint(5) unsigned NOT NULL DEFAULT 0,
  `overnight` tinyint(1) NOT NULL DEFAULT 0,
  `overnight_explanation` text COLLATE utf8_unicode_ci DEFAULT NULL,
  `is_high_risk` tinyint(1) NOT NULL DEFAULT 0,
  `outbound_trip_final_destination` tinyint(1) NOT NULL DEFAULT 0,
  `check_in` tinyint(1) NOT NULL DEFAULT 0,
  `check_in_outbound` tinyint(1) NOT NULL DEFAULT 0,
  `check_in_return` tinyint(1) NOT NULL DEFAULT 0,
  `created_at` timestamp NULL DEFAULT NULL,
  `updated_at` timestamp NULL DEFAULT NULL,
  `need_government_paper` varchar(255) COLLATE utf8_unicode_ci NOT NULL DEFAULT 'no',
  `need_government_paper_now` tinyint(1) DEFAULT NULL,
  `government_paper_id` int(10) unsigned DEFAULT NULL,
  PRIMARY KEY (`id`),
  KEY `security_module_tar_request_itineraries_from_country_id_foreign` (`from_country_id`),
  KEY `security_module_tar_request_itineraries_to_country_id_foreign` (`to_country_id`),
  KEY `tar` (`tar_request_id`),
  KEY `tar_itineraries_paper_id` (`government_paper_id`),
  CONSTRAINT `security_module_tar_request_itineraries_from_country_id_foreign` FOREIGN KEY (`from_country_id`) REFERENCES `countries` (`id`) ON DELETE SET NULL,
  CONSTRAINT `security_module_tar_request_itineraries_to_country_id_foreign` FOREIGN KEY (`to_country_id`) REFERENCES `countries` (`id`) ON DELETE SET NULL,
  CONSTRAINT `tar` FOREIGN KEY (`tar_request_id`) REFERENCES `security_module_tar_request` (`id`) ON DELETE CASCADE,
  CONSTRAINT `tar_itineraries_paper_id` FOREIGN KEY (`government_paper_id`) REFERENCES `attachments` (`id`) ON DELETE SET NULL
) ENGINE=InnoDB DEFAULT CHARSET=utf8 COLLATE=utf8_unicode_ci;
/*!40101 SET character_set_client = @saved_cs_client */;

--
-- Dumping data for table `security_module_tar_request_itineraries`
--

LOCK TABLES `security_module_tar_request_itineraries` WRITE;
/*!40000 ALTER TABLE `security_module_tar_request_itineraries` DISABLE KEYS */;
/*!40000 ALTER TABLE `security_module_tar_request_itineraries` ENABLE KEYS */;
UNLOCK TABLES;

--
-- Table structure for table `security_module_tar_request_itineraries_revision`
--

DROP TABLE IF EXISTS `security_module_tar_request_itineraries_revision`;
/*!40101 SET @saved_cs_client     = @@character_set_client */;
/*!40101 SET character_set_client = utf8 */;
CREATE TABLE `security_module_tar_request_itineraries_revision` (
  `id` bigint(20) unsigned NOT NULL AUTO_INCREMENT,
  `tar_request_revision_id` bigint(20) unsigned NOT NULL,
  `date_travel` datetime DEFAULT NULL,
  `return_date_travel` datetime DEFAULT NULL,
  `from_country_id` int(10) unsigned DEFAULT NULL,
  `from_country_name` varchar(255) COLLATE utf8_unicode_ci DEFAULT NULL,
  `from_city` text COLLATE utf8_unicode_ci NOT NULL,
  `to_country_id` int(10) unsigned DEFAULT NULL,
  `to_country_name` varchar(255) COLLATE utf8_unicode_ci DEFAULT NULL,
  `to_city` text COLLATE utf8_unicode_ci NOT NULL,
  `flight_number` varchar(255) COLLATE utf8_unicode_ci DEFAULT NULL,
  `flight_number_outbound_trip` varchar(255) COLLATE utf8_unicode_ci DEFAULT NULL,
  `flight_number_return_trip` varchar(255) COLLATE utf8_unicode_ci DEFAULT NULL,
  `order` smallint(5) unsigned NOT NULL DEFAULT 0,
  `overnight` tinyint(1) NOT NULL DEFAULT 0,
  `overnight_explanation` text COLLATE utf8_unicode_ci DEFAULT NULL,
  `is_high_risk` tinyint(1) NOT NULL DEFAULT 0,
  `outbound_trip_final_destination` tinyint(1) NOT NULL DEFAULT 0,
  `check_in` tinyint(1) NOT NULL DEFAULT 0,
  `check_in_outbound` tinyint(1) NOT NULL DEFAULT 0,
  `check_in_return` tinyint(1) NOT NULL DEFAULT 0,
  `created_at` timestamp NULL DEFAULT NULL,
  `updated_at` timestamp NULL DEFAULT NULL,
  `need_government_paper` varchar(255) COLLATE utf8_unicode_ci NOT NULL DEFAULT 'no',
  `need_government_paper_now` tinyint(1) DEFAULT NULL,
  `government_paper_id` int(10) unsigned DEFAULT NULL,
  PRIMARY KEY (`id`),
  KEY `tar_revision_id` (`tar_request_revision_id`),
  KEY `itineraries_revision_from_country_id` (`from_country_id`),
  KEY `itineraries_revision_to_country_id` (`to_country_id`),
  KEY `tar_itineraries_version_paper_id` (`government_paper_id`),
  CONSTRAINT `itineraries_revision_from_country_id` FOREIGN KEY (`from_country_id`) REFERENCES `countries` (`id`) ON DELETE SET NULL,
  CONSTRAINT `itineraries_revision_to_country_id` FOREIGN KEY (`to_country_id`) REFERENCES `countries` (`id`) ON DELETE SET NULL,
  CONSTRAINT `tar_itineraries_version_paper_id` FOREIGN KEY (`government_paper_id`) REFERENCES `attachments` (`id`) ON DELETE SET NULL,
  CONSTRAINT `tar_revision_id` FOREIGN KEY (`tar_request_revision_id`) REFERENCES `security_module_tar_request_revision` (`id`) ON DELETE CASCADE
) ENGINE=InnoDB DEFAULT CHARSET=utf8 COLLATE=utf8_unicode_ci;
/*!40101 SET character_set_client = @saved_cs_client */;

--
-- Dumping data for table `security_module_tar_request_itineraries_revision`
--

LOCK TABLES `security_module_tar_request_itineraries_revision` WRITE;
/*!40000 ALTER TABLE `security_module_tar_request_itineraries_revision` DISABLE KEYS */;
/*!40000 ALTER TABLE `security_module_tar_request_itineraries_revision` ENABLE KEYS */;
UNLOCK TABLES;

--
-- Table structure for table `security_module_tar_request_revision`
--

DROP TABLE IF EXISTS `security_module_tar_request_revision`;
/*!40101 SET @saved_cs_client     = @@character_set_client */;
/*!40101 SET character_set_client = utf8 */;
CREATE TABLE `security_module_tar_request_revision` (
  `id` bigint(20) unsigned NOT NULL AUTO_INCREMENT,
  `name` text COLLATE utf8_unicode_ci DEFAULT NULL,
  `travel_purpose` varchar(255) COLLATE utf8_unicode_ci NOT NULL,
  `remarks` text COLLATE utf8_unicode_ci DEFAULT NULL,
  `status` varchar(255) COLLATE utf8_unicode_ci NOT NULL DEFAULT 'saved',
  `view_status` varchar(255) COLLATE utf8_unicode_ci NOT NULL DEFAULT 'unhide',
  `edit_on_approval` tinyint(1) NOT NULL DEFAULT 0,
  `risk_level` varchar(255) COLLATE utf8_unicode_ci DEFAULT NULL,
  `user_id` int(10) unsigned NOT NULL,
  `submitted_date` timestamp NULL DEFAULT NULL,
  `tar_request_id` bigint(20) unsigned NOT NULL,
  `user_who_edit` int(10) unsigned DEFAULT NULL,
  `disapproved_reasons` text COLLATE utf8_unicode_ci DEFAULT NULL,
  `revision_needed` text COLLATE utf8_unicode_ci DEFAULT NULL,
  `approved_comments` text COLLATE utf8_unicode_ci DEFAULT NULL,
  `travel_type` varchar(255) COLLATE utf8_unicode_ci DEFAULT NULL,
  `is_high_risk` tinyint(1) NOT NULL DEFAULT 0,
  `heat_certificate` tinyint(1) NOT NULL DEFAULT 0,
  `security_measure_email` tinyint(1) NOT NULL DEFAULT 0,
  `security_measure_smart24` tinyint(1) NOT NULL DEFAULT 0,
  `security_measure_immap_careers` tinyint(1) NOT NULL DEFAULT 0,
  `created_at` timestamp NULL DEFAULT NULL,
  `updated_at` timestamp NULL DEFAULT NULL,
  PRIMARY KEY (`id`),
  KEY `tarforrevision` (`tar_request_id`),
  KEY `security_module_tar_request_revision_user_id_foreign` (`user_id`),
  KEY `security_module_tar_request_revision_user_who_edit_foreign` (`user_who_edit`),
  CONSTRAINT `security_module_tar_request_revision_user_id_foreign` FOREIGN KEY (`user_id`) REFERENCES `users` (`id`) ON DELETE CASCADE,
  CONSTRAINT `security_module_tar_request_revision_user_who_edit_foreign` FOREIGN KEY (`user_who_edit`) REFERENCES `users` (`id`) ON DELETE SET NULL,
  CONSTRAINT `tarforrevision` FOREIGN KEY (`tar_request_id`) REFERENCES `security_module_tar_request` (`id`) ON DELETE CASCADE
) ENGINE=InnoDB DEFAULT CHARSET=utf8 COLLATE=utf8_unicode_ci;
/*!40101 SET character_set_client = @saved_cs_client */;

--
-- Dumping data for table `security_module_tar_request_revision`
--

LOCK TABLES `security_module_tar_request_revision` WRITE;
/*!40000 ALTER TABLE `security_module_tar_request_revision` DISABLE KEYS */;
/*!40000 ALTER TABLE `security_module_tar_request_revision` ENABLE KEYS */;
UNLOCK TABLES;

--
-- Table structure for table `send_email`
--

DROP TABLE IF EXISTS `send_email`;
/*!40101 SET @saved_cs_client     = @@character_set_client */;
/*!40101 SET character_set_client = utf8 */;
CREATE TABLE `send_email` (
  `id` bigint(20) unsigned NOT NULL AUTO_INCREMENT,
  `title` varchar(255) COLLATE utf8mb4_unicode_ci NOT NULL,
  `content` text COLLATE utf8mb4_unicode_ci NOT NULL,
  `status` varchar(10) COLLATE utf8mb4_unicode_ci DEFAULT NULL,
  `created_at` timestamp NULL DEFAULT NULL,
  `updated_at` timestamp NULL DEFAULT NULL,
  PRIMARY KEY (`id`)
) ENGINE=InnoDB AUTO_INCREMENT=6 DEFAULT CHARSET=utf8mb4 COLLATE=utf8mb4_unicode_ci;
/*!40101 SET character_set_client = @saved_cs_client */;

--
-- Dumping data for table `send_email`
--

LOCK TABLES `send_email` WRITE;
/*!40000 ALTER TABLE `send_email` DISABLE KEYS */;
INSERT INTO `send_email` VALUES (1,'Finalization of your 3iSolution Careers profile','<h1>Dear User,</h1><p><br></p><p>Your profile on 3iSolution Careers is still marked as incomplete.</p><p>Do not forget to complete your profile through the registration process to be able apply for our job vacancies or the iMMAP Roster.</p><p>Please provide your remaining details on the <strong>profile section</strong> of 3iSolution Careers:</p><p>[profile_btn]</p><p>We look forward to working with you soon.</p><p><br></p><p>Thank you and best regards,</p><p>3iSolution Careers</p>','Success','2020-04-07 20:42:16','2020-04-07 20:42:18'),(2,'Finalization of your 3iSolution Careers profile','<h1>Dear User,</h1><p><br></p><p>Your profile on 3iSolution Careers is still marked as incomplete.</p><p>Do not forget to complete your profile through the registration process to be able apply for our job vacancies or the iMMAP Roster.</p><p>Please provide your remaining details on the <strong>profile section</strong> of 3iSolution Careers:</p><p>[profile_btn]</p><p>We look forward to working with you soon.</p><p><br></p><p>Thank you and best regards,</p><p>3iSolution Careers</p>','Success','2020-04-09 01:58:48','2020-04-09 01:58:50'),(3,'Finalization of your 3iSolution Careers profile','<h1>Dear User,</h1><p><br></p><p>Your profile on 3iSolution Careers is still marked as incomplete.</p><p>Do not forget to complete your profile through the registration process to be able apply for our job vacancies or the iMMAP Roster.</p><p>Please provide your remaining details on the <strong>profile section</strong> of 3iSolution Careers:</p><p>[profile_btn]</p><p>We look forward to working with you soon.</p><p><br></p><p>Thank you and best regards,</p><p>3iSolution Careers</p>','Success','2020-04-09 02:01:37','2020-04-09 02:01:59'),(4,'Finalization of your 3iSolution Careers profile','<h1>Dear User,</h1><p><br></p><p>Your profile on 3iSolution Careers is still marked as incomplete.</p><p>Do not forget to complete your profile through the registration process to be able apply for our job vacancies or the iMMAP Roster.</p><p>Please provide your remaining details on the <strong>profile section</strong> of 3iSolution Careers:</p><p>[profile_btn]</p><p>We look forward to working with you soon.</p><p><br></p><p>Thank you and best regards,</p><p>3iSolution Careers</p>','Success','2020-04-09 02:08:03','2020-04-09 02:08:20'),(5,'Finalization of your 3iSolution Careers profile','<h1>Dear User,</h1><p><br></p><p>Your profile on 3iSolution Careers is still marked as incomplete.</p><p>Do not forget to complete your profile through the registration process to be able apply for our job vacancies or the iMMAP Roster.</p><p>Please provide your remaining details on the <strong>profile section</strong> of 3iSolution Careers:</p><p>[profile_btn]</p><p>We look forward to working with you soon.</p><p><br></p><p>Thank you and best regards,</p><p>3iSolution Careers</p>','Success','2020-04-09 02:10:56','2020-04-09 02:11:12');
/*!40000 ALTER TABLE `send_email` ENABLE KEYS */;
UNLOCK TABLES;

--
-- Table structure for table `send_email_bcc`
--

DROP TABLE IF EXISTS `send_email_bcc`;
/*!40101 SET @saved_cs_client     = @@character_set_client */;
/*!40101 SET character_set_client = utf8 */;
CREATE TABLE `send_email_bcc` (
  `id` bigint(20) unsigned NOT NULL AUTO_INCREMENT,
  `send_email_id` bigint(20) unsigned NOT NULL,
  `email` varchar(255) COLLATE utf8mb4_unicode_ci NOT NULL,
  `created_at` timestamp NULL DEFAULT NULL,
  `updated_at` timestamp NULL DEFAULT NULL,
  PRIMARY KEY (`id`),
  KEY `send_email_bcc_send_email_id_foreign` (`send_email_id`)
) ENGINE=InnoDB AUTO_INCREMENT=2 DEFAULT CHARSET=utf8mb4 COLLATE=utf8mb4_unicode_ci;
/*!40101 SET character_set_client = @saved_cs_client */;

--
-- Dumping data for table `send_email_bcc`
--

LOCK TABLES `send_email_bcc` WRITE;
/*!40000 ALTER TABLE `send_email_bcc` DISABLE KEYS */;
INSERT INTO `send_email_bcc` VALUES (1,1,'awirjono@immap.org','2020-04-07 20:42:16','2020-04-07 20:42:16');
/*!40000 ALTER TABLE `send_email_bcc` ENABLE KEYS */;
UNLOCK TABLES;

--
-- Table structure for table `send_email_cc`
--

DROP TABLE IF EXISTS `send_email_cc`;
/*!40101 SET @saved_cs_client     = @@character_set_client */;
/*!40101 SET character_set_client = utf8 */;
CREATE TABLE `send_email_cc` (
  `id` bigint(20) unsigned NOT NULL AUTO_INCREMENT,
  `send_email_id` bigint(20) unsigned NOT NULL,
  `email` varchar(255) COLLATE utf8mb4_unicode_ci NOT NULL,
  `created_at` timestamp NULL DEFAULT NULL,
  `updated_at` timestamp NULL DEFAULT NULL,
  PRIMARY KEY (`id`),
  KEY `send_email_cc_send_email_id_foreign` (`send_email_id`)
) ENGINE=InnoDB AUTO_INCREMENT=2 DEFAULT CHARSET=utf8mb4 COLLATE=utf8mb4_unicode_ci;
/*!40101 SET character_set_client = @saved_cs_client */;

--
-- Dumping data for table `send_email_cc`
--

LOCK TABLES `send_email_cc` WRITE;
/*!40000 ALTER TABLE `send_email_cc` DISABLE KEYS */;
INSERT INTO `send_email_cc` VALUES (1,2,'llesager@immap.org','2020-04-09 01:58:48','2020-04-09 01:58:48');
/*!40000 ALTER TABLE `send_email_cc` ENABLE KEYS */;
UNLOCK TABLES;

--
-- Table structure for table `send_email_to`
--

DROP TABLE IF EXISTS `send_email_to`;
/*!40101 SET @saved_cs_client     = @@character_set_client */;
/*!40101 SET character_set_client = utf8 */;
CREATE TABLE `send_email_to` (
  `id` bigint(20) unsigned NOT NULL AUTO_INCREMENT,
  `send_email_id` bigint(20) unsigned NOT NULL,
  `email` varchar(255) COLLATE utf8mb4_unicode_ci NOT NULL,
  `created_at` timestamp NULL DEFAULT NULL,
  `updated_at` timestamp NULL DEFAULT NULL,
  PRIMARY KEY (`id`),
  KEY `send_email_to_send_email_id_foreign` (`send_email_id`)
) ENGINE=InnoDB AUTO_INCREMENT=48 DEFAULT CHARSET=utf8mb4 COLLATE=utf8mb4_unicode_ci;
/*!40101 SET character_set_client = @saved_cs_client */;

--
-- Dumping data for table `send_email_to`
--

LOCK TABLES `send_email_to` WRITE;
/*!40000 ALTER TABLE `send_email_to` DISABLE KEYS */;
INSERT INTO `send_email_to` VALUES (1,1,'adityoashari@yahoo.com','2020-04-07 20:42:16','2020-04-07 20:42:16'),(2,2,'le.sagerlouis@yahoo.com','2020-04-09 01:58:48','2020-04-09 01:58:48'),(3,3,'ksadik@brandeis.edu','2020-04-09 02:01:37','2020-04-09 02:01:37'),(4,3,'najeeb737@hotmail.com','2020-04-09 02:01:37','2020-04-09 02:01:37'),(5,3,'valerieamaral08@gmail.com','2020-04-09 02:01:37','2020-04-09 02:01:37'),(6,3,'civileng_htt@yahoo.com','2020-04-09 02:01:37','2020-04-09 02:01:37'),(7,3,'tariq.mansi@gmail.com','2020-04-09 02:01:37','2020-04-09 02:01:37'),(8,3,'oscar.okombo@gmail.com','2020-04-09 02:01:37','2020-04-09 02:01:37'),(9,3,'Marwanataha.ahmed@gmail.com','2020-04-09 02:01:37','2020-04-09 02:01:37'),(10,3,'frjaparidze@gmail.com','2020-04-09 02:01:37','2020-04-09 02:01:37'),(11,3,'tjdeka001@gmail.com','2020-04-09 02:01:37','2020-04-09 02:01:37'),(12,3,'aymanalbourini@gmail.com','2020-04-09 02:01:37','2020-04-09 02:01:37'),(13,3,'jeromeoyetoro888@gmail.com','2020-04-09 02:01:37','2020-04-09 02:01:37'),(14,3,'hashem_alrifai@hotmail.co','2020-04-09 02:01:37','2020-04-09 02:01:37'),(15,3,'saleem.alghlailat@gmail.com','2020-04-09 02:01:37','2020-04-09 02:01:37'),(16,3,'abdullah.khawari786@gmail.com','2020-04-09 02:01:37','2020-04-09 02:01:37'),(17,3,'tauqeer_rehman@yahoo.com','2020-04-09 02:01:37','2020-04-09 02:01:37'),(18,4,'ryanejroberts@gmail.com','2020-04-09 02:08:03','2020-04-09 02:08:03'),(19,4,'mohsaddam77@gmail.com','2020-04-09 02:08:03','2020-04-09 02:08:03'),(20,4,'haneen_aburaed@hotmail.com','2020-04-09 02:08:03','2020-04-09 02:08:03'),(21,4,'Fam1pk@gmail.com','2020-04-09 02:08:03','2020-04-09 02:08:03'),(22,4,'danajuha@gmail.com','2020-04-09 02:08:03','2020-04-09 02:08:03'),(23,4,'doaa.k85@gmail.com','2020-04-09 02:08:03','2020-04-09 02:08:03'),(24,4,'mary.c.jones21@gmail.com','2020-04-09 02:08:03','2020-04-09 02:08:03'),(25,4,'ikyernum@gmail.com','2020-04-09 02:08:03','2020-04-09 02:08:03'),(26,4,'sajatmiko@gmail.com','2020-04-09 02:08:03','2020-04-09 02:08:03'),(27,4,'ozayozer@gmail.com','2020-04-09 02:08:03','2020-04-09 02:08:03'),(28,4,'just4vado@yahoo.fr','2020-04-09 02:08:03','2020-04-09 02:08:03'),(29,4,'Samyy083@gmail.com','2020-04-09 02:08:03','2020-04-09 02:08:03'),(30,4,'luca.girarch@gmail.com','2020-04-09 02:08:03','2020-04-09 02:08:03'),(31,4,'gmlambo@gmail.com','2020-04-09 02:08:03','2020-04-09 02:08:03'),(32,4,'Ibrahiman@outlook.com','2020-04-09 02:08:03','2020-04-09 02:08:03'),(33,5,'masawdah@gmail.com','2020-04-09 02:10:56','2020-04-09 02:10:56'),(34,5,'wanghiblady@gmail.com','2020-04-09 02:10:56','2020-04-09 02:10:56'),(35,5,'montagnard04@gmail.com','2020-04-09 02:10:56','2020-04-09 02:10:56'),(36,5,'porcho.marguerite@musodev.com','2020-04-09 02:10:56','2020-04-09 02:10:56'),(37,5,'yazzi.yy@gmail.com','2020-04-09 02:10:56','2020-04-09 02:10:56'),(38,5,'guymartialbai@gmail.com','2020-04-09 02:10:56','2020-04-09 02:10:56'),(39,5,'tarekfendri@hotmail.com','2020-04-09 02:10:56','2020-04-09 02:10:56'),(40,5,'griva.godefroy@aims-cameroon.org','2020-04-09 02:10:56','2020-04-09 02:10:56'),(41,5,'Samadouzampou7724@gmail.com','2020-04-09 02:10:56','2020-04-09 02:10:56'),(42,5,'inacio.kawala@gmail.com','2020-04-09 02:10:56','2020-04-09 02:10:56'),(43,5,'leenqudah.96@gmail.com','2020-04-09 02:10:56','2020-04-09 02:10:56'),(44,5,'jaleer32@gmail.com','2020-04-09 02:10:56','2020-04-09 02:10:56'),(45,5,'dr.lipelba@gmail.com','2020-04-09 02:10:56','2020-04-09 02:10:56'),(46,5,'mthokozisi.ngwenya@wfp.org','2020-04-09 02:10:56','2020-04-09 02:10:56'),(47,5,'farienyamz@gmail.com','2020-04-09 02:10:56','2020-04-09 02:10:56');
/*!40000 ALTER TABLE `send_email_to` ENABLE KEYS */;
UNLOCK TABLES;

--
-- Table structure for table `settings`
--

DROP TABLE IF EXISTS `settings`;
/*!40101 SET @saved_cs_client     = @@character_set_client */;
/*!40101 SET character_set_client = utf8 */;
CREATE TABLE `settings` (
  `id` int(10) unsigned NOT NULL AUTO_INCREMENT,
  `name` varchar(255) COLLATE utf8mb4_unicode_ci NOT NULL,
  `slug` varchar(255) COLLATE utf8mb4_unicode_ci NOT NULL,
  `value` text COLLATE utf8mb4_unicode_ci NOT NULL,
  `created_at` timestamp NULL DEFAULT NULL,
  `updated_at` timestamp NULL DEFAULT NULL,
  PRIMARY KEY (`id`),
  UNIQUE KEY `settings_slug_unique` (`slug`)
) ENGINE=InnoDB AUTO_INCREMENT=3 DEFAULT CHARSET=utf8mb4 COLLATE=utf8mb4_unicode_ci;
/*!40101 SET character_set_client = @saved_cs_client */;

--
-- Dumping data for table `settings`
--

LOCK TABLES `settings` WRITE;
/*!40000 ALTER TABLE `settings` DISABLE KEYS */;
INSERT INTO `settings` VALUES (1,'Organization','organization','iMMAP is an international non governmental organisation that provides information management services to humanitarian and development organizations. Through information management, we help our partners target assistance to the worlds most vulnerable populations. Our core philosophy is that better data leads to better decisions and that better decisions lead to better outcomes. iMMAPs critical support to information value chains helps to solve operational and strategic challenges of our partners in both emergency and development contexts by enabling evidence-based decision-making for better outcomes.','2019-06-02 19:04:44','2019-06-02 19:04:44'),(2,'Mailing Address','mailing-address','RRB / ITC, 1300 Pennsylvania Avenue NW, Suite 470, Washington, DC 20004 USA','2019-09-22 22:30:41','2019-09-22 22:30:50');
/*!40000 ALTER TABLE `settings` ENABLE KEYS */;
UNLOCK TABLES;

--
-- Table structure for table `skills`
--

DROP TABLE IF EXISTS `skills`;
/*!40101 SET @saved_cs_client     = @@character_set_client */;
/*!40101 SET character_set_client = utf8 */;
CREATE TABLE `skills` (
  `id` int(10) unsigned NOT NULL AUTO_INCREMENT,
  `skill` varchar(255) COLLATE utf8mb4_unicode_ci NOT NULL,
  `slug` varchar(255) COLLATE utf8mb4_unicode_ci NOT NULL,
  `skill_for_matching` tinyint(1) NOT NULL DEFAULT 0,
  `created_at` timestamp NULL DEFAULT NULL,
  `updated_at` timestamp NULL DEFAULT NULL,
  `addedBy` varchar(255) COLLATE utf8mb4_unicode_ci NOT NULL DEFAULT 'immap',
  `is_approved` tinyint(1) NOT NULL DEFAULT 1,
  `category` text COLLATE utf8mb4_unicode_ci DEFAULT NULL,
  PRIMARY KEY (`id`),
  UNIQUE KEY `skills_slug_unique` (`slug`)
) ENGINE=InnoDB AUTO_INCREMENT=1026 DEFAULT CHARSET=utf8mb4 COLLATE=utf8mb4_unicode_ci;
/*!40101 SET character_set_client = @saved_cs_client */;

--
-- Dumping data for table `skills`
--

LOCK TABLES `skills` WRITE;
/*!40000 ALTER TABLE `skills` DISABLE KEYS */;
INSERT INTO `skills` VALUES (2,'reactjs','reactjs',1,'2019-03-10 10:43:20','2022-08-16 04:57:11','immap',1,'technical'),(3,'webGIS','webgis',1,'2019-03-10 14:17:07','2022-09-15 03:29:08','immap',1,'soft'),(4,'angular','angular',1,'2019-03-10 14:18:00','2022-08-05 00:45:37','immap',1,NULL),(9,'management','management',0,'2019-03-31 15:28:00','2019-03-31 15:28:00','immap',1,NULL),(10,'python','python',0,'2019-04-07 16:58:45','2019-04-07 16:58:45','immap',1,NULL),(11,'R','r',0,'2019-04-07 16:58:45','2022-08-05 00:45:25','immap',1,NULL),(12,'C++','c',0,'2019-04-07 16:58:45','2019-04-07 16:58:45','immap',1,NULL),(13,'PHP','php',0,'2019-04-07 16:58:45','2019-04-07 16:58:45','immap',1,NULL),(14,'vuejs','vuejs',0,'2019-04-09 15:08:11','2019-04-09 15:08:11','immap',1,NULL),(15,'laravel','laravel',0,'2019-04-10 18:24:49','2019-04-10 18:24:49','immap',1,NULL),(16,'website development','website-development',0,'2019-04-10 18:27:49','2019-04-10 18:27:49','immap',1,NULL),(17,'software','software',0,'2019-04-10 19:17:25','2019-04-10 19:17:25','immap',1,NULL),(18,'software development','software-development',0,'2019-04-10 19:17:25','2019-04-10 19:17:25','immap',1,NULL),(19,'web development','web-development',0,'2019-04-11 13:53:14','2019-04-11 13:53:14','immap',1,NULL),(20,'Project Management','project-management',0,'2019-04-11 13:56:59','2022-08-05 00:45:27','immap',1,NULL),(21,'django','django',0,'2019-04-14 14:41:38','2019-04-14 14:41:38','immap',1,NULL),(22,'r language','r-language',0,'2019-04-14 14:44:21','2019-04-14 14:44:21','immap',1,NULL),(23,'Microsoft Office Suites','microsoft-office-suites',1,'2019-04-14 14:51:42','2019-10-01 20:59:46','immap',1,NULL),(24,'HR','hr',0,'2019-04-16 08:52:51','2019-04-16 08:52:51','immap',1,NULL),(25,'QGIS','qgis',1,'2019-04-23 06:51:36','2019-10-01 20:59:22','immap',1,NULL),(26,'Microsoft Word','microsoft-word',1,'2019-06-02 19:24:24','2019-10-01 20:59:02','immap',1,NULL),(27,'Microsoft Excel','microsoft-excel',1,'2019-06-02 19:24:24','2019-10-01 20:59:12','immap',1,NULL),(28,'wordpress','wordpress',0,'2019-06-02 19:25:37','2019-06-02 19:25:37','immap',1,NULL),(29,'ubuntu','ubuntu',0,'2019-06-03 01:34:47','2019-06-03 01:34:47','immap',1,NULL),(30,'iOS','ios',0,'2019-06-14 00:31:20','2019-06-14 00:31:20','immap',1,NULL),(31,'Android','android',0,'2019-06-14 00:31:21','2019-06-14 00:31:21','immap',1,NULL),(32,'Cuisine','cuisine',0,'2019-09-05 03:25:08','2019-09-05 03:25:08','immap',1,NULL),(33,'multivariate','multivariate',0,'2019-09-11 06:33:30','2019-09-11 06:33:30','immap',1,NULL),(34,'data','data',0,'2019-09-12 01:07:44','2019-09-12 01:07:44','immap',1,NULL),(36,'IM','im',0,'2019-09-16 06:37:33','2019-09-16 06:37:33','immap',1,NULL),(40,'Coordination','coordination',1,'2019-09-17 20:13:10','2019-10-01 20:58:48','immap',1,NULL),(41,'Leadership','leadership',1,'2019-09-17 20:13:29','2019-10-01 20:58:36','immap',1,NULL),(42,'Market analysis','market-analysis',1,'2019-09-17 20:13:45','2019-10-01 20:58:22','immap',1,NULL),(43,'Contextual analysis','contextual-analysis',1,'2019-09-17 20:14:14','2019-10-01 20:57:52','immap',1,NULL),(44,'Experience in humanitarian crises','experience-in-humanitarian-crises',1,'2019-09-17 20:14:27','2019-10-01 20:57:37','immap',1,NULL),(45,'Experience in development','experience-in-development',1,'2019-09-17 20:14:36','2019-10-01 20:57:27','immap',1,NULL),(46,'Kobo','kobo',1,'2019-09-17 20:16:55','2019-10-01 20:56:51','immap',1,NULL),(47,'IMSMA','imsma',1,'2019-09-17 20:17:08','2019-10-01 20:56:34','immap',1,NULL),(48,'SPSS','spss',1,'2019-09-17 20:17:17','2019-10-01 20:42:26','immap',1,NULL),(49,'GIS','gis',1,'2019-09-17 20:17:31','2019-10-01 20:54:25','immap',1,NULL),(50,'Data analysis','data-analysis',1,'2019-09-17 20:17:41','2019-10-01 20:54:12','immap',1,NULL),(51,'Adobe Illustrator','adobe-illustrator',1,'2019-09-17 20:17:50','2019-10-01 20:45:43','immap',1,NULL),(52,'MySQL','mysql',1,'2019-09-17 20:17:58','2019-10-01 20:44:16','immap',1,NULL),(53,'Capacity strengthening','capacity-strengthening',1,'2019-09-17 20:19:14','2019-10-01 20:53:56','immap',1,NULL),(54,'Web design','web-design',1,'2019-09-17 20:19:22','2019-10-01 20:53:43','immap',1,NULL),(55,'Database design','database-design',1,'2019-09-17 20:19:30','2019-10-01 20:53:31','immap',1,NULL),(56,'Software solutions','software-solutions',1,'2019-09-17 20:19:42','2019-10-01 20:53:07','immap',1,NULL),(57,'Conducting trainings on the use and development of information management tools and platforms','conducting-trainings-on-the-use-and-development-of-information-management-tools-and-platforms',1,'2019-09-17 20:20:13','2019-10-01 20:47:39','immap',1,NULL),(58,'Liaising with counterparts in government','liaising-with-counterparts-in-government',1,'2019-09-17 20:20:22','2019-10-01 20:52:54','immap',1,NULL),(59,'Teamwork','teamwork',1,'2019-09-30 00:20:27','2019-10-01 20:46:19','immap',1,NULL),(60,'ESRI technical products and tools','esri-technical-products-and-tools',1,'2019-09-30 18:43:09','2019-10-01 20:46:38','immap',1,NULL),(61,'Microsoft SQL Server','microsoft-sql-server',1,'2019-09-30 18:44:33','2019-10-01 20:46:55','immap',1,NULL),(62,'SAS','sas',1,'2019-09-30 18:44:54','2019-10-01 19:40:17','immap',1,NULL),(63,'PowerBI','powerbi',1,'2019-09-30 18:45:22','2019-09-30 19:57:14','immap',1,NULL),(64,'ONA','ona',1,'2019-09-30 18:46:00','2019-09-30 19:56:53','immap',1,NULL),(65,'ODK','odk',1,'2019-10-01 20:42:53','2019-10-01 20:42:53','immap',1,NULL),(66,'PostGIS','postgis',1,'2019-10-01 20:43:05','2019-10-01 20:43:07','immap',1,NULL),(67,'CSS3','css3',1,'2019-10-01 20:43:20','2019-10-01 20:43:20','immap',1,NULL),(68,'Openlayers','openlayers',1,'2019-10-01 20:43:43','2019-10-01 20:43:43','immap',1,NULL),(69,'Linux servers (SLES and Centos)','linux-servers-sles-and-centos',1,'2019-10-01 20:43:50','2019-10-01 20:43:50','immap',1,NULL),(70,'JQuery','jquery',1,'2019-10-01 20:44:00','2019-10-01 20:44:00','immap',1,NULL),(72,'Leaflet','leaflet',1,'2019-10-01 20:44:55','2019-10-01 20:44:55','immap',1,NULL),(73,'Mapserver','mapserver',1,'2019-10-01 20:45:06','2019-10-01 20:45:06','immap',1,NULL),(74,'PostgreSQL','postgresql',1,'2019-10-01 20:45:12','2019-10-01 20:45:12','immap',1,NULL),(75,'Adobe Photoshop','adobe-photoshop',1,'2019-10-01 20:45:32','2019-10-01 20:45:32','immap',1,NULL),(76,'Planning and Organising','planning-and-organising',1,'2019-10-01 20:47:25','2019-10-01 20:47:25','immap',1,NULL),(77,'Client Orientation','client-orientation',1,'2019-10-01 20:47:55','2019-10-01 20:47:55','immap',1,NULL),(78,'Technological awareness','technological-awareness',1,'2019-10-01 20:48:14','2019-10-01 20:48:17','immap',1,NULL),(79,'Representation','representation',1,'2019-10-01 20:48:28','2019-10-01 20:48:28','immap',1,NULL),(80,'Flexible','flexible',1,'2019-10-01 20:48:35','2019-10-01 20:48:38','immap',1,NULL),(81,'Technical writing','technical-writing',1,'2019-10-01 20:48:56','2019-10-01 20:48:56','immap',1,NULL),(82,'Self drive','self-drive',1,'2019-10-01 20:49:06','2019-10-01 20:49:06','immap',1,NULL),(83,'Networking and Coordination','networking-and-coordination',1,'2019-10-01 20:49:20','2019-10-01 20:49:20','immap',1,NULL),(84,'Self Reliant','self-reliant',1,'2019-10-01 20:49:27','2019-10-01 20:49:27','immap',1,NULL),(85,'Cultural Awareness','cultural-awareness',1,'2019-10-01 20:49:37','2019-10-01 20:49:37','immap',1,NULL),(86,'Gender Awareness','gender-awareness',1,'2019-10-01 20:49:45','2019-10-01 20:49:45','immap',1,NULL),(87,'Analytical Skills','analytical-skills',1,'2019-10-01 20:49:52','2019-10-01 20:49:52','immap',1,NULL),(88,'Creativity','creativity',1,'2019-10-01 20:50:01','2019-10-01 20:50:01','immap',1,NULL),(89,'painting','painting',0,'2019-10-07 02:04:58','2019-10-07 02:04:58','others',1,NULL),(90,'swimming','swimming',0,'2019-10-07 02:05:09','2019-10-07 02:05:09','others',1,NULL),(91,'data mining','data-mining',0,'2019-10-10 01:02:23','2019-10-10 01:02:23','others',1,NULL),(92,'litterature','litterature',0,'2019-10-10 01:03:38','2019-10-10 01:03:38','others',1,NULL),(93,'writting','writting',0,'2019-10-10 06:01:10','2019-10-10 06:01:10','others',1,NULL),(94,'fishing','fishing',0,'2019-10-11 03:01:42','2019-10-11 03:01:42','others',1,NULL),(95,'accontancy','accontancy',0,'2019-10-14 06:32:57','2019-10-14 06:32:57','others',1,NULL),(96,'expressjs','expressjs',0,'2019-11-11 19:38:01','2019-11-11 19:38:01','others',1,NULL),(97,'mongodb','mongodb',0,'2019-11-11 20:29:50','2019-11-11 20:29:50','others',1,NULL),(98,'Spanish','spanish',0,'2019-11-13 06:53:25','2019-11-13 06:53:25','others',1,NULL),(99,'javascript','javascript',0,'2019-11-27 03:17:11','2019-11-27 03:17:11','others',1,NULL),(100,'Accountancy','accountancy',0,'2019-12-03 01:10:17','2019-12-03 01:10:17','others',1,NULL),(101,'Finances','finances',0,'2019-12-03 01:10:17','2019-12-03 01:10:17','others',1,NULL),(102,'SAGA software','saga-software',0,'2019-12-03 01:10:17','2019-12-03 01:10:17','others',1,NULL),(103,'Adobe Indesign','adobe-indesign',0,'2019-12-03 02:13:31','2019-12-03 02:13:31','others',1,NULL),(104,'HTML','html',0,'2019-12-03 02:13:31','2019-12-03 02:13:31','others',1,NULL),(105,'CSS','css',0,'2019-12-03 02:13:31','2019-12-03 02:13:31','others',1,NULL),(106,'Adobe Audition','adobe-audition',0,'2019-12-03 02:25:22','2019-12-03 02:25:22','others',1,NULL),(107,'Adobe Premiere','adobe-premiere',0,'2019-12-03 02:25:22','2019-12-03 02:25:22','others',1,NULL),(108,'language','language',0,'2019-12-04 01:45:25','2019-12-04 01:45:25','others',1,NULL),(115,'information','information',0,'2019-12-04 01:45:57','2019-12-04 01:45:57','others',1,NULL),(116,'Risk Management','risk-management',0,'2019-12-08 07:43:11','2019-12-08 07:43:11','others',1,NULL),(117,'Cartography','cartography',0,'2019-12-12 00:29:27','2019-12-12 00:29:27','others',1,NULL),(118,'ArcMAp','arcmap',0,'2019-12-12 00:29:27','2019-12-12 00:29:27','others',1,NULL),(123,'Remote Sensing','remote-sensing',0,'2019-12-12 06:21:46','2019-12-12 06:21:46','others',1,NULL),(124,'GPS','gps',0,'2019-12-12 06:21:46','2019-12-12 06:21:46','others',1,NULL),(125,'Geoserver','geoserver',0,'2019-12-12 06:21:46','2019-12-12 06:21:46','others',1,NULL),(126,'Spatial analysis','spatial-analysis',0,'2019-12-12 14:34:33','2019-12-12 14:34:33','others',1,NULL),(127,'Tableau','tableau',0,'2019-12-12 14:34:33','2019-12-12 14:34:33','others',1,NULL),(128,'ArcGISPro','arcgispro',0,'2019-12-12 14:37:49','2019-12-12 14:37:49','others',1,NULL),(131,'arcgis online','arcgis-online',0,'2019-12-13 03:08:30','2019-12-13 03:08:30','others',1,NULL),(132,'google earth pro','google-earth-pro',0,'2019-12-13 03:10:12','2019-12-13 03:10:12','others',1,NULL),(133,'global positioning system (gps)','global-positioning-system-gps',0,'2019-12-13 03:13:59','2019-12-13 03:13:59','others',1,NULL),(134,'earth engine','earth-engine',0,'2019-12-13 03:16:59','2019-12-13 03:16:59','others',1,NULL),(135,'g suite','g-suite',0,'2019-12-13 03:19:03','2019-12-13 03:19:03','others',1,NULL),(136,'information management','information-management',0,'2019-12-14 12:43:03','2019-12-14 12:43:03','others',1,NULL),(137,'Satellite Imagery','satellite-imagery',0,'2019-12-14 21:46:20','2019-12-14 21:46:20','others',1,NULL),(138,'3D view','3d-view',0,'2019-12-14 21:46:20','2019-12-14 21:46:20','others',1,NULL),(139,'visualization','visualization',0,'2019-12-14 21:55:05','2019-12-14 21:55:05','others',1,NULL),(140,'Monitoring and Evaluation','monitoring-and-evaluation',0,'2019-12-16 01:25:13','2019-12-16 01:25:13','others',1,NULL),(141,'Logistical Management','logistical-management',0,'2019-12-16 01:25:13','2019-12-16 01:25:13','others',1,NULL),(142,'Report Writing','report-writing',0,'2019-12-16 01:25:13','2019-12-16 01:25:13','others',1,NULL),(143,'emergency and disaster management','emergency-and-disaster-management',0,'2019-12-16 02:14:26','2019-12-16 02:14:26','others',1,NULL),(144,'human resource management','human-resource-management',0,'2019-12-16 02:14:26','2019-12-16 02:14:26','others',1,NULL),(145,'Project Planning and Management','project-planning-and-management',0,'2019-12-16 02:14:26','2019-12-16 02:14:26','others',1,NULL),(146,'Training','training',0,'2019-12-16 02:14:26','2019-12-16 02:14:26','others',1,NULL),(157,'humanitarian demining','humanitarian-demining',0,'2019-12-16 06:29:18','2019-12-16 06:29:18','others',1,NULL),(158,'operations management','operations-management',0,'2019-12-16 06:29:18','2019-12-16 06:29:18','others',1,NULL),(162,'camtasia','camtasia',0,'2019-12-16 06:40:54','2019-12-16 06:40:54','others',1,NULL),(163,'SIFAC','sifac',0,'2019-12-16 07:06:22','2019-12-16 07:06:22','others',1,NULL),(164,'French Lifelong learning legislation','french-lifelong-learning-legislation',0,'2019-12-16 07:15:22','2019-12-16 07:15:22','others',1,NULL),(165,'French public accountancy','french-public-accountancy',0,'2019-12-16 07:15:56','2019-12-16 07:15:56','others',1,NULL),(166,'Data varification','data-varification',0,'2019-12-16 07:16:31','2019-12-16 07:16:31','others',1,NULL),(167,'Data cleaning','data-cleaning',0,'2019-12-16 07:16:31','2019-12-16 07:16:31','others',1,NULL),(168,'liaison and coordination','liaison-and-coordination',0,'2019-12-16 19:59:52','2019-12-16 19:59:52','others',1,NULL),(172,'Human Resources','human-resources',0,'2019-12-21 09:09:46','2019-12-21 09:09:46','others',1,NULL),(173,'Administration','administration',0,'2019-12-21 09:09:46','2019-12-21 09:09:46','others',1,NULL),(182,'User Support','user-support',0,'2019-12-22 03:46:00','2019-12-22 03:46:00','others',1,NULL),(192,'Corel Draw','corel-draw',0,'2019-12-22 03:58:55','2019-12-22 03:58:55','others',1,NULL),(193,'DTP','dtp',0,'2019-12-22 03:58:55','2019-12-22 03:58:55','others',1,NULL),(194,'Networking','networking',0,'2019-12-22 03:58:55','2019-12-22 03:58:55','others',1,NULL),(195,'geonode','geonode',0,'2019-12-22 04:07:05','2019-12-22 04:07:05','others',1,NULL),(219,'Geonetwork','geonetwork',0,'2019-12-23 00:57:41','2019-12-23 00:57:41','others',1,NULL),(220,'Data analysis using SPSS, Structural Equation Modelling and Excel','data-analysis-using-spss-structural-equation-modelling-and-excel',0,'2019-12-23 02:50:28','2019-12-23 02:50:28','others',1,NULL),(221,'Market analysis, social and ecomomical studies formulation and report writting','market-analysis-social-and-ecomomical-studies-formulation-and-report-writting',0,'2019-12-23 02:50:28','2019-12-23 02:50:28','others',1,NULL),(222,'Market Information System Management','market-information-system-management',0,'2019-12-23 03:38:31','2019-12-23 03:38:31','others',1,NULL),(228,'Value Chain analysis','value-chain-analysis',0,'2019-12-24 04:00:09','2019-12-24 04:00:09','others',1,NULL),(229,'Developing of price platform','developing-of-price-platform',0,'2019-12-24 04:22:22','2019-12-24 04:22:22','others',1,NULL),(233,'Accounting','accounting',0,'2019-12-24 04:55:37','2019-12-24 04:55:37','others',1,NULL),(234,'Letter of Credit opening and follow up till receiving imports and invoices settlement','letter-of-credit-opening-and-follow-up-till-receiving-imports-and-invoices-settlement',0,'2019-12-24 04:55:37','2019-12-24 04:55:37','others',1,NULL),(235,'Marketing of agricultural inputs','marketing-of-agricultural-inputs',0,'2019-12-24 04:55:37','2019-12-24 04:55:37','others',1,NULL),(236,'Feasibility studies coordination and report preperation','feasibility-studies-coordination-and-report-preperation',0,'2019-12-24 04:55:37','2019-12-24 04:55:37','others',1,NULL),(237,'Buisness Development','buisness-development',0,'2019-12-31 12:23:33','2019-12-31 12:23:33','others',1,NULL),(238,'Research and analysis','research-and-analysis',0,'2020-01-05 03:32:36','2020-01-05 03:32:36','others',1,NULL),(239,'Data collection','data-collection',0,'2020-01-05 03:32:36','2020-01-05 03:32:36','others',1,NULL),(240,'Media analysis','media-analysis',0,'2020-01-05 03:32:36','2020-01-05 03:32:36','others',1,NULL),(241,'Arabic language','arabic-language',0,'2020-01-05 03:32:36','2020-01-05 03:32:36','others',1,NULL),(242,'Social services','social-services',0,'2020-01-05 03:53:27','2020-01-05 03:53:27','others',1,NULL),(273,'Budget management','budget-management',0,'2020-01-05 04:47:53','2020-01-05 04:47:53','others',1,NULL),(276,'mobile development','mobile-development',0,'2020-01-05 20:32:54','2020-01-05 20:32:54','others',1,NULL),(277,'Data Entry','data-entry',0,'2020-01-12 01:02:49','2020-01-12 01:02:49','others',1,NULL),(278,'Translation','translation',0,'2020-01-12 01:02:49','2020-01-12 01:02:49','others',1,NULL),(279,'InDesign','indesign',0,'2020-01-12 01:02:49','2020-01-12 01:02:49','others',1,NULL),(280,'Illustrator','illustrator',0,'2020-01-12 01:02:49','2020-01-12 01:02:49','others',1,NULL),(283,'Teaching','teaching',0,'2020-01-13 11:48:14','2020-01-13 11:48:14','others',1,NULL),(284,'Crop Management','crop-management',0,'2020-01-13 11:58:52','2020-01-13 11:58:52','others',1,NULL),(285,'Integrated Pest and Disease Management','integrated-pest-and-disease-management',0,'2020-01-13 11:58:52','2020-01-13 11:58:52','others',1,NULL),(286,'Marketing of crop produce','marketing-of-crop-produce',0,'2020-01-13 11:58:52','2020-01-13 11:58:52','others',1,NULL),(287,'Environmental science','environmental-science',0,'2020-01-14 08:09:21','2020-01-14 08:09:21','others',1,NULL),(295,'Editing and Proofreading','editing-and-proofreading',0,'2020-01-14 08:39:21','2020-01-14 08:39:21','others',1,NULL),(296,'Conference Presentation and Public Speaking','conference-presentation-and-public-speaking',0,'2020-01-14 08:39:21','2020-01-14 08:39:21','others',1,NULL),(297,'product management','product-management',0,'2020-01-14 08:44:19','2020-01-14 08:44:19','others',1,NULL),(298,'strategic Planning','strategic-planning',0,'2020-01-14 13:47:52','2020-01-14 13:47:52','others',1,NULL),(311,'food security cluster coordination','food-security-cluster-coordination',0,'2020-01-14 22:32:40','2020-01-14 22:32:40','others',1,NULL),(312,'Interpreter','interpreter',0,'2020-01-14 23:47:11','2020-01-14 23:47:11','others',1,NULL),(313,'Portrait Photography','portrait-photography',0,'2020-01-15 02:10:14','2020-01-15 02:10:14','others',1,NULL),(314,'Motion Picture Special FX','motion-picture-special-fx',0,'2020-01-15 02:10:14','2020-01-15 02:10:14','others',1,NULL),(315,'IT Security','it-security',0,'2020-01-15 02:23:24','2020-01-15 02:23:24','others',1,NULL),(316,'Cyber Security','cyber-security',0,'2020-01-15 02:29:08','2020-01-15 02:29:08','others',1,NULL),(317,'Video Editing','video-editing',0,'2020-01-15 02:32:37','2020-01-15 02:32:37','others',1,NULL),(318,'Autodesk 3Ds Max','autodesk-3ds-max',0,'2020-01-15 02:38:46','2020-01-15 02:38:46','others',1,NULL),(319,'Adobe After Effects','adobe-after-effects',0,'2020-01-15 02:38:46','2020-01-15 02:38:46','others',1,NULL),(320,'AVID Liquid','avid-liquid',0,'2020-01-15 02:38:46','2020-01-15 02:38:46','others',1,NULL),(321,'Videocopilot.net','videocopilotnet',0,'2020-01-15 02:38:46','2020-01-15 02:38:46','others',1,NULL),(322,'Adobe Animate','adobe-animate',0,'2020-01-15 02:52:15','2020-01-15 02:52:15','others',1,NULL),(323,'Adobe Acrobat','adobe-acrobat',0,'2020-01-15 02:52:15','2020-01-15 02:52:15','others',1,NULL),(324,'Microsoft PowerPoint','microsoft-powerpoint',0,'2020-01-15 02:52:16','2020-01-15 02:52:16','others',1,NULL),(325,'FME ETL Tool','fme-etl-tool',0,'2020-01-15 03:18:03','2020-01-15 03:18:03','others',1,NULL),(326,'computer maintenance','computer-maintenance',0,'2020-01-15 03:19:57','2020-01-15 03:19:57','others',1,NULL),(327,'procurement','procurement',0,'2020-01-15 04:25:45','2020-01-15 04:25:45','others',1,NULL),(328,'donor reporting','donor-reporting',0,'2020-01-15 04:25:45','2020-01-15 04:25:45','others',1,NULL),(329,'budgeting','budgeting',0,'2020-01-15 04:25:45','2020-01-15 04:25:45','others',1,NULL),(330,'Financial reporting','financial-reporting',0,'2020-01-15 04:30:03','2020-01-15 04:30:03','others',1,NULL),(331,'Logisitics','logisitics',0,'2020-01-15 04:30:03','2020-01-15 04:30:03','others',1,NULL),(332,'Design','design',0,'2020-01-15 10:45:39','2020-01-15 10:45:39','others',1,NULL),(333,'HTML5','html5',0,'2020-01-15 11:02:20','2020-01-15 11:02:20','others',1,NULL),(334,'adobe suite','adobe-suite',0,'2020-01-15 11:13:24','2020-01-15 11:13:24','others',1,NULL),(335,'UX/UI','uxui',0,'2020-01-15 11:13:24','2020-01-15 11:13:24','others',1,NULL),(336,'Editorial Design','editorial-design',0,'2020-01-15 11:13:24','2020-01-15 11:13:24','others',1,NULL),(337,'Stata','stata',0,'2020-01-15 12:59:18','2020-01-15 12:59:18','others',1,NULL),(338,'R statistics','r-statistics',0,'2020-01-15 12:59:18','2020-01-15 12:59:18','others',1,NULL),(339,'AutoCAD','autocad',0,'2020-01-16 05:19:16','2020-01-16 05:19:16','others',1,NULL),(340,'Global Mapper','global-mapper',0,'2020-01-16 05:19:16','2020-01-16 05:19:16','others',1,NULL),(341,'Surfer','surfer',0,'2020-01-16 05:19:16','2020-01-16 05:19:16','others',1,NULL),(342,'WebApp Builder','webapp-builder',0,'2020-01-16 05:19:16','2020-01-16 05:19:16','others',1,NULL),(343,'ArcGIS Server','arcgis-server',0,'2020-01-16 05:19:16','2020-01-16 05:19:16','others',1,NULL),(344,'java','java',0,'2020-01-16 05:22:02','2020-01-16 05:22:02','others',1,NULL),(345,'c sharp','c-sharp',0,'2020-01-16 05:22:45','2020-01-16 05:22:45','others',1,NULL),(346,'Revit Architecture','revit-architecture',0,'2020-01-16 05:48:35','2020-01-16 05:48:35','others',1,NULL),(347,'keyshot','keyshot',0,'2020-01-16 05:48:35','2020-01-16 05:48:35','others',1,NULL),(348,'Lumion','lumion',0,'2020-01-16 05:48:35','2020-01-16 05:48:35','others',1,NULL),(349,'Vray','vray',0,'2020-01-16 05:48:35','2020-01-16 05:48:35','others',1,NULL),(350,'AUDIT','audit',0,'2020-01-16 13:28:19','2020-01-16 13:28:19','others',1,NULL),(351,'CONSULTING','consulting',0,'2020-01-16 13:28:19','2020-01-16 13:28:19','others',1,NULL),(352,'Finantial Statements','finantial-statements',0,'2020-01-16 13:55:17','2020-01-16 13:55:17','others',1,NULL),(353,'FINANTIAL','finantial',0,'2020-01-16 14:00:00','2020-01-16 14:00:00','others',1,NULL),(354,'PAYROLL','payroll',0,'2020-01-16 14:00:00','2020-01-16 14:00:00','others',1,NULL),(355,'TAXES','taxes',0,'2020-01-16 14:00:00','2020-01-16 14:00:00','others',1,NULL),(356,'SECURITY','security',0,'2020-01-16 14:00:00','2020-01-16 14:00:00','others',1,NULL),(357,'curriculum development','curriculum-development',0,'2020-01-20 12:37:44','2020-01-20 12:37:44','others',1,NULL),(358,'case management','case-management',0,'2020-01-20 12:37:44','2020-01-20 12:37:44','others',1,NULL),(359,'Teaching ELS','teaching-els',0,'2020-01-20 12:37:44','2020-01-20 12:37:44','others',1,NULL),(360,'peace and reconciliation','peace-and-reconciliation',0,'2020-01-20 12:51:12','2020-01-20 12:51:12','others',1,NULL),(361,'Craft Content Management System','craft-content-management-system',0,'2020-01-20 12:56:05','2020-01-20 12:56:05','others',1,NULL),(362,'time management','time-management',0,'2020-01-20 12:56:05','2020-01-20 12:56:05','others',1,NULL),(363,'data colletion','data-colletion',0,'2020-01-20 15:42:13','2020-01-20 15:42:13','others',1,NULL),(364,'use of anthro and anthro plus software','use-of-anthro-and-anthro-plus-software',0,'2020-01-20 15:42:13','2020-01-20 15:42:13','others',1,NULL),(365,'construction of data collection instruments','construction-of-data-collection-instruments',0,'2020-01-20 16:25:29','2020-01-20 16:25:29','others',1,NULL),(366,'preparation of technical reports','preparation-of-technical-reports',0,'2020-01-20 21:04:32','2020-01-20 21:04:32','others',1,NULL),(367,'android development','android-development',0,'2020-01-21 01:02:08','2020-01-21 01:02:08','others',1,NULL),(368,'indicator calculation','indicator-calculation',0,'2020-01-21 17:37:19','2020-01-21 17:37:19','others',1,NULL),(369,'preparation of technical documents','preparation-of-technical-documents',0,'2020-01-21 17:37:19','2020-01-21 17:37:19','others',1,NULL),(370,'CCTV','cctv',0,'2020-01-22 12:55:11','2020-01-22 12:55:11','others',1,NULL),(371,'remote sensing analysis','remote-sensing-analysis',0,'2020-01-23 08:26:04','2020-01-23 08:26:04','others',1,NULL),(372,'Database Administration','database-administration',0,'2020-01-24 12:23:04','2020-01-24 12:23:04','others',1,NULL),(373,'HR DATABASE','hr-database',0,'2020-01-26 01:46:47','2020-01-26 01:46:47','others',1,NULL),(374,'EXCEL','excel',0,'2020-01-26 01:46:47','2020-01-26 01:46:47','others',1,NULL),(375,'HR DB','hr-db',0,'2020-01-26 01:52:58','2020-01-26 01:52:58','others',1,NULL),(376,'MS Excell','ms-excell',0,'2020-01-26 02:53:02','2020-01-26 02:53:02','others',1,NULL),(377,'ERDAS Imagine','erdas-imagine',0,'2020-01-26 03:49:31','2020-01-26 03:49:31','others',1,NULL),(378,'Arc View 3.0','arc-view-30',0,'2020-01-26 05:33:29','2020-01-26 05:33:29','others',1,NULL),(379,'REDAS Imagine','redas-imagine',0,'2020-01-26 05:33:29','2020-01-26 05:33:29','others',1,NULL),(380,'ERDAS Imagine, Arc View, Microsoft Excel, Microsoft Word','erdas-imagine-arc-view-microsoft-excel-microsoft-word',0,'2020-01-26 06:05:35','2020-01-26 06:05:35','others',1,NULL),(381,'modeling','modeling',0,'2020-01-27 02:48:34','2020-01-27 02:48:34','others',1,NULL),(382,'machine learning','machine-learning',0,'2020-01-27 02:50:06','2020-01-27 02:50:06','others',1,NULL),(383,'Navicat PostgreSQL','navicat-postgresql',0,'2020-01-27 05:10:03','2020-01-27 05:10:03','others',1,NULL),(384,'capacity building','capacity-building',0,'2020-01-27 05:10:03','2020-01-27 05:10:03','others',1,NULL),(385,'Power BI','power-bi',0,'2020-01-28 01:25:27','2020-01-28 01:25:27','others',1,NULL),(386,'navecate','navecate',0,'2020-01-28 01:25:27','2020-01-28 01:25:27','others',1,NULL),(387,'Office Word','office-word',0,'2020-01-28 01:25:27','2020-01-28 01:25:27','others',1,NULL),(388,'Commcare','commcare',0,'2020-02-03 11:22:41','2020-02-03 11:22:41','others',1,NULL),(389,'MS Windows 3.2 and Windows 95, MS Word, Excel, Machine Language, Micro-controllers programming, VHF & UHF Broadcasting','ms-windows-32-and-windows-95-ms-word-excel-machine-language-micro-controllers-programming-vhf-uhf-broadcasting',0,'2020-02-04 01:29:46','2020-02-04 01:29:46','others',1,NULL),(390,'Computer maintenance service, printer services,  electricity utility services, electronics services, CTR monitor repairing','computer-maintenance-service-printer-services-electricity-utility-services-electronics-services-ctr-monitor-repairing',0,'2020-02-04 01:50:33','2020-02-04 01:50:33','others',1,NULL),(391,'Map Info','map-info',0,'2020-02-04 02:15:31','2020-02-04 02:15:31','others',1,NULL),(392,'ArcView 3.1','arcview-31',0,'2020-02-04 02:15:31','2020-02-04 02:15:31','others',1,NULL),(393,'SONAR hardware repairing','sonar-hardware-repairing',0,'2020-02-04 05:16:45','2020-02-04 05:16:45','others',1,NULL),(394,'Software and hardware problem solving','software-and-hardware-problem-solving',0,'2020-02-04 05:16:45','2020-02-04 05:16:45','others',1,NULL),(395,'Training doctors on using Sonar devices','training-doctors-on-using-sonar-devices',0,'2020-02-04 05:16:45','2020-02-04 05:16:45','others',1,NULL),(396,'Knitting','knitting',0,'2020-02-05 04:41:35','2020-02-05 04:41:35','others',1,NULL),(397,'urban planning','urban-planning',0,'2020-02-11 03:50:54','2020-02-11 03:50:54','others',1,NULL),(398,'ICT','ict',0,'2020-02-11 04:54:33','2020-02-11 04:54:33','others',1,NULL),(399,'Interactive Mapping','interactive-mapping',0,'2020-02-11 04:54:49','2020-02-11 04:54:49','others',1,NULL),(400,'SQL','sql',0,'2020-02-11 04:58:02','2020-02-11 04:58:02','others',1,NULL),(401,'Software Engineering','software-engineering',0,'2020-02-11 04:58:02','2020-02-11 04:58:02','others',1,NULL),(402,'Technical','technical',0,'2020-02-11 05:00:45','2020-02-11 05:00:45','others',1,NULL),(403,'Engineering','engineering',0,'2020-02-11 05:00:45','2020-02-11 05:00:45','others',1,NULL),(404,'PLM','plm',0,'2020-02-11 06:45:08','2020-02-11 06:45:08','others',1,NULL),(405,'CMMI','cmmi',0,'2020-02-11 06:45:08','2020-02-11 06:45:08','others',1,NULL),(406,'PMP','pmp',0,'2020-02-11 06:45:08','2020-02-11 06:45:08','others',1,NULL),(407,'QMS','qms',0,'2020-02-11 06:45:08','2020-02-11 06:45:08','others',1,NULL),(408,'PDLC','pdlc',0,'2020-02-11 06:45:08','2020-02-11 06:45:08','others',1,NULL),(409,'SDLC','sdlc',0,'2020-02-11 06:45:08','2020-02-11 06:45:08','others',1,NULL),(410,'agile','agile',0,'2020-02-11 06:45:08','2020-02-11 06:45:08','others',1,NULL),(411,'waterfall','waterfall',0,'2020-02-11 06:45:08','2020-02-11 06:45:08','others',1,NULL),(412,'Activity info','activity-info',0,'2020-02-11 09:35:00','2020-02-11 09:35:00','others',1,NULL),(413,'Surveys','surveys',0,'2020-02-11 09:35:00','2020-02-11 09:35:00','others',1,NULL),(414,'Access','access',0,'2020-02-11 09:35:00','2020-02-11 09:35:00','others',1,NULL),(415,'Analyse des donnes','analyse-des-donnees',0,'2020-02-11 12:29:40','2020-02-11 12:29:40','others',1,NULL),(416,'Production statistique','production-statistique',0,'2020-02-11 12:29:40','2020-02-11 12:29:40','others',1,NULL),(417,'Sig et cartographie','sig-et-cartographie',0,'2020-02-11 12:29:40','2020-02-11 12:29:40','others',1,NULL),(418,'Elaboration des politiques  de l\'eau et de l\'electricit','elaboration-des-politiques-de-leau-et-de-lelectricite',0,'2020-02-11 12:29:40','2020-02-11 12:29:40','others',1,NULL),(419,'Search Engine Optimisation','search-engine-optimisation',0,'2020-02-11 15:51:10','2020-02-11 15:51:10','others',1,NULL),(420,'Gsuite','gsuite',0,'2020-02-11 15:51:10','2020-02-11 15:51:10','others',1,NULL),(421,'Adword','adword',0,'2020-02-11 15:51:10','2020-02-11 15:51:10','others',1,NULL),(422,'Photoshop','photoshop',0,'2020-02-12 02:20:53','2020-02-12 02:20:53','others',1,NULL),(423,'microsoft office 365','microsoft-office-365',0,'2020-02-12 02:37:12','2020-02-12 02:37:12','others',1,NULL),(424,'Google Earth Engine','google-earth-engine',0,'2020-02-12 03:40:13','2020-02-12 03:40:13','others',1,NULL),(425,'following up in the field','following-up-in-the-field',0,'2020-02-12 03:51:21','2020-02-12 03:51:21','others',1,NULL),(426,'Innovation','innovation',0,'2020-02-12 04:14:41','2020-02-12 04:14:41','others',1,NULL),(427,'Human centered approach','human-centered-approach',0,'2020-02-12 08:19:01','2020-02-12 08:19:01','others',1,NULL),(428,'Data quality assessment','data-quality-assessment',0,'2020-02-12 08:19:01','2020-02-12 08:19:01','others',1,NULL),(429,'Assessment','assessment',0,'2020-02-12 09:38:19','2020-02-12 09:38:19','others',1,NULL),(430,'Value for Money','value-for-money',0,'2020-02-12 10:14:38','2020-02-12 10:14:38','others',1,NULL),(431,'computer network engineering','computer-network-engineering',0,'2020-02-12 10:50:20','2020-02-12 10:50:20','others',1,NULL),(432,'hardware engineering','hardware-engineering',0,'2020-02-12 10:50:20','2020-02-12 10:50:20','others',1,NULL),(433,'graphics design','graphics-design',0,'2020-02-12 10:50:20','2020-02-12 10:50:20','others',1,NULL),(434,'Windows Servers','windows-servers',0,'2020-02-12 11:05:32','2020-02-12 11:05:32','others',1,NULL),(435,'Messaging Server configuration','messaging-server-configuration',0,'2020-02-12 11:05:32','2020-02-12 11:05:32','others',1,NULL),(436,'SLA and HelDesk','sla-and-heldesk',0,'2020-02-12 11:05:32','2020-02-12 11:05:32','others',1,NULL),(437,'Windows S.E','windows-se',0,'2020-02-12 12:06:11','2020-02-12 12:06:11','others',1,NULL),(438,'Mysql database designing and administration','mysql-database-designing-and-administration',0,'2020-02-12 12:06:11','2020-02-12 12:06:11','others',1,NULL),(439,'touch voting system  maintenance','touch-voting-system-maintenance',0,'2020-02-12 12:06:11','2020-02-12 12:06:11','others',1,NULL),(440,'User\'s helpdesk and formations','users-helpdesk-and-formations',0,'2020-02-12 12:06:11','2020-02-12 12:06:11','others',1,NULL),(441,'VSAT installations','vsat-installations',0,'2020-02-12 12:18:53','2020-02-12 12:18:53','others',1,NULL),(442,'programming','programming',0,'2020-02-12 12:18:53','2020-02-12 12:18:53','others',1,NULL),(443,'database conception and management','database-conception-and-management',0,'2020-02-12 12:18:53','2020-02-12 12:18:53','others',1,NULL),(444,'Early Warning Systems','early-warning-systems',0,'2020-02-12 21:50:43','2020-02-12 21:50:43','others',1,NULL),(445,'Data visualisation','data-visualisation',0,'2020-02-12 22:38:33','2020-02-12 22:38:33','others',1,NULL),(446,'Disaster Management','disaster-management',0,'2020-02-12 23:07:25','2020-02-12 23:07:25','others',1,NULL),(447,'disaster risk reduction','disaster-risk-reduction',0,'2020-02-12 23:07:25','2020-02-12 23:07:25','others',1,NULL),(448,'Adobe Creative Suite','adobe-creative-suite',0,'2020-02-12 23:14:08','2020-02-12 23:14:08','others',1,NULL),(449,'Affinity Suite','affinity-suite',0,'2020-02-12 23:14:08','2020-02-12 23:14:08','others',1,NULL),(450,'Power Query','power-query',0,'2020-02-12 23:14:29','2020-02-12 23:14:29','others',1,NULL),(451,'Presentation','presentation',0,'2020-02-12 23:16:19','2020-02-12 23:16:19','others',1,NULL),(452,'Communication','communication',0,'2020-02-12 23:26:12','2020-02-12 23:26:12','others',1,NULL),(453,'Information analysis','information-analysis',0,'2020-02-12 23:35:44','2020-02-12 23:35:44','others',1,NULL),(454,'Writing','writing',0,'2020-02-12 23:35:44','2020-02-12 23:35:44','others',1,NULL),(455,'Languages','languages',0,'2020-02-12 23:36:06','2020-02-12 23:36:06','others',1,NULL),(456,'Interpreting','interpreting',0,'2020-02-12 23:39:34','2020-02-12 23:39:34','others',1,NULL),(457,'SNAP','snap',0,'2020-02-13 00:39:32','2020-02-13 00:39:32','others',1,NULL),(458,'Reporting','reporting',0,'2020-02-13 00:43:02','2020-02-13 00:43:02','others',1,NULL),(459,'digitizing','digitizing',0,'2020-02-13 00:51:21','2020-02-13 00:51:21','others',1,NULL),(460,'maps and cartography','maps-and-cartography',0,'2020-02-13 00:51:21','2020-02-13 00:51:21','others',1,NULL),(461,'field survey','field-survey',0,'2020-02-13 00:51:21','2020-02-13 00:51:21','others',1,NULL),(462,'Digitization','digitization',0,'2020-02-13 00:51:53','2020-02-13 00:51:53','others',1,NULL),(463,'3d analysis','3d-analysis',0,'2020-02-13 00:53:31','2020-02-13 00:53:31','others',1,NULL),(464,'spacial analysis','spacial-analysis',0,'2020-02-13 00:53:31','2020-02-13 00:53:31','others',1,NULL),(465,'layouts and cartography','layouts-and-cartography',0,'2020-02-13 00:56:03','2020-02-13 00:56:03','others',1,NULL),(466,'Geo-Portal Management','geo-portal-management',0,'2020-02-13 00:59:50','2020-02-13 00:59:50','others',1,NULL),(467,'Image Processing','image-processing',0,'2020-02-13 01:02:47','2020-02-13 01:02:47','others',1,NULL),(468,'MATLAB','matlab',0,'2020-02-13 01:02:47','2020-02-13 01:02:47','others',1,NULL),(469,'C and C++','c-and-c',0,'2020-02-13 01:02:47','2020-02-13 01:02:47','others',1,NULL),(470,'Relief and Aid Response','relief-and-aid-response',0,'2020-02-13 01:08:30','2020-02-13 01:08:30','others',1,NULL),(471,'Visual Studio','visual-studio',0,'2020-02-13 05:19:38','2020-02-13 05:19:38','others',1,NULL),(472,'Sqlite','sqlite',0,'2020-02-13 05:19:38','2020-02-13 05:19:38','others',1,NULL),(473,'needs assessment','needs-assessment',0,'2020-02-13 05:26:31','2020-02-13 05:26:31','others',1,NULL),(474,'population monitoring','population-monitoring',0,'2020-02-13 05:26:56','2020-02-13 05:26:56','others',1,NULL),(475,'Sales','sales',0,'2020-02-13 06:03:34','2020-02-13 06:03:34','others',1,NULL),(476,'ENVI','envi',0,'2020-02-13 07:07:45','2020-02-13 07:07:45','others',1,NULL),(480,'Intelligence gathering','intelligence-gathering',0,'2020-02-13 07:59:38','2020-02-13 07:59:38','others',1,NULL),(481,'planning','planning',0,'2020-02-13 08:44:39','2020-02-13 08:44:39','others',1,NULL),(482,'NEGOCIATING','negociating',0,'2020-02-13 09:01:27','2020-02-13 09:01:27','others',1,NULL),(483,'Teaching and Mentoring','teaching-and-mentoring',0,'2020-02-13 18:24:33','2020-02-13 18:24:33','others',1,NULL),(484,'Documentation and Analysis','documentation-and-analysis',0,'2020-02-13 18:24:33','2020-02-13 18:24:33','others',1,NULL),(485,'CRM Dynamics','crm-dynamics',0,'2020-02-14 02:32:13','2020-02-14 02:32:13','others',1,NULL),(486,'GEOCOM','geocom',0,'2020-02-14 02:35:33','2020-02-14 02:35:33','others',1,NULL),(487,'ERP','erp',0,'2020-02-14 02:35:33','2020-02-14 02:35:33','others',1,NULL),(488,'INeed','ineed',0,'2020-02-14 02:38:49','2020-02-14 02:38:49','others',1,NULL),(489,'UMOJA','umoja',0,'2020-02-14 02:38:49','2020-02-14 02:38:49','others',1,NULL),(490,'UNSAGE','unsage',0,'2020-02-14 02:38:49','2020-02-14 02:38:49','others',1,NULL),(491,'UNCOMET','uncomet',0,'2020-02-14 02:38:49','2020-02-14 02:38:49','others',1,NULL),(492,'SSMS','ssms',0,'2020-02-14 02:48:10','2020-02-14 02:48:10','others',1,NULL),(493,'Xara','xara',0,'2020-02-14 02:48:10','2020-02-14 02:48:10','others',1,NULL),(494,'RStudio','rstudio',0,'2020-02-14 02:48:10','2020-02-14 02:48:10','others',1,NULL),(495,'MQuery','mquery',0,'2020-02-14 02:48:10','2020-02-14 02:48:10','others',1,NULL),(496,'DAX','dax',0,'2020-02-14 02:48:10','2020-02-14 02:48:10','others',1,NULL),(497,'Bizagi','bizagi',0,'2020-02-14 02:48:10','2020-02-14 02:48:10','others',1,NULL),(498,'data automation','data-automation',0,'2020-02-14 02:55:02','2020-02-14 02:55:02','others',1,NULL),(499,'BPM','bpm',0,'2020-02-14 02:58:17','2020-02-14 02:58:17','others',1,NULL),(500,'Data Visualization','data-visualization',0,'2020-02-14 02:59:41','2020-02-14 02:59:41','others',1,NULL),(501,'troubleshooting','troubleshooting',0,'2020-02-14 03:31:38','2020-02-14 03:31:38','others',1,NULL),(502,'Ability to learn quickly','ability-to-learn-quickly',0,'2020-02-14 03:31:38','2020-02-14 03:31:38','others',1,NULL),(503,'Adaptability','adaptability',0,'2020-02-14 03:31:38','2020-02-14 03:31:38','others',1,NULL),(504,'Teamwork skills','teamwork-skills',0,'2020-02-14 03:31:38','2020-02-14 03:31:38','others',1,NULL),(505,'Interpersonal skills','interpersonal-skills',0,'2020-02-14 03:31:38','2020-02-14 03:31:38','others',1,NULL),(506,'administration skills','administration-skills',0,'2020-02-14 03:39:01','2020-02-14 03:39:01','others',1,NULL),(507,'decision making skills','decision-making-skills',0,'2020-02-14 03:39:01','2020-02-14 03:39:01','others',1,NULL),(508,'attention to details','attention-to-details',0,'2020-02-14 03:39:01','2020-02-14 03:39:01','others',1,NULL),(509,'oral and written communication skills','oral-and-written-communication-skills',0,'2020-02-14 03:39:01','2020-02-14 03:39:01','others',1,NULL),(510,'Internet explorer','internet-explorer',0,'2020-02-15 14:19:03','2020-02-15 14:19:03','others',1,NULL),(511,'Digital literacy','digital-literacy',0,'2020-02-16 20:35:28','2020-02-16 20:35:28','others',1,NULL),(512,'Computer engineering','computer-engineering',0,'2020-02-16 20:35:28','2020-02-16 20:35:28','others',1,NULL),(513,'IT','it',0,'2020-02-17 00:30:16','2020-02-17 00:30:16','others',1,NULL),(514,'Data Science','data-science',0,'2020-02-17 02:36:22','2020-02-17 02:36:22','others',1,NULL),(515,'Dashboard/web GIS applications','dashboardweb-gis-applications',0,'2020-02-17 02:36:22','2020-02-17 02:36:22','others',1,NULL),(516,'ArcGIS Desktop','arcgis-desktop',0,'2020-02-17 02:36:22','2020-02-17 02:36:22','others',1,NULL),(517,'Fadama Panex Software','fadama-panex-software',0,'2020-02-17 06:39:15','2020-02-17 06:39:15','others',1,NULL),(518,'Fadama Farmer Database','fadama-farmer-database',0,'2020-02-17 06:39:16','2020-02-17 06:39:16','others',1,NULL),(519,'Microsoft Packages','microsoft-packages',0,'2020-02-17 08:35:05','2020-02-17 08:35:05','others',1,NULL),(520,'Help Desk','help-desk',0,'2020-02-17 08:43:59','2020-02-17 08:43:59','others',1,NULL),(521,'field trip','field-trip',0,'2020-02-17 08:47:19','2020-02-17 08:47:19','others',1,NULL),(522,'Data Management','data-management',0,'2020-02-17 10:08:35','2020-02-17 10:08:35','others',1,NULL),(523,'Strategy','strategy',0,'2020-02-17 19:46:35','2020-02-17 19:46:35','others',1,NULL),(524,'Competitive Intelligence','competitive-intelligence',0,'2020-02-17 19:46:35','2020-02-17 19:46:35','others',1,NULL),(525,'Product Development','product-development',0,'2020-02-17 19:50:58','2020-02-17 19:50:58','others',1,NULL),(526,'Go To Market','go-to-market',0,'2020-02-17 19:50:58','2020-02-17 19:50:58','others',1,NULL),(527,'Compliance','compliance',0,'2020-02-18 03:55:14','2020-02-18 03:55:14','others',1,NULL),(528,'Business creation','business-creation',0,'2020-02-18 03:55:14','2020-02-18 03:55:14','others',1,NULL),(529,'Health, Safety and Seciruty','health-safety-and-seciruty',0,'2020-02-18 03:55:14','2020-02-18 03:55:14','others',1,NULL),(530,'Artisanal Mining and regulation','artisanal-mining-and-regulation',0,'2020-02-18 03:55:14','2020-02-18 03:55:14','others',1,NULL),(531,'Scoping missions','scoping-missions',0,'2020-02-18 04:07:14','2020-02-18 04:07:14','others',1,NULL),(532,'Governance','governance',0,'2020-02-18 04:07:15','2020-02-18 04:07:15','others',1,NULL),(533,'Proposal elaboration','proposal-elaboration',0,'2020-02-18 04:07:15','2020-02-18 04:07:15','others',1,NULL),(534,'Funding search','funding-search',0,'2020-02-18 04:07:15','2020-02-18 04:07:15','others',1,NULL),(535,'workshop organization','workshop-organization',0,'2020-02-18 04:07:15','2020-02-18 04:07:15','others',1,NULL),(536,'Community Development Plan','community-development-plan',0,'2020-02-18 04:29:06','2020-02-18 04:29:06','others',1,NULL),(537,'WASH','wash',0,'2020-02-18 04:55:12','2020-02-18 04:55:12','others',1,NULL),(538,'SAGE','sage',0,'2020-02-18 05:07:24','2020-02-18 05:07:24','others',1,NULL),(539,'HRMAPS','hrmaps',0,'2020-02-18 05:07:24','2020-02-18 05:07:24','others',1,NULL),(540,'Qualipro','qualipro',0,'2020-02-18 05:07:24','2020-02-18 05:07:24','others',1,NULL),(541,'ABILITY TO CONDUCT POST DISTRIBUTION MONITORING','ability-to-conduct-post-distribution-monitoring',0,'2020-02-18 06:03:43','2020-02-18 06:03:43','others',1,NULL),(542,'ABILITY TO MONITOR VARIOUS ACTIVITIES','ability-to-monitor-various-activities',0,'2020-02-18 06:03:43','2020-02-18 06:03:43','others',1,NULL),(543,'REPORTING SKILL','reporting-skill',0,'2020-02-18 06:03:43','2020-02-18 06:03:43','others',1,NULL),(544,'COMMUNICATION FOR DEVELOPMENT','communication-for-development',0,'2020-02-18 06:03:43','2020-02-18 06:03:43','others',1,NULL),(545,'M&E Skill','me-skill',0,'2020-02-18 06:03:43','2020-02-18 06:03:43','others',1,NULL),(546,'Demographic Analysis','demographic-analysis',0,'2020-02-18 13:01:28','2020-02-18 13:01:28','others',1,NULL),(547,'Managerial skill','managerial-skill',0,'2020-02-18 14:21:44','2020-02-18 14:21:44','others',1,NULL),(548,'Public Relations','public-relations',0,'2020-02-19 08:12:04','2020-02-19 08:12:04','others',1,NULL),(549,'Conflict Resolutions','conflict-resolutions',0,'2020-02-19 08:12:05','2020-02-19 08:12:05','others',1,NULL),(550,'General Administration','general-administration',0,'2020-02-19 08:12:05','2020-02-19 08:12:05','others',1,NULL),(551,'Marketing strategy','marketing-strategy',0,'2020-02-19 08:19:55','2020-02-19 08:19:55','others',1,NULL),(552,'Customer relations','customer-relations',0,'2020-02-19 08:19:55','2020-02-19 08:19:55','others',1,NULL),(553,'Unix/Linux','unixlinux',0,'2020-02-19 10:26:10','2020-02-19 10:26:10','others',1,NULL),(554,'SQL Servers','sql-servers',0,'2020-02-19 10:26:11','2020-02-19 10:26:11','others',1,NULL),(555,'Microsoft Office Applications','microsoft-office-applications',0,'2020-02-19 10:26:11','2020-02-19 10:26:11','others',1,NULL),(556,'Basic Networking Skills (TCP/IP)','basic-networking-skills-tcpip',0,'2020-02-19 10:26:11','2020-02-19 10:26:11','others',1,NULL),(557,'Business Analytics','business-analytics',0,'2020-02-19 10:26:11','2020-02-19 10:26:11','others',1,NULL),(558,'SAP BW/MM','sap-bwmm',0,'2020-02-19 10:26:11','2020-02-19 10:26:11','others',1,NULL),(559,'Cloud Computing Data Processing','cloud-computing-data-processing',0,'2020-02-19 10:26:11','2020-02-19 10:26:11','others',1,NULL),(560,'Oracle','oracle',0,'2020-02-19 10:26:11','2020-02-19 10:26:11','others',1,NULL),(561,'Benefits admin','benefits-admin',0,'2020-02-19 13:20:02','2020-02-19 13:20:02','others',1,NULL),(562,'Recruitment','recruitment',0,'2020-02-19 13:20:02','2020-02-19 13:20:02','others',1,NULL),(563,'Workplace investigations','workplace-investigations',0,'2020-02-19 13:20:02','2020-02-19 13:20:02','others',1,NULL),(564,'conflict management','conflict-management',0,'2020-02-19 13:20:02','2020-02-19 13:20:02','others',1,NULL),(565,'Listenkng','listenkng',0,'2020-02-19 17:00:58','2020-02-19 17:00:58','others',1,NULL),(566,'Negotiating','negotiating',0,'2020-02-19 17:00:58','2020-02-19 17:00:58','others',1,NULL),(567,'Delegation','delegation',0,'2020-02-19 17:00:58','2020-02-19 17:00:58','others',1,NULL),(568,'Self motivation','self-motivation',0,'2020-02-19 17:00:58','2020-02-19 17:00:58','others',1,NULL),(569,'Optimism','optimism',0,'2020-02-19 17:00:58','2020-02-19 17:00:58','others',1,NULL),(570,'Business Developement','business-developement',0,'2020-02-19 17:06:50','2020-02-19 17:06:50','others',1,NULL),(571,'Organising','organising',0,'2020-02-19 17:06:51','2020-02-19 17:06:51','others',1,NULL),(572,'Cordination','cordination',0,'2020-02-20 02:18:51','2020-02-20 02:18:51','others',1,NULL),(573,'Dynamic','dynamic',0,'2020-02-20 02:18:51','2020-02-20 02:18:51','others',1,NULL),(574,'CSPRO','cspro',0,'2020-02-20 03:41:21','2020-02-20 03:41:21','others',1,NULL),(575,'Visualization templates','visualization-templates',0,'2020-02-20 05:51:28','2020-02-20 05:51:28','others',1,NULL),(576,'Strong Information Technology, MS office and Graphics designs skills.','strong-information-technology-ms-office-and-graphics-designs-skills',0,'2020-02-20 12:24:33','2020-02-20 12:24:33','others',1,NULL),(577,'Management skills','management-skills',0,'2020-02-20 12:24:33','2020-02-20 12:24:33','others',1,NULL),(578,'Presentation and facilitation skills','presentation-and-facilitation-skills',0,'2020-02-20 12:24:33','2020-02-20 12:24:33','others',1,NULL),(579,'Communication skills','communication-skills',0,'2020-02-20 12:24:33','2020-02-20 12:24:33','others',1,NULL),(580,'Strong IT skills','strong-it-skills',0,'2020-02-20 13:40:50','2020-02-20 13:40:50','others',1,NULL),(581,'Software\'s Installations','softwares-installations',0,'2020-02-20 13:40:50','2020-02-20 13:40:50','others',1,NULL),(582,'Field activity monitoring','field-activity-monitoring',0,'2020-02-21 12:16:11','2020-02-21 12:16:11','others',1,NULL),(583,'Mobile data base skill','mobile-data-base-skill',0,'2020-02-21 12:16:11','2020-02-21 12:16:11','others',1,NULL),(584,'Field monitoring and reporting','field-monitoring-and-reporting',0,'2020-02-21 12:36:56','2020-02-21 12:36:56','others',1,NULL),(585,'Use of mobile device for data collection','use-of-mobile-device-for-data-collection',0,'2020-02-21 12:36:56','2020-02-21 12:36:56','others',1,NULL),(586,'Post Distribution Monitoring (PDM)','post-distribution-monitoring-pdm',0,'2020-02-21 12:48:06','2020-02-21 12:48:06','others',1,NULL),(587,'Price Monitoring','price-monitoring',0,'2020-02-21 12:48:06','2020-02-21 12:48:06','others',1,NULL),(588,'C4D','c4d',0,'2020-02-21 12:53:59','2020-02-21 12:53:59','others',1,NULL),(589,'Cash-based Intervention Programming','cash-based-intervention-programming',0,'2020-02-22 05:02:07','2020-02-22 05:02:07','others',1,NULL),(590,'Situation Analysis','situation-analysis',0,'2020-02-24 00:54:06','2020-02-24 00:54:06','others',1,NULL),(591,'Workshop creation','workshop-creation',0,'2020-02-24 01:05:15','2020-02-24 01:05:15','others',1,NULL),(592,'Research','research',0,'2020-02-24 01:10:16','2020-02-24 01:10:16','others',1,NULL),(593,'Repairs','repairs',0,'2020-02-25 02:35:11','2020-02-25 02:35:11','others',1,NULL),(594,'maps.me','mapsme',0,'2020-02-25 03:50:10','2020-02-25 03:50:10','others',1,NULL),(595,'MCSE','mcse',0,'2020-02-25 08:24:00','2020-02-25 08:24:00','others',1,NULL),(596,'CCTV EXPERT','cctv-expert',0,'2020-02-25 08:26:55','2020-02-25 08:26:55','others',1,NULL),(597,'fundraising','fundraising',0,'2020-02-25 08:54:30','2020-02-25 08:54:30','others',1,NULL),(598,'partnership management','partnership-management',0,'2020-02-25 08:54:30','2020-02-25 08:54:30','others',1,NULL),(599,'civil society','civil-society',0,'2020-02-25 08:54:30','2020-02-25 08:54:30','others',1,NULL),(600,'Food security and livelihoods','food-security-and-livelihoods',0,'2020-02-25 08:54:30','2020-02-25 08:54:30','others',1,NULL),(601,'Protection','protection',0,'2020-02-25 08:54:30','2020-02-25 08:54:30','others',1,NULL),(602,'legal Aid','legal-aid',0,'2020-02-25 08:54:30','2020-02-25 08:54:30','others',1,NULL),(603,'development','development',0,'2020-02-25 08:56:40','2020-02-25 08:56:40','others',1,NULL),(604,'Analysis','analysis',0,'2020-02-25 13:19:04','2020-02-25 13:19:04','others',1,NULL),(605,'Supply','supply',0,'2020-02-25 23:51:23','2020-02-25 23:51:23','others',1,NULL),(606,'Commuication and Coordination','commuication-and-coordination',0,'2020-02-25 23:51:23','2020-02-25 23:51:23','others',1,NULL),(607,'People management','people-management',0,'2020-02-26 00:38:39','2020-02-26 00:38:39','others',1,NULL),(608,'statistical analyses','statistical-analyses',0,'2020-02-26 00:38:39','2020-02-26 00:38:39','others',1,NULL),(609,'Proposal writing','proposal-writing',0,'2020-02-26 00:51:31','2020-02-26 00:51:31','others',1,NULL),(610,'Infographs','infographs',0,'2020-02-26 00:54:28','2020-02-26 00:54:28','others',1,NULL),(611,'knowledge management','knowledge-management',0,'2020-02-26 00:57:41','2020-02-26 00:57:41','others',1,NULL),(612,'stakeholder analysis','stakeholder-analysis',0,'2020-02-26 01:01:04','2020-02-26 01:01:04','others',1,NULL),(613,'social impact assessment','social-impact-assessment',0,'2020-02-26 01:01:04','2020-02-26 01:01:04','others',1,NULL),(614,'environmental impact assessment','environmental-impact-assessment',0,'2020-02-26 01:01:04','2020-02-26 01:01:04','others',1,NULL),(615,'IM system development','im-system-development',0,'2020-02-26 01:04:59','2020-02-26 01:04:59','others',1,NULL),(616,'IM tool design and customization','im-tool-design-and-customization',0,'2020-02-26 01:12:38','2020-02-26 01:12:38','others',1,NULL),(617,'Leadership skill','leadership-skill',0,'2020-02-26 08:32:53','2020-02-26 08:32:53','others',1,NULL),(618,'Team building skills','team-building-skills',0,'2020-02-26 08:32:54','2020-02-26 08:32:54','others',1,NULL),(619,'Time management skills','time-management-skills',0,'2020-02-26 08:32:54','2020-02-26 08:32:54','others',1,NULL),(620,'Prioritization skills','prioritization-skills',0,'2020-02-26 08:32:54','2020-02-26 08:32:54','others',1,NULL),(621,'Financial Management','financial-management',0,'2020-02-26 08:40:24','2020-02-26 08:40:24','others',1,NULL),(622,'Administrator','administrator',0,'2020-02-26 22:36:24','2020-02-26 22:36:24','others',1,NULL),(623,'ESA SNAP','esa-snap',0,'2020-02-27 03:38:51','2020-02-27 03:38:51','others',1,NULL),(624,'Lidar/Radar Analysis','lidarradar-analysis',0,'2020-02-27 03:38:51','2020-02-27 03:38:51','others',1,NULL),(625,'ERDAS Imagine; ENVI','erdas-imagine-envi',0,'2020-02-27 03:48:32','2020-02-27 03:48:32','others',1,NULL),(626,'Psychosocial','psychosocial',0,'2020-02-27 04:12:30','2020-02-27 04:12:30','others',1,NULL),(627,'Grants Management','grants-management',0,'2020-02-28 01:38:39','2020-02-28 01:38:39','others',1,NULL),(628,'Campaign Design & Implementation','campaign-design-implementation',0,'2020-02-28 01:38:39','2020-02-28 01:38:39','others',1,NULL),(629,'Financial Compliance','financial-compliance',0,'2020-02-28 01:38:39','2020-02-28 01:38:39','others',1,NULL),(630,'Government Liaison & Coordination','government-liaison-coordination',0,'2020-02-28 01:38:39','2020-02-28 01:38:39','others',1,NULL),(631,'Contract Management','contract-management',0,'2020-02-28 01:38:39','2020-02-28 01:38:39','others',1,NULL),(632,'Budget Tracking','budget-tracking',0,'2020-02-28 01:38:39','2020-02-28 01:38:39','others',1,NULL),(633,'SUPPORT','support',0,'2020-02-28 01:57:09','2020-02-28 01:57:09','others',1,NULL),(634,'donor compliance and coordination','donor-compliance-and-coordination',0,'2020-02-28 02:00:29','2020-02-28 02:00:29','others',1,NULL),(635,'Operation Dashboard ESRI','operation-dashboard-esri',0,'2020-02-29 02:49:47','2020-02-29 02:49:47','others',1,NULL),(636,'Programme Management','programme-management',0,'2020-02-29 18:41:50','2020-02-29 18:41:50','others',1,NULL),(637,'Early Reintegration','early-reintegration',0,'2020-02-29 19:37:02','2020-02-29 19:37:02','others',1,NULL),(638,'Regional planning','regional-planning',0,'2020-02-29 19:37:02','2020-02-29 19:37:02','others',1,NULL),(639,'GIS-Web','gis-web',0,'2020-02-29 19:37:02','2020-02-29 19:37:02','others',1,NULL),(640,'Statistical and Data analysis','statistical-and-data-analysis',0,'2020-02-29 19:37:02','2020-02-29 19:37:02','others',1,NULL),(641,'Mapping','mapping',0,'2020-03-02 02:00:56','2020-03-02 02:00:56','others',1,NULL),(642,'Graphic Design','graphic-design',0,'2020-03-02 04:25:47','2020-03-02 04:25:47','others',1,NULL),(643,'Photography','photography',0,'2020-03-02 04:28:46','2020-03-02 04:28:46','others',1,NULL),(644,'Maintenance','maintenance',0,'2020-03-02 04:42:52','2020-03-02 04:42:52','others',1,NULL),(645,'Production Line','production-line',0,'2020-03-02 04:42:52','2020-03-02 04:42:52','others',1,NULL),(650,'problem-solving','problem-solving',0,'2020-03-02 13:04:28','2020-03-02 13:04:28','others',1,NULL),(651,'drone data','drone-data',0,'2020-03-02 13:07:20','2020-03-02 13:07:20','others',1,NULL),(657,'mapinfo','mapinfo',0,'2020-03-02 22:51:03','2020-03-02 22:51:03','others',1,NULL),(658,'Soft skills','soft-skills',0,'2020-03-03 04:21:47','2020-03-03 04:21:47','others',1,NULL),(659,' Exceptional written and oral communication abilities.   Proven leadership and managerial skills.  Installation and maintenance of surveillance camera (CCTV).','exceptional-written-and-oral-communication-abilities-proven-leadership-and-managerial-skills-installation-and-maintenance-of-surveillance-camera-cctv',0,'2020-03-03 04:53:03','2020-03-03 04:53:03','others',1,NULL),(660,'Result oriented, flexible, team work spirit, outspoken','result-oriented-flexible-team-work-spirit-outspoken',0,'2020-03-03 06:00:20','2020-03-03 06:00:20','others',1,NULL),(661,'Easy to adaptability and ready to work under stress','easy-to-adaptability-and-ready-to-work-under-stress',0,'2020-03-03 07:28:59','2020-03-03 07:28:59','others',1,NULL),(662,'Play! framework','play-framework',0,'2020-03-03 08:51:38','2020-03-03 08:51:38','others',1,NULL),(663,'Cisco Networking','cisco-networking',0,'2020-03-03 15:04:19','2020-03-03 15:04:19','others',1,NULL),(664,'Active Directory','active-directory',0,'2020-03-03 15:04:19','2020-03-03 15:04:19','others',1,NULL),(665,'Exchange','exchange',0,'2020-03-03 15:04:19','2020-03-03 15:04:19','others',1,NULL),(670,'Network security','network-security',0,'2020-03-03 15:46:50','2020-03-03 15:46:50','others',1,NULL),(675,'Telecommunications','telecommunications',0,'2020-03-03 15:57:04','2020-03-03 15:57:04','others',1,NULL),(676,'agriculture development','agriculture-development',0,'2020-03-04 03:48:13','2020-03-04 03:48:13','immap',1,NULL),(677,'antiquities','antiquities',0,'2020-03-04 05:59:43','2020-03-04 05:59:43','others',1,NULL),(678,'Palantir','palantir',0,'2020-03-04 05:59:43','2020-03-04 05:59:43','others',1,NULL),(679,'systems integration','systems-integration',0,'2020-03-04 06:07:21','2020-03-04 06:07:21','others',1,NULL),(680,'web application firewall management','web-application-firewall-management',0,'2020-03-04 06:08:37','2020-03-04 06:08:37','others',1,NULL),(681,'Policy development','policy-development',0,'2020-03-04 08:48:17','2020-03-04 08:48:17','others',1,NULL),(682,'Methodology design','methodology-design',0,'2020-03-04 09:13:49','2020-03-04 09:13:49','others',1,NULL),(683,'Auditing','auditing',0,'2020-03-05 02:27:11','2020-03-05 02:27:11','others',1,NULL),(684,'Internal Auditing','internal-auditing',0,'2020-03-05 02:27:11','2020-03-05 02:27:11','others',1,NULL),(685,'IT Support','it-support',0,'2020-03-05 02:31:16','2020-03-05 02:31:16','others',1,NULL),(686,'Network Administration','network-administration',0,'2020-03-05 02:31:16','2020-03-05 02:31:16','others',1,NULL),(687,'Mine Action Operations','mine-action-operations',0,'2020-03-05 06:08:45','2020-03-05 06:08:45','others',1,NULL),(688,'Strategy Development','strategy-development',0,'2020-03-05 10:23:39','2020-03-05 10:23:39','others',1,NULL),(689,'Kobo Toolbox','kobo-toolbox',0,'2020-03-05 10:23:39','2020-03-05 10:23:39','others',1,NULL),(690,'Microsoft Excel (Power Pivot, Power Query, Power BI)','microsoft-excel-power-pivot-power-query-power-bi',0,'2020-03-05 10:23:39','2020-03-05 10:23:39','others',1,NULL),(691,'SPSS & Basics of R','spss-basics-of-r',0,'2020-03-05 10:23:39','2020-03-05 10:23:39','others',1,NULL),(692,'Publisher','publisher',0,'2020-03-05 10:23:39','2020-03-05 10:23:39','others',1,NULL),(693,'Prezi','prezi',0,'2020-03-05 10:23:39','2020-03-05 10:23:39','others',1,NULL),(694,'Information Dissemination','information-dissemination',0,'2020-03-05 10:23:39','2020-03-05 10:23:39','others',1,NULL),(695,'Research Design','research-design',0,'2020-03-05 10:23:39','2020-03-05 10:23:39','others',1,NULL),(696,'Capacity Building / Training','capacity-building-training',0,'2020-03-05 10:23:39','2020-03-05 10:23:39','others',1,NULL),(697,'Training Module Development','training-module-development',0,'2020-03-05 10:23:39','2020-03-05 10:23:39','others',1,NULL),(698,'Managerial','managerial',0,'2020-03-05 10:23:39','2020-03-05 10:23:39','others',1,NULL),(700,'Photography and Videography','photography-and-videography',0,'2020-03-05 10:23:39','2020-03-05 10:23:39','others',1,NULL),(701,'Human Interest Story Writing','human-interest-story-writing',0,'2020-03-05 10:23:40','2020-03-05 10:23:40','others',1,NULL),(702,'Protection Information Management','protection-information-management',0,'2020-03-05 10:23:40','2020-03-05 10:23:40','others',1,NULL),(703,'Interagency / Coordination IM Support','interagency-coordination-im-support',0,'2020-03-05 10:23:40','2020-03-05 10:23:40','others',1,NULL),(704,'Highly-Organized','highly-organized',0,'2020-03-05 10:23:40','2020-03-05 10:23:40','others',1,NULL),(705,'Detail-Oriented','detail-oriented',0,'2020-03-05 10:23:40','2020-03-05 10:23:40','others',1,NULL),(706,'Team Player','team-player',0,'2020-03-05 10:23:40','2020-03-05 10:23:40','others',1,NULL),(707,'Value Excellence','value-excellence',0,'2020-03-05 10:23:40','2020-03-05 10:23:40','others',1,NULL),(708,'Analytical','analytical',0,'2020-03-05 10:23:40','2020-03-05 10:23:40','others',1,NULL),(709,'Innovative','innovative',0,'2020-03-05 10:23:40','2020-03-05 10:23:40','others',1,NULL),(710,'Proactive Leader','proactive-leader',0,'2020-03-05 10:23:40','2020-03-05 10:23:40','others',1,NULL),(711,'Persevere','persevere',0,'2020-03-05 10:23:40','2020-03-05 10:23:40','others',1,NULL),(712,'Honest','honest',0,'2020-03-05 10:23:40','2020-03-05 10:23:40','others',1,NULL),(713,'News Writing','news-writing',0,'2020-03-05 10:30:24','2020-03-05 10:30:24','others',1,NULL),(714,'Volunteer','volunteer',0,'2020-03-05 10:36:03','2020-03-05 10:36:03','others',1,NULL),(715,'human-centered design','human-centered-design',0,'2020-03-06 04:59:11','2020-03-06 04:59:11','others',1,NULL),(716,'actual & visual design','actual-visual-design',0,'2020-03-06 04:59:34','2020-03-06 04:59:34','others',1,NULL),(717,'storytelling','storytelling',0,'2020-03-06 04:59:48','2020-03-06 04:59:48','others',1,NULL),(718,'presentation skills','presentation-skills',0,'2020-03-06 05:00:14','2020-03-06 05:00:14','others',1,NULL),(719,'Management and coordination, Donors relation.','management-and-coordination-donors-relation',0,'2020-03-07 00:45:01','2020-03-07 00:45:01','others',1,NULL),(728,'Feature Writing','feature-writing',0,'2020-03-08 08:18:15','2020-03-08 08:18:15','others',1,NULL),(729,'SDI','sdi',0,'2020-03-09 07:41:54','2020-03-09 07:41:54','others',1,NULL),(730,'Web GIS','web-gis',0,'2020-03-09 07:43:17','2020-03-09 07:43:17','others',1,NULL),(731,'database development','database-development',0,'2020-03-09 07:48:27','2020-03-09 07:48:27','others',1,NULL),(732,'Negotiation','negotiation',0,'2020-03-09 07:50:07','2020-03-09 07:50:07','others',1,NULL),(733,'Military','military',0,'2020-03-09 10:14:33','2020-03-09 10:14:33','others',1,NULL),(734,'Crisis Management','crisis-management',0,'2020-03-09 10:14:58','2020-03-09 10:14:58','others',1,NULL),(735,'Incident Management','incident-management',0,'2020-03-09 10:14:58','2020-03-09 10:14:58','others',1,NULL),(736,'Security Management','security-management',0,'2020-03-09 10:14:58','2020-03-09 10:14:58','others',1,NULL),(737,'Travel Tracking','travel-tracking',0,'2020-03-09 10:23:36','2020-03-09 10:23:36','others',1,NULL),(738,'Plans','plans',0,'2020-03-09 10:23:36','2020-03-09 10:23:36','others',1,NULL),(739,'Miitary','miitary',0,'2020-03-09 10:25:48','2020-03-09 10:25:48','others',1,NULL),(740,'Close Protection','close-protection',0,'2020-03-09 10:30:46','2020-03-09 10:30:46','others',1,NULL),(741,'Guard Force Management','guard-force-management',0,'2020-03-09 10:38:08','2020-03-09 10:38:08','others',1,NULL),(742,'Procedures','procedures',0,'2020-03-09 10:38:09','2020-03-09 10:38:09','others',1,NULL),(743,'Health and Safety','health-and-safety',0,'2020-03-09 10:38:09','2020-03-09 10:38:09','others',1,NULL),(744,'Force protection','force-protection',0,'2020-03-09 10:43:11','2020-03-09 10:43:11','others',1,NULL),(745,'peacekeeping','peacekeeping',0,'2020-03-09 10:43:11','2020-03-09 10:43:11','others',1,NULL),(746,'Investigations','investigations',0,'2020-03-09 10:43:49','2020-03-09 10:43:49','others',1,NULL),(747,'Surveillance','surveillance',0,'2020-03-09 10:43:49','2020-03-09 10:43:49','others',1,NULL),(748,'Prosecutions','prosecutions',0,'2020-03-09 10:43:49','2020-03-09 10:43:49','others',1,NULL),(749,'Legal','legal',0,'2020-03-09 10:43:49','2020-03-09 10:43:49','others',1,NULL),(750,'corporate security','corporate-security',0,'2020-03-09 10:55:34','2020-03-09 10:55:34','others',1,NULL),(751,'Infographics','infographics',0,'2020-03-09 14:30:53','2020-03-09 14:30:53','others',1,NULL),(752,'Proposal Writting','proposal-writting',0,'2020-03-09 14:39:23','2020-03-09 14:39:23','others',1,NULL),(753,'Business Development','business-development',0,'2020-03-09 14:39:23','2020-03-09 14:39:23','others',1,NULL),(754,'Humanitarian Coordination','humanitarian-coordination',0,'2020-03-09 14:39:23','2020-03-09 14:39:23','others',1,NULL),(755,'Public Sector Capacity Building','public-sector-capacity-building',0,'2020-03-09 14:39:23','2020-03-09 14:39:23','others',1,NULL),(756,'Disaster Assessments','disaster-assessments',0,'2020-03-09 14:39:23','2020-03-09 14:39:23','others',1,NULL),(757,'city profiling','city-profiling',0,'2020-03-09 15:01:07','2020-03-09 15:01:07','others',1,NULL),(758,'Program Management','program-management',0,'2020-03-09 15:16:10','2020-03-09 15:16:10','others',1,NULL),(759,'Training and Capacity Building','training-and-capacity-building',0,'2020-03-09 15:16:10','2020-03-09 15:16:10','others',1,NULL),(760,'Donor Communication','donor-communication',0,'2020-03-09 15:21:57','2020-03-09 15:21:57','others',1,NULL),(761,'Conflict sensitivity','conflict-sensitivity',0,'2020-03-10 01:13:12','2020-03-10 01:13:12','others',1,NULL),(762,'Stakeholder Engagement','stakeholder-engagement',0,'2020-03-10 01:13:12','2020-03-10 01:13:12','others',1,NULL),(763,'Donor Briefings','donor-briefings',0,'2020-03-10 01:13:12','2020-03-10 01:13:12','others',1,NULL),(764,'Quality assurance','quality-assurance',0,'2020-03-10 01:13:12','2020-03-10 01:13:12','others',1,NULL),(765,'Programme Development','programme-development',0,'2020-03-10 01:22:22','2020-03-10 01:22:22','others',1,NULL),(766,'Corporate Development','corporate-development',0,'2020-03-10 01:22:22','2020-03-10 01:22:22','others',1,NULL),(767,'Organisational Learning','organisational-learning',0,'2020-03-10 01:22:22','2020-03-10 01:22:22','others',1,NULL),(768,'Talent Identification','talent-identification',0,'2020-03-10 01:22:22','2020-03-10 01:22:22','others',1,NULL),(769,'Best Practice Identification','best-practice-identification',0,'2020-03-10 01:22:22','2020-03-10 01:22:22','others',1,NULL),(770,'Budget Building','budget-building',0,'2020-03-10 01:22:22','2020-03-10 01:22:22','others',1,NULL),(771,'Technical expertise','technical-expertise',0,'2020-03-10 01:47:59','2020-03-10 01:47:59','others',1,NULL),(772,'Briefings','briefings',0,'2020-03-10 01:57:56','2020-03-10 01:57:56','others',1,NULL),(773,'Strategic Thinking','strategic-thinking',0,'2020-03-10 01:57:56','2020-03-10 01:57:56','others',1,NULL),(774,'Planning and Coordination','planning-and-coordination',0,'2020-03-10 02:02:56','2020-03-10 02:02:56','others',1,NULL),(775,'Hostile environments','hostile-environments',0,'2020-03-10 02:27:55','2020-03-10 02:27:55','others',1,NULL),(776,'Medical','medical',0,'2020-03-10 02:27:55','2020-03-10 02:27:55','others',1,NULL),(777,'Security assessments','security-assessments',0,'2020-03-10 02:27:55','2020-03-10 02:27:55','others',1,NULL),(778,'Evacuation planning','evacuation-planning',0,'2020-03-10 02:27:55','2020-03-10 02:27:55','others',1,NULL),(779,'security guarding','security-guarding',0,'2020-03-10 02:31:11','2020-03-10 02:31:11','others',1,NULL),(780,'CPO','cpo',0,'2020-03-10 02:34:34','2020-03-10 02:34:34','others',1,NULL),(781,'KoboToolBox','kobotoolbox',0,'2020-03-10 07:34:36','2020-03-10 07:34:36','others',1,NULL),(782,'AWS','aws',0,'2020-03-10 07:34:36','2020-03-10 07:34:36','others',1,NULL),(783,'Tibco Spotfire','tibco-spotfire',0,'2020-03-10 07:54:31','2020-03-10 07:54:31','others',1,NULL),(784,'Pentaho Data Integrator','pentaho-data-integrator',0,'2020-03-10 07:54:31','2020-03-10 07:54:31','others',1,NULL),(785,'Knime','knime',0,'2020-03-10 07:54:31','2020-03-10 07:54:31','others',1,NULL),(786,'Database Design and Management','database-design-and-management',0,'2020-03-10 08:06:06','2020-03-10 08:06:06','others',1,NULL),(787,'Data Reconciliation','data-reconciliation',0,'2020-03-10 08:06:06','2020-03-10 08:06:06','others',1,NULL),(788,'PL SQL','pl-sql',0,'2020-03-10 08:07:32','2020-03-10 08:07:32','others',1,NULL),(789,'Research ability, Collaboration use of statistical software in data analysis.','research-ability-collaboration-use-of-statistical-software-in-data-analysis',0,'2020-03-10 12:04:05','2020-03-10 12:04:05','others',1,NULL),(790,'Planning for Monitoring and Evaluation, Capacity Development for Monitoring and Evaluation, Drive for Results and ability in using of Statistical Software (STATA)','planning-for-monitoring-and-evaluation-capacity-development-for-monitoring-and-evaluation-drive-for-results-and-ability-in-using-of-statistical-software-stata',0,'2020-03-10 12:13:09','2020-03-10 12:13:09','others',1,NULL),(791,'Data management skills, use of  Statistical Software (SPSS).','data-management-skills-use-of-statistical-software-spss',0,'2020-03-10 12:19:45','2020-03-10 12:19:45','others',1,NULL),(792,'MONITORING','monitoring',0,'2020-03-10 16:03:57','2020-03-10 16:03:57','others',1,NULL),(793,'EVALUATION','evaluation',0,'2020-03-10 16:03:57','2020-03-10 16:03:57','others',1,NULL),(794,'security training','security-training',0,'2020-03-10 21:06:32','2020-03-10 21:06:32','others',1,NULL),(795,'Diplomatic Security','diplomatic-security',0,'2020-03-10 21:14:45','2020-03-10 21:14:45','others',1,NULL),(796,'risk assessment','risk-assessment',0,'2020-03-11 00:54:58','2020-03-11 00:54:58','others',1,NULL),(797,'ETABS','etabs',0,'2020-03-11 15:25:01','2020-03-11 15:25:01','others',1,NULL),(798,'SAP2000','sap2000',0,'2020-03-11 15:25:01','2020-03-11 15:25:01','others',1,NULL),(799,'Primavera','primavera',0,'2020-03-11 15:25:01','2020-03-11 15:25:01','others',1,NULL),(800,'clint orintation','clint-orintation',0,'2020-03-12 03:51:47','2020-03-12 03:51:47','others',1,NULL),(801,'Security Risk Assessment','security-risk-assessment',0,'2020-03-12 04:00:36','2020-03-12 04:00:36','others',1,NULL),(802,'Police Managment','police-managment',0,'2020-03-12 04:05:11','2020-03-12 04:05:11','others',1,NULL),(803,'interview','interview',0,'2020-03-12 04:05:11','2020-03-12 04:05:11','others',1,NULL),(804,'Forecasting','forecasting',0,'2020-03-12 04:08:09','2020-03-12 04:08:09','others',1,NULL),(805,'Donor proposals','donor-proposals',0,'2020-03-12 04:08:09','2020-03-12 04:08:09','others',1,NULL),(806,'Duty of Care','duty-of-care',0,'2020-03-12 04:08:09','2020-03-12 04:08:09','others',1,NULL),(807,'Asset Protection','asset-protection',0,'2020-03-14 07:06:08','2020-03-14 07:06:08','others',1,NULL),(808,'Travel Risk','travel-risk',0,'2020-03-14 12:19:17','2020-03-14 12:19:17','others',1,NULL),(809,'Security Risk Management','security-risk-management',0,'2020-03-14 12:19:17','2020-03-14 12:19:17','others',1,NULL),(810,'Security Briefing','security-briefing',0,'2020-03-14 12:19:17','2020-03-14 12:19:17','others',1,NULL),(811,'Political Risk Analysis','political-risk-analysis',0,'2020-03-14 12:19:17','2020-03-14 12:19:17','others',1,NULL),(812,'Risk Analysis','risk-analysis',0,'2020-03-14 12:22:59','2020-03-14 12:22:59','others',1,NULL),(813,'middle east','middle-east',0,'2020-03-14 12:36:54','2020-03-14 12:36:54','others',1,NULL),(814,'LAW ENFORCEMENT','law-enforcement',0,'2020-03-15 05:57:45','2020-03-15 05:57:45','others',1,NULL),(815,'Information Security','information-security',0,'2020-03-15 08:39:29','2020-03-15 08:39:29','others',1,NULL),(816,'Physical Security','physical-security',0,'2020-03-15 08:39:29','2020-03-15 08:39:29','others',1,NULL),(817,'team leadership','team-leadership',0,'2020-03-16 01:03:20','2020-03-16 01:03:20','immap',1,NULL),(818,'scrum/scrum master','scrumscrum-master',0,'2020-03-16 01:04:30','2020-03-16 01:04:30','others',1,NULL),(819,'ubuntu linux','ubuntu-linux',0,'2020-03-16 01:04:51','2020-03-16 01:04:51','others',1,NULL),(820,'git','git',0,'2020-03-16 01:05:50','2020-03-16 01:05:50','others',1,NULL),(821,'drupal','drupal',0,'2020-03-16 01:06:14','2020-03-16 01:06:14','others',1,NULL),(822,'emergency response','emergency-response',0,'2020-03-16 05:37:57','2020-03-16 05:37:57','others',1,NULL),(823,'Law','law',0,'2020-03-16 11:48:34','2020-03-16 11:48:34','others',1,NULL),(824,'Analytical Skill','analytical-skill',0,'2020-03-17 21:41:58','2020-03-17 21:41:58','others',1,NULL),(825,'ACTIVE LISTENING','active-listening',0,'2020-03-22 05:58:23','2020-03-22 05:58:23','others',1,NULL),(826,'Same as IMO skills required','same-as-imo-skills-required',0,'2020-03-22 06:07:25','2020-03-22 06:07:25','others',1,NULL),(827,'Geographical Information system','geographical-information-system',0,'2020-03-22 06:18:18','2020-03-22 06:18:18','others',1,NULL),(828,'IT Audit','it-audit',0,'2020-03-23 12:45:47','2020-03-23 12:45:47','others',1,NULL),(829,'Information Technology','information-technology',0,'2020-03-25 06:23:02','2020-03-25 06:23:02','others',1,NULL),(830,'VoIP','voip',0,'2020-03-25 14:07:33','2020-03-25 14:07:33','others',1,NULL),(831,'Asterisk PBX','asterisk-pbx',0,'2020-03-25 14:07:33','2020-03-25 14:07:33','others',1,NULL),(832,'VPN','vpn',0,'2020-03-25 14:07:33','2020-03-25 14:07:33','others',1,NULL),(833,'switching and routing','switching-and-routing',0,'2020-03-25 14:12:40','2020-03-25 14:12:40','others',1,NULL),(834,'network planning','network-planning',0,'2020-03-25 14:12:40','2020-03-25 14:12:40','others',1,NULL),(835,'network design','network-design',0,'2020-03-25 14:12:40','2020-03-25 14:12:40','others',1,NULL),(836,'network monitoring','network-monitoring',0,'2020-03-25 14:12:40','2020-03-25 14:12:40','others',1,NULL),(837,'DNS','dns',0,'2020-03-25 14:12:40','2020-03-25 14:12:40','others',1,NULL),(838,'Web Server','web-server',0,'2020-03-25 14:12:40','2020-03-25 14:12:40','others',1,NULL),(839,'File Server','file-server',0,'2020-03-25 14:12:40','2020-03-25 14:12:40','others',1,NULL),(840,'routing and switching','routing-and-switching',0,'2020-03-25 14:22:32','2020-03-25 14:22:32','others',1,NULL),(841,'Microsoft AD Server Adminstration','microsoft-ad-server-adminstration',0,'2020-03-25 14:22:32','2020-03-25 14:22:32','others',1,NULL),(842,'Microsoft applications','microsoft-applications',0,'2020-03-25 14:26:23','2020-03-25 14:26:23','others',1,NULL),(843,'docker','docker',0,'2020-03-26 06:06:53','2020-03-26 06:06:53','others',1,NULL),(844,'.NET','net',0,'2020-03-26 06:49:05','2020-03-26 06:49:05','others',1,NULL),(847,'awareness','awareness',0,'2020-03-26 13:01:26','2020-03-26 13:01:26','others',1,NULL),(848,'Umap','umap',0,'2020-03-27 02:38:55','2020-03-27 02:38:55','others',1,NULL),(849,'operational roll-out','operational-roll-out',0,'2020-03-27 04:21:08','2020-03-27 04:21:08','others',1,NULL),(850,'SurveyCTO','surveycto',0,'2020-03-27 15:18:31','2020-03-27 15:18:31','others',1,NULL),(851,'Climate Change Adaptation','climate-change-adaptation',0,'2020-03-30 01:11:41','2020-03-30 01:11:41','others',1,NULL),(852,'Water Management','water-management',0,'2020-03-30 01:11:41','2020-03-30 01:11:41','others',1,NULL),(853,'education','education',0,'2020-03-30 01:12:49','2020-03-30 01:12:49','others',1,NULL),(854,'Negotiation Skills','negotiation-skills',0,'2020-03-30 05:09:54','2020-03-30 05:09:54','others',1,NULL),(855,'excellent computer Skills','excellent-computer-skills',0,'2020-03-30 05:09:54','2020-03-30 05:09:54','others',1,NULL),(856,'GBV','gbv',0,'2020-03-30 11:12:23','2020-03-30 11:12:23','others',1,NULL),(857,'work in high risk areas','work-in-high-risk-areas',0,'2020-03-30 11:23:35','2020-03-30 11:23:35','others',1,NULL),(858,'boundary delineation','boundary-delineation',0,'2020-03-31 09:56:53','2020-03-31 09:56:53','others',1,NULL),(859,'population estimates','population-estimates',0,'2020-03-31 09:56:53','2020-03-31 09:56:53','others',1,NULL),(860,'Data QC/QA','data-qcqa',0,'2020-03-31 09:56:53','2020-03-31 09:56:53','others',1,NULL),(861,'Interaction Skills','interaction-skills',0,'2020-03-31 12:27:16','2020-03-31 12:27:16','others',1,NULL),(862,'Experience gained in ODK and DHARMA System','experience-gained-in-odk-and-dharma-system',0,'2020-03-31 12:27:16','2020-03-31 12:27:16','others',1,NULL),(863,'Operations','operations',0,'2020-03-31 19:37:53','2020-03-31 19:37:53','others',1,NULL),(864,'Business Continuity','business-continuity',0,'2020-03-31 19:37:53','2020-03-31 19:37:53','others',1,NULL),(865,'Policy Advice','policy-advice',0,'2020-03-31 19:37:53','2020-03-31 19:37:53','others',1,NULL),(866,'Corporate Management','corporate-management',0,'2020-03-31 19:43:46','2020-03-31 19:43:46','others',1,NULL),(867,'Intelligence Analysis','intelligence-analysis',0,'2020-03-31 19:47:55','2020-03-31 19:47:55','others',1,NULL),(868,'Policy Drafting','policy-drafting',0,'2020-03-31 19:47:55','2020-03-31 19:47:55','others',1,NULL),(869,'Political Negotiation','political-negotiation',0,'2020-03-31 19:47:55','2020-03-31 19:47:55','others',1,NULL),(870,'application server','application-server',0,'2020-04-01 02:14:50','2020-04-01 02:14:50','others',1,NULL),(871,'web services','web-services',0,'2020-04-01 02:14:50','2020-04-01 02:14:50','others',1,NULL),(872,'Oracle database','oracle-database',0,'2020-04-01 02:50:54','2020-04-01 02:50:54','others',1,NULL),(873,'Statistical Methodology','statistical-methodology',0,'2020-04-01 05:35:40','2020-04-01 05:35:40','others',1,NULL),(874,'ERDAS','erdas',0,'2020-04-01 08:55:20','2020-04-01 08:55:20','others',1,NULL),(875,'GIMP','gimp',0,'2020-04-01 08:55:20','2020-04-01 08:55:20','others',1,NULL),(876,'Tactical decision-making','tactical-decision-making',0,'2020-04-02 01:41:21','2020-04-02 01:41:21','others',1,NULL),(877,'First-Aid Training','first-aid-training',0,'2020-04-02 01:41:21','2020-04-02 01:41:21','others',1,NULL),(878,'Communications Systems','communications-systems',0,'2020-04-02 01:41:21','2020-04-02 01:41:21','others',1,NULL),(879,'Intelligence Briefings','intelligence-briefings',0,'2020-04-02 01:45:19','2020-04-02 01:45:19','others',1,NULL),(880,'Conflict Analysis','conflict-analysis',0,'2020-04-02 01:45:19','2020-04-02 01:45:19','others',1,NULL),(881,'Network Analysis','network-analysis',0,'2020-04-02 01:49:55','2020-04-02 01:49:55','others',1,NULL),(882,'Social Media Monitoring','social-media-monitoring',0,'2020-04-02 01:49:55','2020-04-02 01:49:55','others',1,NULL),(883,'Open Source Intelligence','open-source-intelligence',0,'2020-04-02 01:49:56','2020-04-02 01:49:56','others',1,NULL),(884,'Counter-Terrorism','counter-terrorism',0,'2020-04-02 01:53:40','2020-04-02 01:53:40','others',1,NULL),(885,'MEAL','meal',0,'2020-04-02 07:12:10','2020-04-02 07:12:10','others',1,NULL),(886,'Project Operations','project-operations',0,'2020-04-02 07:28:06','2020-04-02 07:28:06','others',1,NULL),(887,'xlsform','xlsform',0,'2020-04-02 07:52:28','2020-04-02 07:52:28','others',1,NULL),(888,'Scientific writing','scientific-writing',0,'2020-04-02 11:14:23','2020-04-02 11:14:23','others',1,NULL),(889,'Clinical Care, Managed care','clinical-care-managed-care',0,'2020-04-02 11:24:20','2020-04-02 11:24:20','others',1,NULL),(890,'Clinical care, Mentoring','clinical-care-mentoring',0,'2020-04-02 11:28:58','2020-04-02 11:28:58','others',1,NULL),(891,'collect, organize and manage information','collect-organize-and-manage-information',0,'2020-04-02 11:48:46','2020-04-02 11:48:46','others',1,NULL),(892,'interdisciplinary link','interdisciplinary-link',0,'2020-04-02 11:49:04','2020-04-02 11:49:04','others',1,NULL),(893,'good computer skills and manage information','good-computer-skills-and-manage-information',0,'2020-04-02 11:53:57','2020-04-02 11:53:57','others',1,NULL),(894,'Designing Survey','designing-survey',0,'2020-04-02 17:18:03','2020-04-02 17:18:03','others',1,NULL),(895,'Cartogaphy','cartogaphy',0,'2020-04-02 20:44:42','2020-04-02 20:44:42','others',1,NULL),(896,'Application design and Implementation','application-design-and-implementation',0,'2020-04-03 05:41:03','2020-04-03 05:41:03','others',1,NULL),(897,'IT Trainning','it-trainning',0,'2020-04-03 06:13:00','2020-04-03 06:13:00','others',1,NULL),(898,'Weapons','weapons',0,'2020-04-03 08:40:03','2020-04-03 08:40:03','others',1,NULL),(899,'Technical Drawing','technical-drawing',0,'2020-04-03 08:40:03','2020-04-03 08:40:03','others',1,NULL),(900,'Soldiering','soldiering',0,'2020-04-03 08:40:03','2020-04-03 08:40:03','others',1,NULL),(901,'banking','banking',0,'2020-04-03 08:42:59','2020-04-03 08:42:59','others',1,NULL),(902,'Cashbook','cashbook',0,'2020-04-03 08:42:59','2020-04-03 08:42:59','others',1,NULL),(903,'Construction','construction',0,'2020-04-03 08:45:36','2020-04-03 08:45:36','others',1,NULL),(904,'journalistic writing','journalistic-writing',0,'2020-04-03 08:45:37','2020-04-03 08:45:37','others',1,NULL),(905,'Policing','policing',0,'2020-04-03 08:53:15','2020-04-03 08:53:15','others',1,NULL),(906,'rigging','rigging',0,'2020-04-03 08:56:17','2020-04-03 08:56:17','others',1,NULL),(907,'safety management','safety-management',0,'2020-04-03 08:56:17','2020-04-03 08:56:17','others',1,NULL),(908,'EOD','eod',0,'2020-04-03 09:00:05','2020-04-03 09:00:05','others',1,NULL),(909,'Risk Education','risk-education',0,'2020-04-03 09:06:50','2020-04-03 09:06:50','others',1,NULL),(910,'Master Data Management','master-data-management',0,'2020-04-03 11:17:30','2020-04-03 11:17:30','others',1,NULL),(911,'Data Integration','data-integration',0,'2020-04-03 11:17:30','2020-04-03 11:17:30','others',1,NULL),(912,'Datawarehousing','datawarehousing',0,'2020-04-03 11:23:59','2020-04-03 11:23:59','others',1,NULL),(913,'Nvivo','nvivo',0,'2020-04-04 00:53:55','2020-04-04 00:53:55','others',1,NULL),(914,'administrateur site web','administrateur-site-web',0,'2020-04-04 01:28:07','2020-04-04 01:28:07','others',1,NULL),(915,'Data collection Tools development','data-collection-tools-development',0,'2020-04-04 13:46:02','2020-04-04 13:46:02','others',1,NULL),(916,'Event planning','event-planning',0,'2020-04-04 22:58:37','2020-04-04 22:58:37','others',1,NULL),(917,'Public Private Dialogue  (PPD), Partnership Development','public-private-dialogue-ppd-partnership-development',0,'2020-04-05 05:53:12','2020-04-05 05:53:12','others',1,NULL),(918,'Public Policy, Decentralization, Democratic Governance','public-policy-decentralization-democratic-governance',0,'2020-04-05 05:53:12','2020-04-05 05:53:12','others',1,NULL),(919,'Strategic/Longer-term Planning (Bottom up Participatory Development Planning)','strategiclonger-term-planning-bottom-up-participatory-development-planning',0,'2020-04-05 05:53:12','2020-04-05 05:53:12','others',1,NULL),(920,'Sustainable Livelihoods (Micro, Small & Medium sized Enterprise Development )','sustainable-livelihoods-micro-small-medium-sized-enterprise-development',0,'2020-04-05 06:26:21','2020-04-05 06:26:21','others',1,NULL),(921,'Public Private Dialogue (PPD)-Public Private Partnerships','public-private-dialogue-ppd-public-private-partnerships',0,'2020-04-05 06:26:21','2020-04-05 06:26:21','others',1,NULL),(922,'Peace Building, Emergency Response and Development','peace-building-emergency-response-and-development',0,'2020-04-05 06:48:00','2020-04-05 06:48:00','others',1,NULL),(923,'Social Mobilization/Community Liaison/Civil Society Organization Engagement','social-mobilizationcommunity-liaisoncivil-society-organization-engagement',0,'2020-04-05 06:48:00','2020-04-05 06:48:00','others',1,NULL),(924,'Integridade','integridade',0,'2020-04-05 06:52:39','2020-04-05 06:52:39','others',1,NULL),(925,'Trabalho de equipe','trabalho-de-equipe',0,'2020-04-05 06:52:39','2020-04-05 06:52:39','others',1,NULL),(926,'Water, Sanitation and Hygiene (WaSH)','water-sanitation-and-hygiene-wash',0,'2020-04-05 07:03:33','2020-04-05 07:03:33','others',1,NULL),(927,'Gender Equality and Social Inclusion (GESI)','gender-equality-and-social-inclusion-gesi',0,'2020-04-05 07:03:33','2020-04-05 07:03:33','others',1,NULL),(928,'Training Need Assessment (TNA), Develop Training Modules and Providing Training','training-need-assessment-tna-develop-training-modules-and-providing-training',0,'2020-04-05 07:03:33','2020-04-05 07:03:33','others',1,NULL),(929,'Socioeconomic Research Study following Gender-Sensitive and Participatory Approaches','socioeconomic-research-study-following-gender-sensitive-and-participatory-approaches',0,'2020-04-05 07:03:33','2020-04-05 07:03:33','others',1,NULL),(930,'Baseline, Mid-line and End-line Survey, Research Study/Evaluation','baseline-mid-line-and-end-line-survey-research-studyevaluation',0,'2020-04-05 07:03:33','2020-04-05 07:03:33','others',1,NULL),(931,'Poverty Reduction -Sustainable Livelihoods (Micro, Small & Medium sized Enterprise Development)','poverty-reduction-sustainable-livelihoods-micro-small-medium-sized-enterprise-development',0,'2020-04-05 07:03:33','2020-04-05 07:03:33','others',1,NULL),(932,'Social Safeguards','social-safeguards',0,'2020-04-05 07:03:33','2020-04-05 07:03:33','others',1,NULL),(933,'Public Policy Analysis, Decentralization, Democratic Governance','public-policy-analysis-decentralization-democratic-governance',0,'2020-04-05 07:03:33','2020-04-05 07:03:33','others',1,NULL),(934,'Capacity Development/Organizational Development','capacity-developmentorganizational-development',0,'2020-04-05 07:11:07','2020-04-05 07:11:07','others',1,NULL),(935,'Programme Development and Management (Project Cycle Management)','programme-development-and-management-project-cycle-management',0,'2020-04-05 07:34:43','2020-04-05 07:34:43','others',1,NULL),(936,'Conflict Management & Mitigation (CMM)','conflict-management-mitigation-cmm',0,'2020-04-05 07:34:43','2020-04-05 07:34:43','others',1,NULL),(937,'Poverty Reduction -Sustainable Livelihoods','poverty-reduction-sustainable-livelihoods',0,'2020-04-05 07:34:43','2020-04-05 07:34:43','others',1,NULL),(938,'Social and Economic Development','social-and-economic-development',0,'2020-04-05 08:37:24','2020-04-05 08:37:24','others',1,NULL),(939,'Public Health - Waterborne Diseases','public-health-waterborne-diseases',0,'2020-04-05 08:37:24','2020-04-05 08:37:24','others',1,NULL),(940,'Research and Development (R & D)','research-and-development-r-d',0,'2020-04-05 08:51:52','2020-04-05 08:51:52','others',1,NULL),(941,'Data base using XAMPP','data-base-using-xampp',0,'2020-04-06 05:59:58','2020-04-06 05:59:58','others',1,NULL),(942,'Change Management','change-management',0,'2020-04-06 07:14:10','2020-04-06 07:14:10','others',1,NULL),(943,'Contingency planning','contingency-planning',0,'2020-04-06 07:14:10','2020-04-06 07:14:10','others',1,NULL),(944,'Mentoring / Training','mentoring-training',0,'2020-04-06 07:14:10','2020-04-06 07:14:10','others',1,NULL),(945,'Advising','advising',0,'2020-04-06 07:14:10','2020-04-06 07:14:10','others',1,NULL),(946,'Periscope BI','periscope-bi',0,'2020-04-06 13:04:42','2020-04-06 13:04:42','others',1,NULL),(947,'Metabase','metabase',0,'2020-04-06 13:04:42','2020-04-06 13:04:42','others',1,NULL),(948,'Stakeholders analysis','stakeholders-analysis',0,'2020-04-07 04:37:50','2020-04-07 04:37:50','others',1,NULL),(949,'Facilitation','facilitation',0,'2020-04-07 04:58:38','2020-04-07 04:58:38','others',1,NULL),(950,'	Community development','community-development',0,'2020-04-07 04:58:38','2020-04-07 04:58:38','others',1,NULL),(951,'Socio- economic development','socio-economic-development',0,'2020-04-07 04:58:38','2020-04-07 04:58:38','others',1,NULL),(952,'Quantitative and qualitative research methods','quantitative-and-qualitative-research-methods',0,'2020-04-07 04:58:38','2020-04-07 04:58:38','others',1,NULL),(953,'Administrative support','administrative-support',0,'2020-04-07 04:58:38','2020-04-07 04:58:38','others',1,NULL),(954,'Energy Consumption','energy-consumption',0,'2020-04-07 05:33:51','2020-04-07 05:33:51','others',1,NULL),(955,'Event Management','event-management',0,'2020-04-07 05:39:52','2020-04-07 05:39:52','others',1,NULL),(956,'Publication','publication',0,'2020-04-07 05:39:52','2020-04-07 05:39:52','others',1,NULL),(957,'Diplomacy','diplomacy',0,'2020-04-07 07:07:35','2020-04-07 07:07:35','others',1,NULL),(958,'Remote Management','remote-management',0,'2020-04-07 16:59:09','2020-04-07 16:59:09','others',1,NULL),(959,'kit tools designing','kit-tools-designing',0,'2020-04-07 17:06:32','2020-04-07 17:06:32','others',1,NULL),(960,'Project Development','project-development',0,'2020-04-08 21:58:21','2020-04-08 21:58:21','others',1,NULL),(961,'Operational Planning','operational-planning',0,'2020-04-08 22:31:03','2020-04-08 22:31:03','others',1,NULL),(962,'Volunteer Management','volunteer-management',0,'2020-04-09 06:11:00','2020-04-09 06:11:00','others',1,NULL),(963,'IONIC','ionic',0,'2020-04-09 07:16:44','2020-04-09 07:16:44','others',1,NULL),(964,'Symfony','symfony',0,'2020-04-09 07:16:45','2020-04-09 07:16:45','others',1,NULL),(965,'SCRUM','scrum',0,'2020-04-09 07:16:45','2020-04-09 07:16:45','others',1,NULL),(966,'NodeJS','nodejs',0,'2020-04-09 07:16:45','2020-04-09 07:16:45','others',1,NULL),(967,'Linux servers (Ubuntu)','linux-servers-ubuntu',0,'2020-04-09 07:16:45','2020-04-09 07:16:45','others',1,NULL),(968,'Bilingual','bilingual',0,'2020-04-09 08:34:14','2020-04-09 08:34:14','others',1,NULL),(969,'MS SharePoint','ms-sharepoint',0,'2020-04-09 10:12:42','2020-04-09 10:12:42','others',1,NULL),(970,'computer networking','computer-networking',0,'2020-04-09 10:12:42','2020-04-09 10:12:42','others',1,NULL),(971,'CAD','cad',0,'2020-04-09 10:14:30','2020-04-09 10:14:30','others',1,NULL),(972,'listening capacity','listening-capacity',0,'2020-04-09 12:05:32','2020-04-09 12:05:32','others',1,NULL),(973,'Operational management','operational-management',0,'2020-04-09 12:48:33','2020-04-09 12:48:33','others',1,NULL),(974,'team work','team-work',0,'2020-04-09 12:48:33','2020-04-09 12:48:33','others',1,NULL),(975,'Emergency preparedness','emergency-preparedness',0,'2020-04-09 12:48:33','2020-04-09 12:48:33','others',1,NULL),(976,'emergency management','emergency-management',0,'2020-04-09 12:58:05','2020-04-09 12:58:05','others',1,NULL),(977,'international Relations','international-relations',0,'2020-04-09 13:23:34','2020-04-09 13:23:34','others',1,NULL),(978,'Quick-book','quick-book',0,'2020-04-10 22:11:08','2020-04-10 22:11:08','others',1,NULL),(979,'Public Health Information Management System','public-health-information-management-system',0,'2020-04-10 22:11:09','2020-04-10 22:11:09','others',1,NULL),(980,'women empowerment','women-empowerment',0,'2020-04-10 22:15:21','2020-04-10 22:15:21','others',1,NULL),(981,'Information Visalization','information-visalization',0,'2020-04-12 10:08:46','2020-04-12 10:08:46','others',1,NULL),(982,'qualitative analysis','qualitative-analysis',0,'2020-04-13 17:27:08','2020-04-13 17:27:08','others',1,NULL),(983,'Child protection','child-protection',0,'2020-04-13 17:31:01','2020-04-13 17:31:01','others',1,NULL),(984,'Conduct multisectorial need assessment evaluation','conduct-multisectorial-need-assessment-evaluation',0,'2020-04-13 17:45:48','2020-04-13 17:45:48','others',1,NULL),(985,'data verification','data-verification',0,'2020-04-13 18:14:49','2020-04-13 18:14:49','others',1,NULL),(986,'geocortex','geocortex',0,'2020-04-14 07:26:34','2020-04-14 07:26:34','others',1,NULL),(987,'flask','flask',0,'2020-04-14 07:33:28','2020-04-14 07:33:28','others',1,NULL),(988,'Monitotring and Evaluation','monitotring-and-evaluation',0,'2020-04-14 08:30:50','2020-04-14 08:30:50','others',1,NULL),(989,'GIT, GITKRAKEN','git-gitkraken',0,'2020-04-14 08:30:50','2020-04-14 08:30:50','others',1,NULL),(990,'geoprocessing','geoprocessing',0,'2020-04-14 12:25:25','2020-04-14 12:25:25','others',1,NULL),(991,'soils mapping','soils-mapping',0,'2020-04-14 12:29:11','2020-04-14 12:29:11','others',1,NULL),(992,'ecosystem services','ecosystem-services',0,'2020-04-14 12:40:41','2020-04-14 12:40:41','others',1,NULL),(993,'spatial modelling','spatial-modelling',0,'2020-04-14 12:43:46','2020-04-14 12:43:46','others',1,NULL),(994,'AngularJS','angularjs',0,'2020-04-14 22:11:00','2020-04-14 22:11:00','others',1,NULL),(995,'Business Strategy','business-strategy',0,'2020-04-15 02:28:09','2020-04-15 02:28:09','others',1,NULL),(996,'enabling access','enabling-access',0,'2020-04-15 02:50:17','2020-04-15 02:50:17','others',1,NULL),(997,'DHIS2','dhis2',0,'2020-04-15 03:17:39','2020-04-15 03:17:39','others',1,NULL),(998,'Threat and Risk Analysis','threat-and-risk-analysis',0,'2020-04-15 03:18:12','2020-04-15 03:18:12','others',1,NULL),(999,'PHP et HTML5','php-et-html5',0,'2020-04-15 03:19:12','2020-04-15 03:19:12','others',1,NULL),(1000,'XMART','xmart',0,'2020-04-15 03:30:24','2020-04-15 03:30:24','others',1,NULL),(1001,'WEBIFA','webifa',0,'2020-04-15 03:30:24','2020-04-15 03:30:24','others',1,NULL),(1002,'Design Thinking','design-thinking',0,'2020-04-15 04:09:49','2020-04-15 04:09:49','others',1,NULL),(1003,'Team Management','team-management',0,'2020-04-15 04:15:24','2020-04-15 04:15:24','others',1,NULL),(1004,'ICT HELPDESK','ict-helpdesk',0,'2020-04-15 04:21:37','2020-04-15 04:21:37','others',1,NULL),(1005,'System Design','system-design',0,'2020-04-15 04:23:09','2020-04-15 04:23:09','others',1,NULL),(1006,'Budget planning','budget-planning',0,'2020-04-15 06:59:31','2020-04-15 06:59:31','others',1,NULL),(1007,'Moderating','moderating',0,'2020-04-15 06:59:31','2020-04-15 06:59:31','others',1,NULL),(1008,'Database management','database-management',0,'2020-04-15 07:38:15','2020-04-15 07:38:15','others',1,NULL),(1009,'photogrammetry','photogrammetry',0,'2020-04-15 13:31:43','2020-04-15 13:31:43','others',1,NULL),(1010,'surveying','surveying',0,'2020-04-15 13:36:05','2020-04-15 13:36:05','others',1,NULL),(1011,'Big Data','big-data',0,'2020-04-16 01:19:12','2020-04-16 01:19:12','others',1,NULL),(1012,'Mobile Technologies','mobile-technologies',0,'2020-04-16 01:22:51','2020-04-16 01:22:51','others',1,NULL),(1013,'web management','web-management',0,'2020-04-16 06:32:11','2020-04-16 06:32:11','others',1,NULL),(1014,'ERP systems implementation','erp-systems-implementation',0,'2020-04-16 06:39:23','2020-04-16 06:39:23','others',1,NULL),(1015,'Market Research','market-research',0,'2020-04-16 06:39:23','2020-04-16 06:39:23','others',1,NULL),(1016,'Data migration','data-migration',0,'2020-04-16 06:45:52','2020-04-16 06:45:52','others',1,NULL),(1017,'Procurement, Supply Chain Management, Purchasing, Logistics Management, Negotiation, inventory','procurement-supply-chain-management-purchasing-logistics-management-negotiation-inventory',0,'2020-04-16 07:09:20','2020-04-16 07:09:20','others',1,NULL),(1018,'Supply Chain Management','supply-chain-management',0,'2020-04-16 13:56:40','2020-04-16 13:56:40','others',1,NULL),(1019,'Reverse Logistics','reverse-logistics',0,'2020-04-16 13:56:40','2020-04-16 13:56:40','others',1,NULL),(1020,'Forward logistics','forward-logistics',0,'2020-04-16 13:56:40','2020-04-16 13:56:40','others',1,NULL),(1021,'Warehouse Management','warehouse-management',0,'2020-04-16 14:02:37','2020-04-16 14:02:37','others',1,NULL),(1022,'Inbound Transportation','inbound-transportation',0,'2020-04-16 14:02:37','2020-04-16 14:02:37','others',1,NULL),(1023,'Fleet Management','fleet-management',0,'2020-04-16 14:02:37','2020-04-16 14:02:37','others',1,NULL),(1024,'the new skills 2','the-new-skills-2',1,'2022-08-16 04:52:35','2022-08-16 04:52:35','immap',1,'technical'),(1025,'sk','sk',1,'2022-08-22 02:55:35','2022-08-22 02:55:35','immap',1,'technical');
/*!40000 ALTER TABLE `skills` ENABLE KEYS */;
UNLOCK TABLES;

--
-- Table structure for table `template_contracts`
--

DROP TABLE IF EXISTS `template_contracts`;
/*!40101 SET @saved_cs_client     = @@character_set_client */;
/*!40101 SET character_set_client = utf8 */;
CREATE TABLE `template_contracts` (
  `id` bigint(20) unsigned NOT NULL AUTO_INCREMENT,
  `title` varchar(150) COLLATE utf8mb4_unicode_ci NOT NULL,
  `position` varchar(50) COLLATE utf8mb4_unicode_ci NOT NULL,
  `name_of_ceo` varchar(70) COLLATE utf8mb4_unicode_ci NOT NULL,
  `position_of_ceo` varchar(70) COLLATE utf8mb4_unicode_ci NOT NULL,
  `template` text COLLATE utf8mb4_unicode_ci NOT NULL,
  `created_at` timestamp NULL DEFAULT NULL,
  `updated_at` timestamp NULL DEFAULT NULL,
  PRIMARY KEY (`id`)
) ENGINE=InnoDB AUTO_INCREMENT=2 DEFAULT CHARSET=utf8mb4 COLLATE=utf8mb4_unicode_ci;
/*!40101 SET character_set_client = @saved_cs_client */;

--
-- Dumping data for table `template_contracts`
--

LOCK TABLES `template_contracts` WRITE;
/*!40000 ALTER TABLE `template_contracts` DISABLE KEYS */;
INSERT INTO `template_contracts` VALUES (1,'iMMAP Website Developer','Full Stack Developer','William Barron','Chief Executive Officer','<p>Template of contract</p>','2019-10-03 20:53:03','2019-10-03 20:53:03');
/*!40000 ALTER TABLE `template_contracts` ENABLE KEYS */;
UNLOCK TABLES;

--
-- Table structure for table `third_party_clients`
--

DROP TABLE IF EXISTS `third_party_clients`;
/*!40101 SET @saved_cs_client     = @@character_set_client */;
/*!40101 SET character_set_client = utf8 */;
CREATE TABLE `third_party_clients` (
  `id` bigint(20) unsigned NOT NULL AUTO_INCREMENT,
  `username` varchar(255) COLLATE utf8_unicode_ci NOT NULL,
  `password` varchar(255) COLLATE utf8_unicode_ci NOT NULL,
  `created_at` timestamp NULL DEFAULT NULL,
  `updated_at` timestamp NULL DEFAULT NULL,
  PRIMARY KEY (`id`),
  UNIQUE KEY `third_party_clients_username_unique` (`username`)
) ENGINE=InnoDB AUTO_INCREMENT=2 DEFAULT CHARSET=utf8 COLLATE=utf8_unicode_ci;
/*!40101 SET character_set_client = @saved_cs_client */;

--
-- Dumping data for table `third_party_clients`
--

LOCK TABLES `third_party_clients` WRITE;
/*!40000 ALTER TABLE `third_party_clients` DISABLE KEYS */;
INSERT INTO `third_party_clients` VALUES (1,'test-m','$2y$10$alyFYqRhrW./k.GtSp3N4O7/hF78zJPTtTCESKblgPFoDxOt.tmgW','2022-10-13 07:12:58','2022-10-13 07:12:58');
/*!40000 ALTER TABLE `third_party_clients` ENABLE KEYS */;
UNLOCK TABLES;

--
-- Table structure for table `third_party_permissions`
--

DROP TABLE IF EXISTS `third_party_permissions`;
/*!40101 SET @saved_cs_client     = @@character_set_client */;
/*!40101 SET character_set_client = utf8 */;
CREATE TABLE `third_party_permissions` (
  `id` bigint(20) unsigned NOT NULL AUTO_INCREMENT,
  `name` varchar(255) COLLATE utf8_unicode_ci NOT NULL,
  `third_party_id` bigint(20) unsigned NOT NULL,
  `created_at` timestamp NULL DEFAULT NULL,
  `updated_at` timestamp NULL DEFAULT NULL,
  PRIMARY KEY (`id`),
  KEY `third_party_permissions_third_party_id_foreign` (`third_party_id`),
  CONSTRAINT `third_party_permissions_third_party_id_foreign` FOREIGN KEY (`third_party_id`) REFERENCES `third_party_clients` (`id`) ON DELETE CASCADE
) ENGINE=InnoDB AUTO_INCREMENT=3 DEFAULT CHARSET=utf8 COLLATE=utf8_unicode_ci;
/*!40101 SET character_set_client = @saved_cs_client */;

--
-- Dumping data for table `third_party_permissions`
--

LOCK TABLES `third_party_permissions` WRITE;
/*!40000 ALTER TABLE `third_party_permissions` DISABLE KEYS */;
INSERT INTO `third_party_permissions` VALUES (1,'Manage Onboarding List Sharepoint',1,'2022-10-13 07:12:58','2022-10-13 07:12:58'),(2,'Access for Surge Platform',1,'2022-10-13 07:12:58','2022-10-13 07:12:58');
/*!40000 ALTER TABLE `third_party_permissions` ENABLE KEYS */;
UNLOCK TABLES;

--
-- Table structure for table `un_organizations`
--

DROP TABLE IF EXISTS `un_organizations`;
/*!40101 SET @saved_cs_client     = @@character_set_client */;
/*!40101 SET character_set_client = utf8 */;
CREATE TABLE `un_organizations` (
  `id` int(10) unsigned NOT NULL AUTO_INCREMENT,
  `name` varchar(255) COLLATE utf8mb4_unicode_ci NOT NULL,
  `slug` varchar(255) COLLATE utf8mb4_unicode_ci NOT NULL,
  `abbreviation` varchar(255) COLLATE utf8mb4_unicode_ci NOT NULL,
  `created_at` timestamp NULL DEFAULT NULL,
  `updated_at` timestamp NULL DEFAULT NULL,
  PRIMARY KEY (`id`),
  UNIQUE KEY `un_organizations_slug_unique` (`slug`)
) ENGINE=InnoDB AUTO_INCREMENT=23 DEFAULT CHARSET=utf8mb4 COLLATE=utf8mb4_unicode_ci;
/*!40101 SET character_set_client = @saved_cs_client */;

--
-- Dumping data for table `un_organizations`
--

LOCK TABLES `un_organizations` WRITE;
/*!40000 ALTER TABLE `un_organizations` DISABLE KEYS */;
INSERT INTO `un_organizations` VALUES (1,'Food and Agriculture Organization','food-and-agriculture-organization','FAO','2019-02-23 14:59:27','2019-02-23 14:59:27'),(2,'International Civil Aviation Organization','international-civil-aviation-organization','ICAO','2019-02-23 15:14:49','2019-02-23 15:17:52'),(3,'International Fund for Agricultural Development','international-fund-for-agricultural-development','IFAD','2019-02-23 15:18:31','2019-02-23 15:18:31'),(4,'International Labour Organization','international-labour-organization','ILO','2019-02-23 15:18:53','2019-02-23 15:18:58'),(6,'International Maritime Organization','international-maritime-organization','IMO','2019-02-23 15:20:16','2019-02-23 15:20:16'),(7,'International Monetary Fund','international-monetary-fund','IMF','2019-02-23 15:20:28','2019-02-23 15:20:28'),(8,'International Telecommunication Union','international-telecommunication-union','ITU','2019-02-23 15:20:43','2019-02-23 15:20:43'),(9,'United Nations Educational, Scientific and Cultural Organization','united-nations-educational-scientific-and-cultural-organization','UNESCO','2019-02-23 15:21:00','2019-02-23 15:21:00'),(10,'United Nations Industrial Development Organization','united-nations-industrial-development-organization','UNIDO','2019-02-23 15:21:19','2019-02-23 15:21:19'),(11,'Universal Postal Union','universal-postal-union','UPU','2019-02-23 15:21:32','2019-02-23 15:21:32'),(12,'World Bank Group','world-bank-group','WBG','2019-02-23 15:22:10','2019-02-23 15:22:10'),(13,'World Health Organization','world-health-organization','WHO','2019-02-23 15:22:28','2019-02-23 15:22:28'),(14,'World Intellectual Property Organization','world-intellectual-property-organization','WIPO','2019-02-23 15:22:48','2019-02-23 15:22:48'),(15,'World Meteorological Organization','world-meteorological-organization','WMO','2019-02-23 15:23:25','2019-02-23 15:23:25'),(16,'World Tourism Organization','world-tourism-organization','UNWTO','2019-02-23 15:23:39','2019-02-23 15:25:04'),(17,'United Nations','united-nations','UN','2019-02-23 15:24:02','2019-02-23 15:24:02'),(18,'International Organization for Migration','international-organization-for-migration','IOM','2019-02-23 15:25:49','2019-02-23 15:25:49'),(19,'World Trade Organization','world-trade-organization','WTO','2019-02-23 15:26:04','2019-02-23 15:26:04'),(20,'International Atomic Energy Agency','international-atomic-energy-agency','IAEA','2019-02-23 15:26:27','2019-02-23 15:26:27'),(21,'UN Habitat','un-habitat','UNH','2019-04-16 08:00:34','2019-04-16 08:01:07'),(22,'United Nations Children\'s Fund','united-nations-childrens-fund','UNICEF','2020-02-12 14:49:03','2020-02-12 14:49:03');
/*!40000 ALTER TABLE `un_organizations` ENABLE KEYS */;
UNLOCK TABLES;

--
-- Table structure for table `user_answer_im_test`
--

DROP TABLE IF EXISTS `user_answer_im_test`;
/*!40101 SET @saved_cs_client     = @@character_set_client */;
/*!40101 SET character_set_client = utf8 */;
CREATE TABLE `user_answer_im_test` (
  `id` bigint(20) unsigned NOT NULL AUTO_INCREMENT,
  `user_id` int(10) unsigned NOT NULL,
  `question_im_test_id` bigint(20) unsigned DEFAULT NULL,
  `multiple_choice_im_test_id` bigint(20) unsigned DEFAULT NULL,
  `created_at` timestamp NULL DEFAULT NULL,
  `updated_at` timestamp NULL DEFAULT NULL,
  PRIMARY KEY (`id`),
  KEY `user_answer_im_test_question_im_test_id_foreign` (`question_im_test_id`),
  KEY `user_answer_im_test_multiple_choice_im_test_id_foreign` (`multiple_choice_im_test_id`),
  KEY `user_answer_im_test_user_id_foreign` (`user_id`)
) ENGINE=InnoDB DEFAULT CHARSET=utf8mb4 COLLATE=utf8mb4_unicode_ci;
/*!40101 SET character_set_client = @saved_cs_client */;

--
-- Dumping data for table `user_answer_im_test`
--

LOCK TABLES `user_answer_im_test` WRITE;
/*!40000 ALTER TABLE `user_answer_im_test` DISABLE KEYS */;
/*!40000 ALTER TABLE `user_answer_im_test` ENABLE KEYS */;
UNLOCK TABLES;

--
-- Table structure for table `user_answer_question_reference`
--

DROP TABLE IF EXISTS `user_answer_question_reference`;
/*!40101 SET @saved_cs_client     = @@character_set_client */;
/*!40101 SET character_set_client = utf8 */;
CREATE TABLE `user_answer_question_reference` (
  `id` bigint(20) unsigned NOT NULL AUTO_INCREMENT,
  `email_reference` varchar(100) COLLATE utf8mb4_unicode_ci DEFAULT NULL,
  `question_reference_id` bigint(20) unsigned DEFAULT NULL,
  `answer` text COLLATE utf8mb4_unicode_ci NOT NULL,
  `created_at` timestamp NULL DEFAULT NULL,
  `updated_at` timestamp NULL DEFAULT NULL,
  `p11_references_id` int(10) unsigned DEFAULT NULL,
  `profil_id` int(10) unsigned NOT NULL,
  `category_question_reference_id` bigint(20) unsigned DEFAULT NULL,
  PRIMARY KEY (`id`),
  KEY `user_answer_question_reference_question_reference_id_foreign` (`question_reference_id`),
  KEY `user_answer_question_reference_p11_references_id_foreign` (`p11_references_id`),
  KEY `user_answer_question_reference_profil_id_foreign` (`profil_id`)
) ENGINE=InnoDB AUTO_INCREMENT=5 DEFAULT CHARSET=utf8mb4 COLLATE=utf8mb4_unicode_ci;
/*!40101 SET character_set_client = @saved_cs_client */;

--
-- Dumping data for table `user_answer_question_reference`
--

LOCK TABLES `user_answer_question_reference` WRITE;
/*!40000 ALTER TABLE `user_answer_question_reference` DISABLE KEYS */;
INSERT INTO `user_answer_question_reference` VALUES (1,NULL,1,'<p>nbbhjvbkhbhkv</p>','2020-02-09 21:47:15','2020-02-09 21:47:15',5,1,1),(2,NULL,2,'<p>jhbljbhkjvbvhkivljb</p>','2020-02-09 21:47:15','2020-02-09 21:47:15',5,1,1),(3,NULL,1,'<p>tes</p>','2020-04-26 19:40:17','2020-04-26 19:40:17',2211,1588,1),(4,NULL,2,'<p>tes</p>','2020-04-26 19:40:17','2020-04-26 19:40:17',2211,1588,1);
/*!40000 ALTER TABLE `user_answer_question_reference` ENABLE KEYS */;
UNLOCK TABLES;

--
-- Table structure for table `user_archive_histories`
--

DROP TABLE IF EXISTS `user_archive_histories`;
/*!40101 SET @saved_cs_client     = @@character_set_client */;
/*!40101 SET character_set_client = utf8 */;
CREATE TABLE `user_archive_histories` (
  `id` bigint(20) unsigned NOT NULL AUTO_INCREMENT,
  `user_id` int(10) unsigned NOT NULL,
  `user_who_moved_the_user` int(10) unsigned NOT NULL,
  `state` varchar(255) COLLATE utf8_unicode_ci DEFAULT NULL,
  `created_at` timestamp NULL DEFAULT NULL,
  `updated_at` timestamp NULL DEFAULT NULL,
  PRIMARY KEY (`id`),
  KEY `user_archive_histories_user_id_foreign` (`user_id`),
  KEY `user_archive_histories_user_who_moved_the_user_foreign` (`user_who_moved_the_user`),
  CONSTRAINT `user_archive_histories_user_id_foreign` FOREIGN KEY (`user_id`) REFERENCES `users` (`id`) ON DELETE CASCADE,
  CONSTRAINT `user_archive_histories_user_who_moved_the_user_foreign` FOREIGN KEY (`user_who_moved_the_user`) REFERENCES `users` (`id`) ON DELETE CASCADE
) ENGINE=InnoDB DEFAULT CHARSET=utf8 COLLATE=utf8_unicode_ci;
/*!40101 SET character_set_client = @saved_cs_client */;

--
-- Dumping data for table `user_archive_histories`
--

LOCK TABLES `user_archive_histories` WRITE;
/*!40000 ALTER TABLE `user_archive_histories` DISABLE KEYS */;
/*!40000 ALTER TABLE `user_archive_histories` ENABLE KEYS */;
UNLOCK TABLES;

--
-- Table structure for table `user_contract_histories`
--

DROP TABLE IF EXISTS `user_contract_histories`;
/*!40101 SET @saved_cs_client     = @@character_set_client */;
/*!40101 SET character_set_client = utf8 */;
CREATE TABLE `user_contract_histories` (
  `id` bigint(20) unsigned NOT NULL AUTO_INCREMENT,
  `user_id` int(10) unsigned NOT NULL,
  `immap_office_id` bigint(20) unsigned DEFAULT NULL,
  `is_immap_france` tinyint(1) NOT NULL DEFAULT 0,
  `is_immap_inc` tinyint(1) NOT NULL DEFAULT 0,
  `project_code` varchar(255) COLLATE utf8_unicode_ci DEFAULT NULL,
  `immap_email` varchar(255) COLLATE utf8_unicode_ci NOT NULL,
  `job_title` varchar(255) COLLATE utf8_unicode_ci NOT NULL,
  `duty_station` varchar(255) COLLATE utf8_unicode_ci NOT NULL,
  `line_manager` varchar(255) COLLATE utf8_unicode_ci NOT NULL,
  `start_of_contract` date NOT NULL,
  `end_of_contract` date NOT NULL,
  `role` varchar(255) COLLATE utf8_unicode_ci DEFAULT NULL,
  `immap_contract_international` tinyint(1) NOT NULL DEFAULT 0,
  `under_sbp_program` tinyint(1) NOT NULL DEFAULT 0,
  `created_at` timestamp NULL DEFAULT NULL,
  `updated_at` timestamp NULL DEFAULT NULL,
  `paid_from` varchar(255) COLLATE utf8_unicode_ci DEFAULT NULL,
  `cost_center` bigint(20) unsigned DEFAULT NULL,
  `project_task` varchar(255) COLLATE utf8_unicode_ci DEFAULT NULL,
  `supervisor_id` int(10) unsigned DEFAULT NULL,
  `unanet_approver_id` int(10) unsigned DEFAULT NULL,
  `hosting_agency` varchar(255) COLLATE utf8_unicode_ci DEFAULT NULL,
  `currency` varchar(255) COLLATE utf8_unicode_ci DEFAULT NULL,
  `monthly_rate` int(11) DEFAULT NULL,
  `housing` tinyint(1) NOT NULL DEFAULT 0,
  `perdiem` tinyint(1) NOT NULL DEFAULT 0,
  `phone` tinyint(1) NOT NULL DEFAULT 0,
  `is_other` tinyint(1) NOT NULL DEFAULT 0,
  `not_applicable` tinyint(1) NOT NULL DEFAULT 0,
  `other` varchar(255) COLLATE utf8_unicode_ci DEFAULT NULL,
  PRIMARY KEY (`id`),
  KEY `user_contract_histories_user_id_foreign` (`user_id`),
  KEY `user_contract_histories_immap_office_id_foreign` (`immap_office_id`),
  KEY `user_contract_histories_supervisor_id_foreign` (`supervisor_id`),
  KEY `user_contract_histories_unanet_approver_id_foreign` (`unanet_approver_id`),
  KEY `user_contract_histories_cost_center_foreign` (`cost_center`),
  CONSTRAINT `user_contract_histories_cost_center_foreign` FOREIGN KEY (`cost_center`) REFERENCES `immap_offices` (`id`) ON DELETE CASCADE,
  CONSTRAINT `user_contract_histories_immap_office_id_foreign` FOREIGN KEY (`immap_office_id`) REFERENCES `immap_offices` (`id`) ON DELETE CASCADE,
  CONSTRAINT `user_contract_histories_supervisor_id_foreign` FOREIGN KEY (`supervisor_id`) REFERENCES `users` (`id`) ON DELETE CASCADE,
  CONSTRAINT `user_contract_histories_unanet_approver_id_foreign` FOREIGN KEY (`unanet_approver_id`) REFERENCES `users` (`id`) ON DELETE CASCADE,
  CONSTRAINT `user_contract_histories_user_id_foreign` FOREIGN KEY (`user_id`) REFERENCES `users` (`id`) ON DELETE CASCADE
) ENGINE=InnoDB AUTO_INCREMENT=2 DEFAULT CHARSET=utf8 COLLATE=utf8_unicode_ci;
/*!40101 SET character_set_client = @saved_cs_client */;

--
-- Dumping data for table `user_contract_histories`
--

LOCK TABLES `user_contract_histories` WRITE;
/*!40000 ALTER TABLE `user_contract_histories` DISABLE KEYS */;
INSERT INTO `user_contract_histories` VALUES (1,3,12,0,1,NULL,'lem@immap.org','','','','2022-08-01','2026-08-05','Manager',0,1,'2022-10-17 03:22:37','2022-10-17 03:22:37',NULL,NULL,NULL,NULL,NULL,NULL,NULL,NULL,0,0,0,0,0,NULL);
/*!40000 ALTER TABLE `user_contract_histories` ENABLE KEYS */;
UNLOCK TABLES;

--
-- Table structure for table `user_star_histories`
--

DROP TABLE IF EXISTS `user_star_histories`;
/*!40101 SET @saved_cs_client     = @@character_set_client */;
/*!40101 SET character_set_client = utf8 */;
CREATE TABLE `user_star_histories` (
  `id` bigint(20) unsigned NOT NULL AUTO_INCREMENT,
  `user_id` int(10) unsigned NOT NULL,
  `user_who_moved_the_user` int(10) unsigned NOT NULL,
  `state` varchar(255) COLLATE utf8_unicode_ci DEFAULT NULL,
  `created_at` timestamp NULL DEFAULT NULL,
  `updated_at` timestamp NULL DEFAULT NULL,
  PRIMARY KEY (`id`),
  KEY `user_star_histories_user_id_foreign` (`user_id`),
  KEY `user_star_histories_user_who_moved_the_user_foreign` (`user_who_moved_the_user`),
  CONSTRAINT `user_star_histories_user_id_foreign` FOREIGN KEY (`user_id`) REFERENCES `users` (`id`) ON DELETE CASCADE,
  CONSTRAINT `user_star_histories_user_who_moved_the_user_foreign` FOREIGN KEY (`user_who_moved_the_user`) REFERENCES `users` (`id`) ON DELETE CASCADE
) ENGINE=InnoDB DEFAULT CHARSET=utf8 COLLATE=utf8_unicode_ci;
/*!40101 SET character_set_client = @saved_cs_client */;

--
-- Dumping data for table `user_star_histories`
--

LOCK TABLES `user_star_histories` WRITE;
/*!40000 ALTER TABLE `user_star_histories` DISABLE KEYS */;
/*!40000 ALTER TABLE `user_star_histories` ENABLE KEYS */;
UNLOCK TABLES;

--
-- Table structure for table `users`
--

DROP TABLE IF EXISTS `users`;
/*!40101 SET @saved_cs_client     = @@character_set_client */;
/*!40101 SET character_set_client = utf8 */;
CREATE TABLE `users` (
  `id` int(10) unsigned NOT NULL AUTO_INCREMENT,
  `email` varchar(255) COLLATE utf8mb4_unicode_ci NOT NULL,
  `email_verified_at` timestamp NULL DEFAULT NULL,
  `password` varchar(255) COLLATE utf8mb4_unicode_ci NOT NULL,
  `remember_token` varchar(100) COLLATE utf8mb4_unicode_ci DEFAULT NULL,
  `created_at` timestamp NULL DEFAULT NULL,
  `updated_at` timestamp NULL DEFAULT NULL,
  `first_name` varchar(255) COLLATE utf8mb4_unicode_ci NOT NULL,
  `middle_name` varchar(255) COLLATE utf8mb4_unicode_ci DEFAULT NULL,
  `family_name` varchar(255) COLLATE utf8mb4_unicode_ci NOT NULL,
  `full_name` varchar(255) COLLATE utf8mb4_unicode_ci NOT NULL,
  `photo` int(10) unsigned DEFAULT NULL,
  `p11Completed` tinyint(1) NOT NULL DEFAULT 0,
  `p11Status` longtext CHARACTER SET utf8mb4 COLLATE utf8mb4_bin DEFAULT NULL CHECK (json_valid(`p11Status`)),
  `access_platform` tinyint(1) NOT NULL DEFAULT 1,
  `immap_email` varchar(255) COLLATE utf8mb4_unicode_ci DEFAULT NULL,
  `last_login_at` timestamp NULL DEFAULT NULL,
  `archived_user` varchar(255) COLLATE utf8mb4_unicode_ci NOT NULL DEFAULT 'no' COMMENT 'Archived Completed Profile (value: yes / no)',
  `starred_user` varchar(255) COLLATE utf8mb4_unicode_ci NOT NULL DEFAULT 'no' COMMENT 'Star / Unstar Completed Profile (value: yes / no)',
  `status` varchar(255) COLLATE utf8mb4_unicode_ci NOT NULL DEFAULT 'Not Submitted' COMMENT 'Status of the user: [Not Submitted, Active, Inactive, Hidden]',
  `hidden_date` timestamp NULL DEFAULT NULL COMMENT 'Date where the profile is hidden',
  `schedule_deletion_date` timestamp NULL DEFAULT NULL COMMENT 'Date where the profile will be deleted after retention period / it is hidden',
  `inactive_date` timestamp NULL DEFAULT NULL,
  `delete_account_request` varchar(255) COLLATE utf8mb4_unicode_ci NOT NULL DEFAULT 'not yet' COMMENT 'Delete account request (value: yes / not yet)',
  `delete_account_request_time` timestamp NULL DEFAULT NULL COMMENT 'The date when the user create the delete account request',
  `delete_account_token` varchar(255) COLLATE utf8mb4_unicode_ci DEFAULT NULL COMMENT 'Token for verified delete user request',
  `delete_account_token_expired_at` timestamp NULL DEFAULT NULL COMMENT 'Time where delete user token expired',
  `inactive_user_has_been_reminded` varchar(255) COLLATE utf8mb4_unicode_ci NOT NULL DEFAULT 'false' COMMENT 'Is this inactive user has been reminded (value: true / false)',
  `inactive_user_has_been_reminded_date` timestamp NULL DEFAULT NULL COMMENT 'the date when the system send inactive reminder email',
  PRIMARY KEY (`id`),
  UNIQUE KEY `users_email_unique` (`email`),
  UNIQUE KEY `users_immap_email_unique` (`immap_email`),
  FULLTEXT KEY `full_name` (`full_name`,`first_name`,`family_name`,`middle_name`)
) ENGINE=InnoDB AUTO_INCREMENT=2077 DEFAULT CHARSET=utf8mb4 COLLATE=utf8mb4_unicode_ci;
/*!40101 SET character_set_client = @saved_cs_client */;

--
-- Dumping data for table `users`
--

LOCK TABLES `users` WRITE;
/*!40000 ALTER TABLE `users` DISABLE KEYS */;
INSERT INTO `users` VALUES (3,'murhulametre@gmail.com','2018-12-05 12:21:29','$2y$10$35OSG7GmdHmJhP7j9hqoYubQy4DBl7565huAyqKsRTX3u0ZDUea8q',NULL,'2018-12-01 17:34:01','2023-07-06 10:28:44','Adityo','Ashari','Wirjno','Adityo',NULL,1,'{\"form1\": 0, \"form2\": 1, \"form3\": 1, \"form4\": 1, \"form5\": 1, \"form6\": 1, \"form7\": 1, \"form8\": 1, \"form9\": 1, \"form10\": 1, \"form11\": 1}',1,'dummy@immap.org','2023-07-30 06:09:54','no','no','Active',NULL,NULL,NULL,'not yet',NULL,NULL,NULL,'false',NULL),(1593,'adityoashari@yahoo.com','2020-03-26 02:01:41','$2y$10$35OSG7GmdHmJhP7j9hqoYubQy4DBl7565huAyqKsRTX3u0ZDUea8q',NULL,'2020-03-26 02:01:13','2022-12-08 07:19:16','Adityo',NULL,'Wirjono','Adityo Wirjono',NULL,0,'{\"form1\": 1, \"form2\": 1, \"form3\": 1, \"form4\": 1, \"form5\": 1, \"form6\": 1, \"form7\": 1, \"form8\": 1, \"form9\": 1, \"form10\": 1, \"form11\": 1}',1,'dummy2@immap.org','2022-12-08 07:19:16','no','no','Active',NULL,NULL,NULL,'not yet',NULL,NULL,NULL,'false',NULL),(2068,'amrilsyaifayasin@gmail.com','2020-04-28 00:24:27','$2y$10$NdxC/OW/9FS9Vl8VPWLcR.ajVski/Oe/k8d6YN.N.2YSRNo.AYb4S',NULL,'2020-04-28 00:24:07','2020-07-23 01:39:22','amril','syaifa','yasin','amril syaifa yasin',NULL,1,'{\"form1\": 1, \"form2\": 1, \"form3\": 1, \"form4\": 1, \"form5\": 1, \"form6\": 1, \"form7\": 1, \"form8\": 1, \"form9\": 1, \"form10\": 1, \"form11\": 1}',1,NULL,'2020-07-27 21:12:21','no','no','Active',NULL,NULL,NULL,'not yet',NULL,NULL,NULL,'false',NULL),(2069,'martunisjenissari@gmail.com','2020-05-11 02:18:14','$2y$10$35OSG7GmdHmJhP7j9hqoYubQy4DBl7565huAyqKsRTX3u0ZDUea8q',NULL,'2020-05-11 02:17:21','2022-10-13 07:12:06','Martunis',NULL,'Mukhtar','Martunis Mukhtar',NULL,1,'{\"form1\":1,\"form2\":1,\"form3\":1,\"form4\":1,\"form5\":1,\"form6\":1,\"form7\":1,\"form8\":1,\"form9\":1,\"form10\":1,\"form11\":1}',1,NULL,'2022-10-13 07:12:06','no','no','Active',NULL,NULL,NULL,'not yet',NULL,NULL,NULL,'false',NULL),(2070,'martunismukhtar@yahoo.com','2020-05-18 21:36:59','$2y$10$mO/COB.lAOm7.0EHCfWru.8eLa5NT5jLbaDkW9jTelxjopxS1fzbm',NULL,'2020-05-18 21:32:33','2020-07-23 03:07:48','Miftahul',NULL,'Hamdi','Miftahul Hamdi',NULL,0,'{\"form1\": 1, \"form2\": 1, \"form3\": 1, \"form4\": 1, \"form5\": 1, \"form6\": 1, \"form7\": 1, \"form8\": 1, \"form9\": 1, \"form10\": 1, \"form11\": 1}',1,NULL,'2020-07-23 03:07:23','no','no','Not Submitted',NULL,NULL,NULL,'not yet',NULL,NULL,NULL,'false',NULL),(2073,'lemoisson@gmail.com','2020-07-23 08:08:46','$2y$10$35OSG7GmdHmJhP7j9hqoYubQy4DBl7565huAyqKsRTX3u0ZDUea8q',NULL,'2020-07-23 08:07:49','2022-10-17 07:29:38','roula',NULL,'moussa','roula moussa',NULL,1,'{\"form1\":1,\"form2\":1,\"form3\":1,\"form4\":1,\"form5\":1,\"form6\":1,\"form7\":1,\"form8\":1,\"form9\":1,\"form10\":1,\"form11\":1}',1,'lem@immap.org','2022-10-17 07:29:38','no','no','Active',NULL,NULL,NULL,'not yet',NULL,NULL,NULL,'false',NULL),(2074,'amril.syaifa.kopkarla@GMAIL.COM','2020-07-27 21:16:53','$2y$10$YcFnKSfBWT3Y4LDEYmsL3uxbyAerPexIX3YHQaQ/TEILVOpQ1Kw7.',NULL,'2020-07-27 21:15:23','2020-07-27 21:24:03','amril','syaifa','yasin','amril syaifa yasin',NULL,0,'{\"form1\": 0, \"form2\": 0, \"form3\": 0, \"form4\": 0, \"form5\": 0, \"form6\": 0, \"form7\": 0, \"form8\": 0, \"form9\": 0, \"form10\": 0, \"form11\": 0}',1,NULL,'2020-07-27 21:17:31','no','no','Not Submitted',NULL,NULL,NULL,'not yet',NULL,NULL,NULL,'false',NULL),(2075,'lem@gmail.com','2020-07-27 21:16:53','$2y$10$V0xEnL0Al90iHCfg6gHt/OhAzTg.IhCJEglu25n32C1jYutoXgClG',NULL,'2022-08-16 05:06:01','2022-08-22 14:01:51','name','lastname','family','name lastname family',NULL,0,'{\"form1\":1,\"form2\":1,\"form3\":1,\"form4\":1,\"form5\":1,\"form6\":1,\"form7\":1,\"form8\":1,\"form9\":1,\"form10\":1,\"form11\":1}',1,NULL,'2023-02-20 10:21:41','no','no','Not Submitted',NULL,NULL,NULL,'not yet',NULL,NULL,NULL,'false',NULL),(2076,'metre@gmail.com','2023-02-22 02:30:22','$2y$10$F6cq3tAbCow8XrvIuPswUutQX4mwaLBpL5vEq5h/3xgWuBG1H4mte',NULL,'2023-02-22 02:29:48','2023-02-22 03:10:05','metre',NULL,'lemoisosn','metre lemoisosn',NULL,0,'{\"form1\":1,\"form2\":1,\"form3\":1,\"form4\":0,\"form5\":0,\"form6\":1,\"form7\":0,\"form8\":0}',1,NULL,'2023-02-22 02:59:06','no','no','Not Submitted',NULL,NULL,NULL,'not yet',NULL,NULL,NULL,'false',NULL);
/*!40000 ALTER TABLE `users` ENABLE KEYS */;
UNLOCK TABLES;

--
-- Dumping routines for database 'immap_clone'
--
